row_id,live_id,label,content,official_background,qwen_background_structured,prediction,positive_probability
douyin-test-000018,56697889278,1,紫砂壶,该用户可能是在询问或提醒主播展示或介绍紫砂壶产品。,对象：紫砂壶；言语行为：提及；原句证据：紫砂壶,1,0.95703125
douyin-test-000022,56697889278,0,吃中午了,该用户可能在询问直播中展示的商品是否适合作为午餐食材。,对象：未指明；言语行为：陈述；原句证据：吃中午了,0,0.12457275390625
douyin-test-000059,56697889278,1,好吃么,该用户想询问该食品的口味如何，以评估是否值得购买。,对象：商品；言语行为：询问；原句证据：好吃么,1,0.96630859375
douyin-test-000066,56697889278,0,卷钱跑路,该用户可能是在调侃或讽刺主播推销产品的行为过于急切，像是在急着敛财后离开。,对象：未指明；言语行为：负面评价；原句证据：卷钱跑路,0,0.128662109375
douyin-test-000069,56697889278,0,感觉他两个人好无聊,该用户觉得直播间的两位主播互动缺乏趣味性，观看体验比较乏味。,对象：两个人；言语行为：评价；原句证据：感觉他两个人好无聊,0,0.1075439453125
douyin-test-000081,56697889278,1,好吃,该用户想表达的含义是：对当前展示的商品表示满意或认可其品质。,对象：未指明；言语行为：评价；原句证据：好吃,1,0.95751953125
douyin-test-000091,56697889278,0,小贝好看,该用户想表达的含义是：称赞主播或商品的外观吸引人。,对象：小贝；言语行为：称赞；原句证据：小贝好看,1,0.90673828125
douyin-test-000094,56697889278,1,贝贝，烤奶，空气炸锅烤多长时间？,该用户想询问主播用空气炸锅制作苹果烤奶的具体烹饪时间。,对象：贝贝；言语行为：询问；原句证据：贝贝，烤奶，空气炸锅烤多长时间？,1,0.73779296875
douyin-test-000107,56697889278,1,是净重五斤吗,该用户是在确认商品的包装规格是否为去掉包装后的实际重量五斤。,对象：商品；言语行为：询问；原句证据：是净重五斤吗,1,0.7900390625
douyin-test-000117,56697889278,0,你尝一尝,该用户可能是想让主播现场试吃展示苹果的口感或品质。,对象：主播；言语行为：请求；原句证据：你尝一尝,1,0.82080078125
douyin-test-000149,56697889278,0,数字代表什么意思？,该用户可能在询问直播间提到的产品编号（如“72号”“9号”）所对应的具体品种或品质差异。,对象：数字；言语行为：询问；原句证据：数字代表什么意思？,0,0.133056640625
douyin-test-000160,56697889278,1,烤肠,该用户可能是想询问直播间是否有售卖烤肠，或是表达对烤肠产品的兴趣。,对象：未指明；言语行为：询问；原句证据：烤肠,1,0.57666015625
douyin-test-000164,56697889278,1,这个是水果？,该用户可能是在询问当前展示的商品是否为水果类产品，或是想确认某种特定水果的品种或品质。,对象：主播；言语行为：询问；原句证据：这个是水果？,1,0.9482421875
douyin-test-000181,56697889278,1,请问宿舍没冰箱能放多久,该用户是在询问产品在无冷藏条件下的保质期限，以评估是否适合宿舍环境使用。,对象：腊排骨；言语行为：询问；原句证据：请问宿舍没冰箱能放多久,0,0.290771484375
douyin-test-000234,56697889278,1,麻辣香肠有吗麻辣香肠有吗,该用户急切地询问直播间是否售卖麻辣香肠，表现出明确的购买意向和重复强调的需求。,对象：麻辣香肠；言语行为：询问；原句证据：麻辣香肠有吗麻辣香肠有吗,1,0.9677734375
douyin-test-000235,56697889278,1,你们今年还卖西湖龙井茶吗？,该用户是在询问直播间是否会上架西湖龙井茶，表现出明确的购买意向和对该商品的兴趣。,对象：西湖龙井茶；言语行为：询问；原句证据：你们今年还卖西湖龙井茶吗？,1,0.51513671875
douyin-test-000250,56697889278,0,空气炸锅15分钟特别香,该用户想表达的含义是：空气炸锅烹饪的食物在短时间内就能散发出诱人香气，暗示对产品效果感兴趣或想确认使用体验。,对象：空气炸锅；言语行为：评价；原句证据：空气炸锅15分钟特别香,0,0.1536865234375
douyin-test-000311,56697889278,1,四季豆好吃,该用户是在认可或分享四季豆的食用体验，暗示对产品品质的满意或潜在的复购意向。,对象：四季豆；言语行为：评价；原句证据：四季豆好吃,1,0.96728515625
douyin-test-000335,56697889278,0,过了油的,该用户想表达的含义是：这道菜已经完成了油炸的烹饪步骤。  （结合前文语境，弹幕多围绕烹饪方法和食材讨论，如“微炸”“干煸豆角”等，用户可能是补充说明当前菜品制作状态或分享烹饪技巧。）,对象：豆角；言语行为：评价；原句证据：过了油的,0,0.3916015625
douyin-test-000362,56697889278,1,咸鸭蛋,该用户可能是在询问或评论直播中提到的咸鸭蛋的口味或品质。,对象：咸鸭蛋；言语行为：提及；原句证据：咸鸭蛋,1,0.95361328125
douyin-test-000371,56697889278,0,长春为啥不配送,该用户想表达的含义是：对所在地区无法购买商品感到疑惑和不满。,对象：配送区域；言语行为：询问；原句证据：长春为啥不配送,0,0.1566162109375
douyin-test-000383,56697889278,1,60克和70克什么区别,该用户想询问产品在60克和70克规格之间的具体差异，可能是为了比较性价比或选择更适合自己的分量。,对象：产品；言语行为：询问；原句证据：60克和70克什么区别,1,0.95263671875
douyin-test-000433,56697889278,1,什么时候有菜板？谢谢,该用户是在询问直播间是否会售卖菜板产品，并希望得到回复。,对象：菜板；言语行为：询问；原句证据：什么时候有菜板？谢谢,1,0.87060546875
douyin-test-000466,56697889278,1,衬衣真好看,该用户被直播中展示的衬衫款式吸引，产生了欣赏或潜在的购买意向。,对象：衬衣；言语行为：称赞；原句证据：衬衣真好看,1,0.97314453125
douyin-test-000489,56697889278,1,链接呢,该用户可能在询问商品的购买链接，表现出对直播中提到的某样产品有购买意向。,对象：商品；言语行为：询问；原句证据：链接呢,1,0.89404296875
douyin-test-000503,56697889278,1,保温杯,该用户可能是想询问或了解直播间正在介绍的保温杯产品信息。,对象：保温杯；言语行为：关注；原句证据：保温杯,1,0.97314453125
douyin-test-000532,56697889278,1,米皮保质期,该用户是想询问米皮的保质期时长，以便决定是否购买。,对象：米皮；言语行为：询问；原句证据：米皮保质期,1,0.9404296875
douyin-test-000540,56697889278,1,想要这个碗呢,该用户表达了对直播中展示的碗有明确的购买意向。,对象：碗；言语行为：表达需求；原句证据：想要这个碗呢,1,0.97509765625
douyin-test-000546,56697889278,1,放点黄瓜,该用户可能是希望主播展示或介绍与黄瓜相关的产品，或是建议在当前的食品展示中加入黄瓜作为搭配。,对象：未指明；言语行为：表达需求；原句证据：放点黄瓜,0,0.491455078125
douyin-test-000566,56697889278,1,要碗,该用户想表达的是对直播中展示的碗感兴趣并希望购买。,对象：主播；言语行为：要求；原句证据：要碗,0,0.45068359375
douyin-test-000681,56697889278,0,小传熙下午好,该用户可能是在向主播或直播间其他观众打招呼，表达友好的互动意愿。,对象：小传熙；言语行为：问候；原句证据：小传熙下午好,0,0.08331298828125
douyin-test-000701,56697889278,1,烤肠什么时候上呢,该用户想询问直播中是否会上架烤肠产品并希望尽快购买。,对象：直播商品；言语行为：询问时间；原句证据：烤肠什么时候上呢,1,0.84423828125
douyin-test-000706,56697889278,1,贝贝南瓜面又甜非常好吃！,该用户想表达的含义是：对贝贝南瓜面的口感和品质表示高度认可，暗示有购买或推荐意向。  （分析依据：结合前文弹幕中频繁出现的食品类互动和具体产品询问，用户在此语境下更可能是通过夸赞产品来传递消费意愿，而非单纯评价。）,对象：贝贝南瓜面；言语行为：评价；原句证据：贝贝南瓜面又甜非常好吃！,1,0.9443359375
douyin-test-000710,56697889278,1,没有了，加单,该用户想表达的含义是：商品已经售罄，希望主播能追加库存或补货。,对象：主播；言语行为：结束；原句证据：没有了，加单,1,0.9453125
douyin-test-000737,56697889278,1,发膜讲了吗？,该用户是在询问主播是否已经介绍过发膜产品的相关信息。,对象：发膜；言语行为：询问；原句证据：发膜讲了吗？,1,0.96630859375
douyin-test-000758,56697889278,1,彩椒不辣吧,该用户是在询问彩椒的口味是否温和，以确认其是否符合自己的饮食偏好或烹饪需求。,对象：彩椒；言语行为：询问；原句证据：彩椒不辣吧,0,0.39501953125
douyin-test-000779,56697889278,1,宽的有么,该用户可能在询问商品是否有更宽的规格或款式可选。,对象：产品；言语行为：询问；原句证据：宽的有么,1,0.97998046875
douyin-test-000811,56697889278,0,就哈吃，美滴很,该用户想表达的含义是：主播吃得很香，让人看了觉得非常美味和享受。,对象：吃；言语行为：享受；原句证据：就哈吃，美滴很,0,0.312744140625
douyin-test-000812,56697889278,1,馍怎么加热,该用户可能是在询问直播中展示的馍（如凉皮夹馍）的具体食用方法，想了解是否需要加热以及如何操作。,对象：馍；言语行为：询问；原句证据：馍怎么加热,0,0.240966796875
douyin-test-000853,56697889278,0,付了,该用户想表达自己已经完成下单购买的行为。,对象：未指明；言语行为：确认；原句证据：付了,0,0.1890869140625
douyin-test-000922,56697889278,1,酸吗？,该用户是在询问直播中展示的苹果是否口感偏酸。,对象：苹果；言语行为：询问；原句证据：酸吗？,1,0.859375
douyin-test-000963,56697889278,0,300g,该用户可能在询问商品的规格或重量是否合适，比如“这个产品的重量是300克吗？”或“300克的分量够用吗？”。,对象：商品；言语行为：询问；原句证据：300g,1,0.89208984375
douyin-test-000979,56697889278,1,讲一下小萨牛牛的口味吧！讲一下小萨牛牛的口味吧！讲一下小萨牛牛的口味吧！讲一下小萨牛牛的口味吧讲一下,该用户迫切希望主播详细介绍“小萨牛牛”这款产品的具体口味特点，可能因重复刷屏引起注意或对产品有强烈兴趣。,对象：小萨牛牛；言语行为：询问；原句证据：讲一下小萨牛牛的口味吧！讲一下小萨牛牛的口味吧！讲一下小萨牛牛的口味吧！讲一下小萨牛牛的口味吧讲一下,1,0.90380859375
douyin-test-000981,56697889278,1,是不是预制菜,该用户可能是在询问直播中展示的食品是否为预先加工好的半成品，以此判断其新鲜度和购买价值。,对象：产品；言语行为：询问；原句证据：是不是预制菜,1,0.75732421875
douyin-test-000986,56697889278,0,已拍,该用户想表达的含义是：我已经下单购买了（你们提到的某款产品）。,对象：未指明；言语行为：确认；原句证据：已拍,0,0.0994873046875
douyin-test-000991,56697889278,0,能拍的，都开过价的，放心拍,该用户想表达的含义是：商品都已明码标价且库存充足，大家可以放心下单购买。,对象：商品；言语行为：确认；原句证据：能拍的，都开过价的，放心拍,0,0.1434326171875
douyin-test-000997,56697889278,1,有啥区别,该用户想询问当前展示的产品与其他同类产品或在售的其他规格之间有什么不同之处。,对象：产品；言语行为：询问差异；原句证据：有啥区别,1,0.84423828125
douyin-test-001026,56697889278,0,复合维生素,该用户可能是在询问直播间是否有售卖复合维生素产品，或想了解关于复合维生素的相关信息。,对象：复合维生素；言语行为：询问；原句证据：复合维生素,1,0.93212890625
douyin-test-001034,56697889278,1,荸荠什么时候开卖？,该用户想询问荸荠这款商品的上架销售时间。,对象：商品；言语行为：询问时间；原句证据：荸荠什么时候开卖？,1,0.75390625
douyin-test-001097,56697889278,1,蓝莓还有吧今天,该用户是在询问直播间当前是否还有蓝莓库存可供购买。,对象：蓝莓；言语行为：询问；原句证据：蓝莓还有吧今天,1,0.8994140625
douyin-test-001107,56697889278,0,欢迎蛇王,该用户是在以幽默调侃的方式欢迎直播间的主播或嘉宾，模仿前文“欢迎舞王”“欢迎帅鹏鹏”的互动风格，用“蛇王”作为戏谑称号表达轻松友好的围观态度。,对象：蛇王；言语行为：欢迎；原句证据：欢迎蛇王,0,0.20654296875
douyin-test-001109,56697889278,1,红薯还是紫薯,该用户可能在询问主播推荐红薯或紫薯哪个更适合购买或烹饪。,对象：红薯；言语行为：询问；原句证据：红薯还是紫薯,1,0.9765625
douyin-test-001121,56697889278,0,这才是小时候吃的烤地瓜,该用户想表达的含义是：这款烤地瓜的味道或外观唤起了他对童年回忆的共鸣。  （结合前文弹幕中频繁讨论红薯的烹饪方式、口感及怀旧氛围，用户通过类比童年体验，间接表达对当前商品的认可和情感认同。）,对象：烤地瓜；言语行为：评价；原句证据：这才是小时候吃的烤地瓜,0,0.319580078125
douyin-test-001136,56697889278,1,拔丝地瓜好吃,该用户是在认可并分享自己对拔丝地瓜美味的体验，暗示对当前直播中同类红薯产品的兴趣或认同。,对象：地瓜；言语行为：评价；原句证据：拔丝地瓜好吃,1,0.95751953125
douyin-test-001161,56697889278,0,吉林拍不了,该用户想表达的含义是：自己所在的吉林地区无法下单购买直播间的商品。,对象：吉林；言语行为：无法参与；原句证据：吉林拍不了,0,0.173095703125
douyin-test-001178,56697889278,0,绿色,该用户可能是在询问或确认直播中展示的商品（如彩椒）是否有绿色的款式或选项。,对象：未指明；言语行为：陈述；原句证据：绿色,0,0.106201171875
douyin-test-001193,56697889278,0,妈呀,该用户想表达的含义是：对当前直播中展示的商品感到惊喜或意外。,对象：未指明；言语行为：感叹；原句证据：妈呀,0,0.08441162109375
douyin-test-001195,56697889278,0,生吃厉害了,该用户想表达的含义是：生吃这种吃法看起来非常新奇或令人印象深刻。,对象：铁锅；言语行为：称赞；原句证据：生吃厉害了,0,0.20751953125
douyin-test-001224,56697889278,1,芹菜胡萝卜苹果汁,该用户可能是在询问或提议用芹菜、胡萝卜和苹果榨汁的可行性或功效。,对象：芹菜；言语行为：提及；原句证据：芹菜胡萝卜苹果汁,1,0.95751953125
douyin-test-001241,56697889278,1,皮也可以吃吗,该用户可能是询问直播中展示的南瓜或其他食材的外皮是否可以食用，以确认其食用方式或安全性。,对象：蛋挞；言语行为：询问；原句证据：皮也可以吃吗,1,0.95947265625
douyin-test-001260,56697889278,1,蒸多久？,该用户想询问蒸制该南瓜产品所需的具体时间。,对象：直播；言语行为：询问；原句证据：蒸多久？,0,0.27587890625
douyin-test-001301,56697889278,1,指甲刀,该用户可能在询问直播间是否有指甲刀这款商品，或是想了解主播对指甲刀的使用体验或推荐。,对象：指甲刀；言语行为：评论；原句证据：指甲刀,1,0.95166015625
douyin-test-001372,56697889278,0,发现鹏鹏儿还是黑了～哈哈,该用户是在调侃主播“鹏鹏儿”肤色变黑，语气轻松幽默，更多是参与直播互动而非表达购买意向。,对象：鹏鹏儿；言语行为：评价；原句证据：发现鹏鹏儿还是黑了～哈哈,0,0.1036376953125
douyin-test-001406,56697889278,0,宇辉到杭州了,该用户是在询问或确认主播“宇辉”是否已经抵达杭州，可能出于对后续直播行程或商品上架的关注。,对象：宇辉；言语行为：告知；原句证据：宇辉到杭州了,0,0.11212158203125
douyin-test-001452,56697889278,0,鹏鹏切的挺好呀，会做饭吧,该用户是在夸赞主播的切菜技巧娴熟，并推测对方可能擅长烹饪。  （结合前文弹幕多围绕切洋葱的技巧讨论，用户通过观察主播操作给出正向反馈，隐含对主播专业性的认可，但未直接提及购买意向。）,对象：鹏鹏；言语行为：称赞；原句证据：鹏鹏切的挺好呀,0,0.1055908203125
douyin-test-001462,56697889278,0,样样都新鲜,该用户可能是对直播中展示的商品或食材的新鲜度表示认可和赞赏。,对象：商品；言语行为：评价；原句证据：样样都新鲜,0,0.433349609375
douyin-test-001475,56697889278,1,这是什么肉,该用户想询问直播中展示的肉类产品的具体种类或名称。,对象：肉；言语行为：询问；原句证据：这是什么肉,0,0.29052734375
douyin-test-001478,56697889278,1,可以生吃吗,该用户可能是在询问直播展示的产品是否适合直接生食，表达了对产品食用方式的兴趣和潜在的购买意向。,对象：产品；言语行为：询问；原句证据：可以生吃吗,1,0.962890625
douyin-test-001479,56697889278,0,鹏鹏还是个双眼皮,该用户可能是在调侃或称赞主播鹏鹏的外貌特征，暗示对其形象的关注或好感。,对象：鹏鹏；言语行为：评价；原句证据：鹏鹏还是个双眼皮,0,0.1192626953125
douyin-test-001480,56697889278,0,支持,该用户想表达的含义是：对主播或产品表示赞同或鼓励。,对象：未指明；言语行为：支持；原句证据：支持,0,0.1331787109375
douyin-test-001514,dongfangzhenxuan,1,刺梨汁，今天机制是最划算的一次,该用户认为当前促销活动中的刺梨汁价格是近期最优惠的，表现出明确的购买意向。,对象：刺梨汁；言语行为：推荐；原句证据：刺梨汁，今天机制是最划算的一次,1,0.71630859375
douyin-test-001534,dongfangzhenxuan,0,没中[捂脸],该用户因未抢到直播间的福利或商品而感到遗憾和无奈。,对象：福袋；言语行为：表达遗憾；原句证据：没中[捂脸],0,0.1939697265625
douyin-test-001550,dongfangzhenxuan,0,拍两单,该用户想表达的含义是：我已经下单购买了两件商品。,对象：商品；言语行为：购买；原句证据：拍两单,0,0.420166015625
douyin-test-001598,YDSZB666,1,这个好看,该用户被直播中展示的某款首饰（可能是老板娘佩戴的款式或水晶类商品）所吸引，认为其设计或外观符合自己的审美喜好。,对象：商品；言语行为：评价；原句证据：这个好看,1,0.978515625
douyin-test-001644,YDSZB666,0,速度速度,该用户想催促主播加快节奏或尽快展示/上架当前热议的水晶商品（如黄水晶、兔毛水晶等）。  （分析依据：前文弹幕高频提及水晶品类且出现重复刷屏式需求，结合“速度速度”的紧迫语气，可推断用户急于看到商品开售或切换展示进度。）,对象：主播；言语行为：催促；原句证据：速度速度,0,0.26416015625
douyin-test-001653,YDSZB666,1,老板娘的项链,该用户是在询问或关注老板娘佩戴的项链款式或材质。,对象：项链；言语行为：关注；原句证据：老板娘的项链,1,0.96923828125
douyin-test-001668,YDSZB666,0,连云港东海?,该用户可能在询问直播中提到的“连云港东海”是否指代某种特定商品（如东海产的水晶或珍珠）或其相关信息。,对象：连云港；言语行为：询问；原句证据：连云港东海?,0,0.259765625
douyin-test-001686,YDSZB666,0,她家水晶很好,该用户想表达的含义是：这家店铺的水晶品质不错，值得购买。  （结合前文弹幕中频繁提及“老板娘”的饰品及水晶种类，用户可能是在认可商品质量或暗示自己也有兴趣入手。）,对象：水晶；言语行为：评价；原句证据：她家水晶很好,1,0.9599609375
douyin-test-001723,YDSZB666,1,10mm黄水晶,该用户可能在询问或确认是否有10毫米规格的黄水晶商品可供购买。,对象：黄水晶；言语行为：询问；原句证据：10mm黄水晶,1,0.97119140625
douyin-test-001729,YDSZB666,1,好东西,该用户想表达的含义是：这件商品看起来品质不错，我有点心动想购买。,对象：未指明；言语行为：评价；原句证据：好东西,1,0.93115234375
douyin-test-001736,YDSZB666,0,10m,该用户想询问或确认直播中展示的商品尺寸是否为10毫米。,对象：商品；言语行为：询问；原句证据：10m,1,0.79833984375
douyin-test-001773,YDSZB666,1,好看的,该用户想表达的含义是：对当前展示的商品外观表示赞赏和喜爱。,对象：未指明；言语行为：赞美；原句证据：好看的,1,0.97216796875
douyin-test-001786,YDSZB666,1,多大的,该用户想询问主播展示的商品（可能是水晶或饰品）的具体尺寸或规格。,对象：产品；言语行为：询问；原句证据：多大的,1,0.95751953125
douyin-test-001804,YDSZB666,1,紫水晶,该用户可能是在询问或指定想要紫色系的水晶产品，比如紫水晶或紫牙乌等。,对象：紫水晶；言语行为：请求；原句证据：紫水晶,1,0.97607421875
douyin-test-001850,YDSZB666,0,都好漂亮啊,该用户被展示的商品外观所吸引，流露出对商品的喜爱和潜在的购买意愿。,对象：未指明；言语行为：感叹；原句证据：都好漂亮啊,0,0.38525390625
douyin-test-001883,YDSZB666,1,有男生带的吗,该用户可能是在询问直播展示的商品是否有适合男性佩戴的款式或类型。,对象：男生；言语行为：询问；原句证据：有男生带的吗,1,0.97412109375
douyin-test-001894,YDSZB666,0,翡翠叶子,该用户可能在询问直播间是否有翡翠材质的叶子造型饰品或想了解相关产品信息。,对象：翡翠叶子；言语行为：评论；原句证据：翡翠叶子,1,0.75732421875
douyin-test-001919,YDSZB666,1,什么时候有佛公[看],该用户想询问直播中何时会上架佛公吊坠或相关产品，并表现出对这类商品的兴趣和期待。,对象：佛公；言语行为：询问时间；原句证据：什么时候有佛公[看],0,0.3681640625
douyin-test-002012,YDSZB666,0,会长夫人更可爱,该用户是在调侃直播间的某位核心人物（会长）及其伴侣，通过对比表达对会长夫人性格或形象的喜爱。,对象：会长夫人；言语行为：称赞；原句证据：会长夫人更可爱,0,0.150390625
douyin-test-002027,YDSZB666,0,深夜福利[比心][比心][比心],该用户想表达的是对主播推出深夜促销活动的期待和兴奋之情。,对象：深夜福利；言语行为：表达喜爱；原句证据：深夜福利[比心][比心][比心],0,0.34423828125
douyin-test-002044,liuyuanyuan1991,0,刘媛媛这个状态真不错,该用户可能是通过夸赞主播的积极状态（如专业度、感染力等），间接表达对直播内容或推荐产品的认可与兴趣。,对象：刘媛媛；言语行为：评价；原句证据：刘媛媛这个状态真不错,0,0.150634765625
douyin-test-002059,liuyuanyuan1991,1,叶黄素怎么吃,该用户想询问叶黄素产品的具体服用方法和注意事项。,对象：叶黄素；言语行为：询问用法；原句证据：叶黄素怎么吃,1,0.94384765625
douyin-test-002066,liuyuanyuan1991,1,物美价廉,该用户想表达的含义是：商品性价比很高，值得购买。,对象：商品；言语行为：称赞；原句证据：物美价廉,0,0.48681640625
douyin-test-002149,liuyuanyuan1991,1,奶粉是澳洲产的吗?生产日期是什么时候?,该用户是在确认奶粉的产地和生产日期等关键商品信息，表现出对产品质量和新鲜度的关注，暗示潜在的购买意向。,对象：奶粉；言语行为：询问；原句证据：奶粉是澳洲产的吗?生产日期是什么时候?,1,0.935546875
douyin-test-002164,liuyuanyuan1991,0,主播大气,该用户想表达的含义是：称赞主播慷慨大方或福利给力。,对象：主播；言语行为：夸赞；原句证据：主播大气,0,0.1055908203125
douyin-test-002196,liuyuanyuan1991,0,长的好像曹颖,该用户可能是在感叹主播或展示的产品外观与明星曹颖相似，带有欣赏或惊讶的意味，但并未直接表达购买意向。,对象：曹颖；言语行为：评价；原句证据：长的好像曹颖,0,0.1728515625
douyin-test-002207,liuyuanyuan1991,1,多久见效果,该用户想询问产品使用后需要多长时间才能产生预期的效果。,对象：产品；言语行为：询问；原句证据：多久见效果,1,0.92822265625
douyin-test-002228,liuyuanyuan1991,1,口感好吃不,该用户想询问产品的味道是否令人满意，以此判断是否值得购买。,对象：产品；言语行为：询问；原句证据：口感好吃不,1,0.96630859375
douyin-test-002229,liuyuanyuan1991,0,一天吃,该用户想询问产品是否需要每天服用。,对象：产品；言语行为：询问；原句证据：一天吃,1,0.708984375
douyin-test-002240,liuyuanyuan1991,1,哺乳期能吃吗,该用户是在询问产品是否适合哺乳期女性食用，以评估自身或他人是否符合使用条件。,对象：孕妇；言语行为：询问；原句证据：哺乳期能吃吗,1,0.92919921875
douyin-test-002243,liuyuanyuan1991,0,支持支持支持支持支持支持支持支持支持支持支持支持[打call][打call][比心],该用户想表达的含义是：对主播或产品表示强烈的喜爱和支持，但并未直接体现明确的购买意向。,对象：主播；言语行为：赞扬；原句证据：支持支持支持支持支持支持支持支持支持支持支持支持,1,0.5810546875
douyin-test-002260,liuyuanyuan1991,1,"这个维生素是连续吃几个月,需要停吗?",该用户是在询问这款维生素是否需要周期性停用以避免长期连续服用的潜在问题，表现出对产品使用细节的关切和潜在的购买顾虑。,"对象：维生素；言语行为：询问；原句证据：这个维生素是连续吃几个月,需要停吗?",1,0.75537109375
douyin-test-002294,liuyuanyuan1991,0,太给力了,该用户想表达的含义是：对直播间的优惠力度或产品效果感到非常满意和兴奋。,对象：主播；言语行为：称赞；原句证据：太给力了,0,0.1865234375
douyin-test-002361,1706638111,0,"好,上车",该用户想表达的是决定跟随直播间的推荐下单购买商品。,"对象：未指明；言语行为：表达意愿；原句证据：好,上车",0,0.1199951171875
douyin-test-002411,1706638111,1,有花椒吗,该用户是在询问直播间是否有售卖花椒产品，可能对天水花椒或其他相关商品产生了购买兴趣。,对象：商品；言语行为：询问；原句证据：有花椒吗,1,0.9765625
douyin-test-002416,1706638111,1,西红柿有吗,该用户是在询问直播间是否有西红柿这一商品在售。,对象：商品；言语行为：询问；原句证据：西红柿有吗,1,0.9794921875
douyin-test-002458,1706638111,1,陕西洛川苹果有吗?,该用户是在询问直播间是否有售卖陕西洛川产的苹果，表现出对该产品的购买兴趣。,对象：商家；言语行为：询问商品；原句证据：陕西洛川苹果有吗?,1,0.9404296875
douyin-test-002466,1706638111,1,玫瑰花饼,该用户可能在询问直播间是否有售卖玫瑰花饼这款产品。,对象：玫瑰花饼；言语行为：询问；原句证据：玫瑰花饼,1,0.97021484375
douyin-test-002490,1706638111,0,小明不务正业,该用户可能在调侃主播小明直播时表现不够专业或专注，偏离了卖货主题。,对象：小明；言语行为：批评；原句证据：小明不务正业,0,0.10455322265625
douyin-test-002537,1706638111,0,一买刹不住车[捂脸],该用户想表达的含义是：在直播间购物时因商品吸引力太强而忍不住多次下单。,对象：主播；言语行为：表达情绪；原句证据：一买刹不住车[捂脸],0,0.114501953125
douyin-test-002580,1706638111,0,刚那个坏了吗,该用户是在质疑之前展示的某款商品（可能是鸡蛋类产品）是否存在质量问题或损坏情况。,对象：商品；言语行为：询问；原句证据：刚那个坏了吗,1,0.82568359375
douyin-test-002632,1706638111,0,鸡屎白是味中药材哦[捂脸],"该用户是在调侃直播间讨论鸡蛋时提及的""鸡屎""话题，以幽默方式指出鸡屎的药用价值，属于跟风玩梗而非真实购买意向。",对象：鸡屎白；言语行为：陈述；原句证据：鸡屎白是味中药材哦,0,0.26953125
douyin-test-002648,1706638111,0,红的太可怕,该用户可能是在吐槽商品（如红心鸡蛋）的颜色过于鲜艳夸张，让人感到不适或怀疑其安全性。,对象：鸡蛋；言语行为：评价；原句证据：红的太可怕,0,0.12841796875
douyin-test-002730,577894592,1,167108需要拍l不衬衣,该用户是在询问商品编号167108的衬衫是否需要抢购或是否容易售罄。,对象：不衬衣；言语行为：询问；原句证据：167108需要拍l不衬衣,1,0.97119140625
douyin-test-002732,577894592,1,娃娃领白色上衣上吗,该用户是在询问主播是否会展示或上架一款娃娃领设计的白色上衣。,对象：娃娃领白色上衣；言语行为：询问；原句证据：娃娃领白色上衣上吗,1,0.97705078125
douyin-test-002742,577894592,1,里面背心是哪个,该用户是在询问直播间里模特内搭的那件背心对应的商品链接或货号。,对象：背心；言语行为：询问；原句证据：里面背心是哪个,1,0.97607421875
douyin-test-002743,577894592,1,牛仔外套是几号链接,该用户想询问牛仔外套对应的商品购买链接编号以便下单。,对象：牛仔外套；言语行为：询问；原句证据：牛仔外套是几号链接,1,0.970703125
douyin-test-002779,577894592,1,黑色蓝色?,该用户可能在询问商品是否有黑色或蓝色可选，表现出对颜色选择的关注和潜在的购买意向。,对象：衣服颜色；言语行为：询问；原句证据：黑色蓝色?,1,0.9619140625
douyin-test-002795,127652977,1,有没有原箱的,该用户是在询问商品是否有未拆封的整箱包装可供购买。,对象：商品；言语行为：询问；原句证据：有没有原箱的,1,0.94775390625
douyin-test-002818,xinjiangheti27,1,带链子?,该用户可能在询问主播是否会上架或展示带有链子的饰品（如项链、手链等），并希望获得购买链接或进一步了解产品信息。,对象：链子；言语行为：询问；原句证据：带链子?,1,0.9677734375
douyin-test-002821,xinjiangheti27,0,我失明好了[舔屏],该用户想表达的含义是：这款产品让我眼前一亮，非常吸引我。,对象：主播；言语行为：调侃；原句证据：我失明好了[舔屏],0,0.090576171875
douyin-test-002832,xinjiangheti27,0,"我是女娲,我来补",该用户想表达的含义是：我是来抢购补货商品的。  （结合直播间的玉石珠宝主题和频繁提及的“手串”“无事牌”等商品，用户用“女娲补天”的梗幽默暗示自己准备参与抢购，尤其是针对可能补货或热卖的商品。）,对象：女娲；言语行为：自称；原句证据：我是女娲,0,0.228759765625
douyin-test-002839,xinjiangheti27,1,直切和田玉手串上一下!,该用户急切希望主播尽快展示或上架直切款式的和田玉手串商品。,对象：和田玉手串；言语行为：要求展示；原句证据：直切和田玉手串上一下!,1,0.908203125
douyin-test-002859,xinjiangheti27,1,跪求一千左右手镯,该用户急切地想要购买一款价格在一千元左右的玉镯，并希望主播能推荐或上架符合预算的产品。,对象：手镯；言语行为：请求；原句证据：跪求一千左右手镯,1,0.96142578125
douyin-test-002862,xinjiangheti27,0,猫没活着[捂脸][捂脸][捂脸][捂脸],该用户可能是在调侃或自嘲自己没能抢到直播间里展示的某款商品（比如猫眼手链或其他饰品），用幽默的方式表达遗憾和无奈。,对象：猫；言语行为：表达情绪；原句证据：猫没活着[捂脸][捂脸][捂脸][捂脸],0,0.1563720703125
douyin-test-002873,xinjiangheti27,1,"老郑,男士介子",该用户是在询问主播“老郑”是否有适合男士佩戴的戒指款式。,"对象：老郑；言语行为：称呼；原句证据：老郑,男士介子",0,0.1668701171875
douyin-test-002892,xinjiangheti27,0,不服就干他,该用户想表达的含义是：支持主播强硬的态度或行动，鼓励直接采取对抗或竞争手段。  （结合前文弹幕中频繁出现的“支持”“说的对”“干就行了”等互动，可推断直播间氛围偏向激昂或对抗性场景，用户通过简短口号式弹幕附和主播立场，表达情绪共鸣而非具体购买意愿。）,对象：主播；言语行为：挑衅；原句证据：不服就干他,0,0.10845947265625
douyin-test-002893,xinjiangheti27,0,那个人两天没播了,该用户可能在表达对某位主播缺席直播的不满或担忧，暗示希望该主播尽快回归以继续带货或互动。,对象：主播；言语行为：评论；原句证据：那个人两天没播了,0,0.10540771484375
douyin-test-002962,xinjiangheti27,1,"千手观音红皮,郑总",该用户可能在询问主播（郑总）展示的“千手观音红皮”玉石商品的相关信息或表达购买意向。,对象：郑总；言语行为：提及；原句证据：郑总,0,0.171875
douyin-test-003006,elslk001,0,已拍加急,该用户想表达的含义是：我已经下单并选择了加急配送服务。  （结合前文语境，直播间讨论的多是商品质量、种类和下单情况，用户用“已拍加急”简洁表明自己完成购买且对收货时效有需求，符合直播间的交易导向氛围。）,对象：用户；言语行为：确认；原句证据：已拍加急,0,0.1292724609375
douyin-test-003010,elslk001,0,把你上架,该用户想表达的含义是：催促主播尽快将提到的商品上架销售。,对象：主播；言语行为：要求；原句证据：把你上架,0,0.12841796875
douyin-test-003013,elslk001,0,退运费,该用户可能是在询问或要求商家提供退货运费的相关政策或服务。,对象：未指明；言语行为：要求；原句证据：退运费,0,0.1240234375
douyin-test-003041,elslk001,0,"滚粗,见一次骂一次",该用户对主播或品牌方存在强烈不满，可能因产品质量、虚假宣传等问题产生抵触情绪，意图通过攻击性言论宣泄愤怒并抵制相关商品。,"对象：主播；言语行为：辱骂；原句证据：滚粗,见一次骂一次",0,0.10296630859375
douyin-test-003046,elslk001,1,小块的呢,该用户可能在询问商品是否有更小规格的包装可选。,对象：巧克力；言语行为：询问；原句证据：小块的呢,1,0.96875
douyin-test-003077,Jing1000086,0,欣姐要放大招了,该用户可能在期待主播即将展示或推出令人惊喜的新品或优惠活动。,对象：欣姐；言语行为：期待；原句证据：欣姐要放大招了,0,0.1279296875
douyin-test-003079,Jing1000086,1,"矮个子的上衣,再加点",该用户想表达的含义是：询问是否有适合小个子穿的上衣款式，并希望主播多推荐一些类似的选择。,"对象：上衣；言语行为：请求；原句证据：矮个子的上衣,再加点",1,0.9775390625
douyin-test-003100,Jing1000086,0,牛仔裤没有了,该用户想表达的含义是：牛仔裤的库存已经售罄，希望商家能补货。,对象：牛仔裤；言语行为：陈述；原句证据：牛仔裤没有了,1,0.9697265625
douyin-test-003116,Jing1000086,0,裤子再加[捂脸]卡了没拍到,该用户因网络卡顿错过了裤子的抢购机会，感到遗憾和无奈。,对象：裤子；言语行为：表达遗憾；原句证据：裤子再加[捂脸]卡了没拍到,1,0.80419921875
douyin-test-003120,Jing1000086,1,推荐啥色,该用户想询问主播推荐适合自己肤色的服装颜色。,对象：主播；言语行为：询问；原句证据：推荐啥色,1,0.95703125
douyin-test-003125,Jing1000086,0,裤子上点没抢到,该用户想表达的含义是：想买裤子但没抢到合适的尺码或款式。,对象：裤子；言语行为：询问；原句证据：裤子上点没抢到,1,0.95947265625
douyin-test-003198,Jing1000086,1,是外套还是皮肤衣,该用户是在询问当前展示的商品属于外套类别还是更轻薄的防晒皮肤衣类别，想确认产品的具体属性和功能。,对象：商品；言语行为：询问；原句证据：是外套还是皮肤衣,1,0.9765625
douyin-test-003214,Jing1000086,1,蕾丝美背有吗,该用户是在询问直播间是否有售卖带有蕾丝设计的露背款式服装。,对象：商品；言语行为：询问；原句证据：蕾丝美背有吗,1,0.97900390625
douyin-test-003247,Jing1000086,0,欣儿穿啥都好看,该用户想表达的含义是：主播的穿搭效果很好，让人对展示的服装产生好感。,对象：欣儿；言语行为：评价；原句证据：欣儿穿啥都好看,0,0.4658203125
douyin-test-003250,Jing1000086,0,私服什么时候上,该用户是在询问主播的日常穿搭服饰何时会上架售卖。,对象：商品；言语行为：询问时间；原句证据：私服什么时候上,1,0.50048828125
douyin-test-003256,Jing1000086,0,什么时候能发货,该用户想确认商品的发货时效以评估是否值得立即下单。,对象：商家；言语行为：询问；原句证据：什么时候能发货,0,0.1163330078125
douyin-test-003260,Jing1000086,0,又没抢到,该用户因商品抢购失败而感到遗憾和失落。,对象：商品；言语行为：抱怨；原句证据：又没抢到,1,0.63720703125
douyin-test-003361,Jing1000086,1,黄黑皮能穿这个白色吗,该用户是在询问白色服装是否适合肤色偏黄黑的消费者穿着。,对象：衣服；言语行为：询问；原句证据：黄黑皮能穿这个白色吗,1,0.9736328125
douyin-test-003364,Jing1000086,1,身上的美背,该用户想表达的含义是：询问主播身上穿的内搭背心是否有单卖或购买链接。  （结合前文弹幕中频繁出现对服装细节、单件购买和主播同款的讨论，用户很可能在关注主播的穿搭单品并希望购买同款。）,对象：上衣；言语行为：评价；原句证据：身上的美背,1,0.91357421875
douyin-test-003565,Jing1000086,1,这个背心厚吗?,该用户可能在询问背心的厚度是否适合当前季节或自己的穿着需求，以判断是否值得购买。,对象：背心；言语行为：询问；原句证据：这个背心厚吗?,1,0.98046875
douyin-test-003604,Jing1000086,1,白色连衣裙,该用户可能是在询问白色款式的连衣裙是否有货或适合自己穿着。,对象：连衣裙；言语行为：描述；原句证据：白色连衣裙,1,0.970703125
douyin-test-003610,Jing1000086,1,还可以搭什么衣服?,该用户想询问当前展示的服装款式还有哪些搭配建议或推荐。,对象：衣服；言语行为：询问；原句证据：还可以搭什么衣服?,1,0.9716796875
douyin-test-003635,Jing1000086,1,上衣还可以搭其它的吗?,该用户想询问这件上衣是否有更多样的搭配方案，以评估其购买后的实用性和穿搭可能性。,对象：上衣；言语行为：询问；原句证据：上衣还可以搭其它的吗?,1,0.978515625
douyin-test-003645,Jing1000086,1,我喜欢你的项链配饰,该用户对主播佩戴的项链款式感兴趣，暗示想了解商品详情或购买方式。,对象：主播；言语行为：赞美；原句证据：我喜欢你的项链配饰,1,0.92822265625
douyin-test-003665,Jing1000086,1,164拍哪个码,"该用户是在询问身高164cm的人应该选择哪个尺码购买。  （结合前文弹幕中频繁出现的尺码、搭配、断货等关键词，可推测当前直播间正在讨论服饰类商品，且用户对具体尺码选择存在疑问。""拍哪个码""是电商直播中常见的购买咨询句式，而""164""通常指向身高数据，用于服装尺码参考。）",对象：上衣；言语行为：询问；原句证据：164拍哪个码,1,0.97119140625
douyin-test-003685,Jing1000086,0,还可以,该用户可能觉得当前展示的商品还算不错，但并未表现出强烈的购买意愿或明确偏好。,对象：未指明；言语行为：评价；原句证据：还可以,1,0.81689453125
douyin-test-003714,Jing1000086,0,萝卜青菜各有所爱[赞],该用户想表达的含义是：每个人对商品的喜好和选择标准各不相同，表示理解并尊重他人的偏好。,对象：未指明；言语行为：表达观点；原句证据：萝卜青菜各有所爱[赞],0,0.1512451171875
douyin-test-003726,Jing1000086,1,私服全部上,"该用户希望主播将所有私服款式尽快上架展示或开售。  （解析：结合前文多次出现""要私服""""上私服""等催促性表达，且当前弹幕用""全部""强调范围，""上""为直播场景高频动作指令，整体语境显示用户对私服品类有明确购买意向并急切等待上新）",对象：私服；言语行为：要求上架；原句证据：私服全部上,0,0.267333984375
douyin-test-003727,Jing1000086,1,想要短袖套装裙,该用户希望购买一套包含短袖上衣和配套裙子的夏季服装套装。,对象：短袖套装裙；言语行为：想要；原句证据：想要短袖套装裙,1,0.9736328125
douyin-test-003808,Jing1000086,1,没背会下漏吗,该用户可能是在询问“这款衣服的背部设计是否会有走光的风险”。  （结合前文弹幕中频繁出现的关于服装细节、搭配和实用性的提问，如“袖子”“腰带”“配鞋子”等，可推测用户关注的是产品本身的设计和穿着效果。目标弹幕中的“背”和“漏”更可能是对服装版型的担忧，而非字面背诵或遗漏含义。）,对象：腰带；言语行为：询问；原句证据：没背会下漏吗,1,0.5419921875
douyin-test-003844,Jing1000086,1,有没有短款,该用户是在询问主播展示的商品是否有更短的款式或尺寸可供选择。,对象：商品；言语行为：询问；原句证据：有没有短款,1,0.974609375
douyin-test-003847,Jing1000086,1,配下白色腰带看看,该用户希望主播展示当前服装搭配白色腰带的效果。,对象：腰带；言语行为：请求展示；原句证据：配下白色腰带看看,1,0.98095703125
douyin-test-003862,Jing1000086,1,袖子放下来吧,该用户希望主播将袖子的部分展示出来以便更清楚地查看服装款式或穿着效果。,对象：主播；言语行为：要求；原句证据：袖子放下来吧,0,0.1728515625
douyin-test-003867,Jing1000086,1,皮带开下,该用户想表达的含义是：希望主播展示一下皮带的款式或上身效果。,对象：皮带；言语行为：开下；原句证据：皮带开下,1,0.9296875
douyin-test-003923,Jing1000086,1,还可以搭什么鞋子,该用户想询问当前展示的服装可以搭配哪些类型的鞋子来提升整体穿搭效果。,对象：鞋子；言语行为：询问；原句证据：还可以搭什么鞋子,1,0.96875
douyin-test-003940,Jing1000086,0,咋没袖子,该用户可能是在询问或吐槽当前展示的服装款式为何是无袖设计。,对象：连衣裙；言语行为：询问；原句证据：咋没袖子,1,0.9501953125
douyin-test-003945,Jing1000086,0,怎么都是白色的,该用户可能是在抱怨直播间展示的商品颜色过于单一，缺乏其他颜色的选择。,对象：欣姐；言语行为：评价；原句证据：怎么都是白色的,0,0.230224609375
douyin-test-003950,Jing1000086,0,"欣姐,播播间没有的仿版配饰在哪里买[捂脸]",该用户想表达的含义是：询问主播能否提供直播间未展示的同款配饰购买渠道。  （解析：结合前文弹幕高频出现的“好看”“买”等关键词及对具体商品的询问，用户显然对直播商品有购买兴趣，但当前目标弹幕提到“仿版配饰”未在直播间出现，其核心诉求是希望主播补充或推荐类似商品，[捂脸]表情则可能隐含对缺货/未上架的调侃或急切心态。）,"对象：欣姐；言语行为：询问；原句证据：欣姐,播播间没有的仿版配饰在哪里买[捂脸]",0,0.4072265625
douyin-test-003962,Jing1000086,1,这套好看气质,该用户认为当前展示的服装款式既美观又符合优雅大方的风格特点。,对象：服装；言语行为：评价；原句证据：这套好看气质,1,0.97509765625
douyin-test-003994,Jing1000086,0,"不能看你直播,看到你直播啥都想买",该用户想表达的含义是：主播的带货能力太强，导致自己忍不住想购买直播中展示的所有商品。,"对象：直播；言语行为：表达意愿；原句证据：不能看你直播,看到你直播啥都想买",0,0.09600830078125
douyin-test-004006,Jing1000086,1,可以再穿下三号吗?,该用户希望主播再次展示3号款式的试穿效果以便进一步评估是否购买。,对象：主播；言语行为：请求；原句证据：可以再穿下三号吗?,1,0.98095703125
douyin-test-004057,Jing1000086,0,我拍了7件加急发货,该用户想表达自己已经下单购买了7件商品，并希望商家优先处理自己的订单尽快发货。,对象：商品；言语行为：确认；原句证据：我拍了7件加急发货,0,0.1470947265625
douyin-test-004107,Jing1000086,1,一套吗,该用户是在询问当前展示的商品是否为成套出售的组合款。,对象：袜子；言语行为：询问数量；原句证据：一套吗,1,0.9638671875
douyin-test-004128,Jing1000086,1,一套吗,该用户是在询问当前展示的商品是否为套装组合出售。,对象：主播；言语行为：询问；原句证据：一套吗,1,0.96484375
douyin-test-004163,Jing1000086,0,哎米生日快乐,该用户是在主播生日祝福氛围中表达对主播的喜爱和庆贺，属于互动型情感表达而非商品咨询。,对象：艾米；言语行为：祝福；原句证据：哎米生日快乐,0,0.07403564453125
douyin-test-004167,Jing1000086,1,有险险吗,该用户可能在询问商品是否有运费险或其他保障服务。,对象：艾米；言语行为：祝福；原句证据：有险险吗,1,0.88134765625
douyin-test-004172,Jing1000086,1,"163拍小个子,还是高个子",该用户想询问商品尺码是否适合身高较矮或较高的人群。,,0,0.385498046875
douyin-test-004192,Jing1000086,1,远一点看看,该用户希望主播将镜头拉远或调整角度，以便更全面地查看商品的外观或细节。,对象：主播；言语行为：要求查看；原句证据：远一点看看,1,0.96728515625
douyin-test-004200,Jing1000086,1,有口袋吗屁股后面,该用户是在询问裤子的后侧是否有设计口袋。,对象：水杯；言语行为：询问；原句证据：有口袋吗屁股后面,1,0.97607421875
douyin-test-004236,Jing1000086,1,美背大胸能穿不,该用户是在询问主播展示的服装款式是否适合身材较为丰满、胸部较大的女性穿着。,对象：衣服；言语行为：询问；原句证据：美背大胸能穿不,1,0.9619140625
douyin-test-004242,Jing1000086,1,单独的内搭蕾丝有吗?,该用户想询问直播间是否售卖可以单独搭配的蕾丝内搭单品。,对象：内搭蕾丝；言语行为：询问；原句证据：单独的内搭蕾丝有吗?,1,0.97998046875
douyin-test-004287,Jing1000086,0,没有了,该用户想表达的含义是：商品已经售罄或想要的尺码/款式没有了。,对象：未指明；言语行为：结束；原句证据：没有了,1,0.9658203125
douyin-test-004333,Jing1000086,1,黄皮推荐什么颜色,该用户想询问适合黄皮肤人群使用的产品色号推荐。,对象：用户；言语行为：询问；原句证据：黄皮推荐什么颜色,1,0.97705078125
douyin-test-004358,Jing1000086,1,"美背,胸大能穿不",该用户是在询问这款美背款式的内衣是否适合胸部较大的身材穿着。,"对象：衣服；言语行为：询问；原句证据：美背,胸大能穿不",1,0.9697265625
douyin-test-004381,Jing1000086,1,身上衣服要,该用户可能是在询问主播身上穿的同款衣服是否有货或如何购买。,对象：未指明；言语行为：询问；原句证据：身上衣服要,1,0.978515625
douyin-test-004396,Jing1000086,1,今天你身上穿的一身白的私服有吗,该用户是在询问主播身上穿的白色私服是否在直播间有售。,对象：衣服；言语行为：询问；原句证据：今天你身上穿的一身白的私服有吗,1,0.96533203125
douyin-test-004406,achun1999,0,生日礼物,该用户可能在询问是否有适合作为生日礼物的商品推荐。,对象：未指明；言语行为：表达意图；原句证据：生日礼物,0,0.060516357421875
douyin-test-004420,achun1999,1,精华精华[色],该用户想表达的含义是：对精华产品表现出强烈的兴趣和喜爱。,对象：主播；言语行为：表达喜爱；原句证据：精华精华[色],1,0.97802734375
douyin-test-004439,achun1999,1,等这个等好久了,该用户想表达的含义是：对当前直播中出现的商品期待已久，表现出强烈的购买意愿。,对象：未指明；言语行为：等待；原句证据：等这个等好久了,0,0.1842041015625
douyin-test-004454,achun1999,0,生日快乐啊,该用户是在直播间生日主题的互动氛围中，向主播或品牌方表达祝福并暗示对生日相关产品的兴趣。,对象：主播；言语行为：祝福；原句证据：生日快乐啊,0,0.059326171875
douyin-test-004460,achun1999,1,"哥,泥膜呢,啥时候上啊",该用户急切询问主播泥膜产品的上架时间，表现出明确的购买意向和期待。,对象：泥膜；言语行为：询问；原句证据：泥膜呢,1,0.97509765625
douyin-test-004462,achun1999,0,下午好下午好,该用户可能是在打招呼的同时融入直播间的互动氛围，并无明确购买意向。,对象：未指明；言语行为：问候；原句证据：下午好下午好,0,0.08050537109375
douyin-test-004466,achun1999,0,生日礼物生日礼物,该用户可能在询问直播间是否有适合作为生日礼物的产品推荐或促销活动。,对象：生日礼物；言语行为：称赞；原句证据：生日礼物生日礼物,0,0.07965087890625
douyin-test-004501,achun1999,1,没链接了,该用户想表达的含义是：商品购买链接失效或售罄，无法下单。,对象：未指明；言语行为：陈述；原句证据：没链接了,1,0.58837890625
douyin-test-004519,achun1999,0,主播太给力了,该用户想表达的含义是：对主播的推荐或促销力度感到非常满意和赞赏。,对象：主播；言语行为：赞扬；原句证据：主播太给力了,0,0.1319580078125
douyin-test-004520,achun1999,0,生日礼物生日礼物生日礼物,该用户可能在暗示主播推荐适合作为生日礼物的产品，或询问当前展示的商品是否适合当作生日礼物送人。,对象：生日礼物；言语行为：重复强调；原句证据：生日礼物生日礼物生日礼物,0,0.09588623046875
douyin-test-004537,achun1999,1,泥膜和控油乳,该用户可能在询问或关注直播间正在介绍的泥膜和控油乳产品的具体信息或使用效果。,对象：产品；言语行为：提及；原句证据：泥膜和控油乳,1,0.9814453125
douyin-test-004658,achun1999,1,洗发水洗发水洗发水洗发水洗发水洗发水洗发水洗发水洗发水洗发水洗发水洗发水,该用户可能是在强烈催促主播介绍或上架洗发水产品，表达迫切想要了解或购买的意愿。,对象：洗发水；言语行为：重复强调；原句证据：洗发水洗发水洗发水洗发水洗发水洗发水洗发水洗发水洗发水洗发水洗发水洗发水,1,0.97509765625
douyin-test-004679,achun1999,1,黑玫瑰精油[比心][比心][比心]黑玫瑰精油[比心][比心][比心]黑玫瑰精油[比心][比心][比心],该用户想表达的含义是：对黑玫瑰精油产品表现出强烈的喜爱和购买意愿。  （结合前文弹幕中多次提及“黑玫瑰精油”且搭配[比心]表情，可推断用户高度关注该产品，并可能希望通过重复弹幕引起主播注意或强调需求。）,对象：黑玫瑰精油；言语行为：赞美；原句证据：黑玫瑰精油[比心][比心][比心]黑玫瑰精油[比心][比心][比心]黑玫瑰精油[比心][比心][比心],1,0.9833984375
douyin-test-004780,achun1999,0,"福袋,福袋,福袋",该用户急切希望参与直播间发放的福利活动，期待获得福袋奖励。,"对象：福袋；言语行为：强调；原句证据：福袋,福袋,福袋",1,0.96240234375
douyin-test-004784,achun1999,1,有没有沐浴露啊?,该用户是在询问直播间是否会上架沐浴露产品，表达了对该商品的购买意向。,对象：沐浴露；言语行为：询问；原句证据：有没有沐浴露啊?,1,0.978515625
douyin-test-004790,achun1999,1,之前的蓝面膜怎么办,该用户是在询问之前提到的蓝色面膜是否还会继续销售或使用，担心自己现有的蓝面膜与当前直播推荐的产品如何搭配或替代。,对象：蓝面膜；言语行为：询问处理；原句证据：之前的蓝面膜怎么办,1,0.93701171875
douyin-test-004887,achun1999,0,生日礼物,该用户可能在询问直播间是否有适合作为生日礼物的产品推荐或优惠活动。,对象：生日礼物；言语行为：提及；原句证据：生日礼物,0,0.060760498046875
douyin-test-004914,achun1999,1,啥时候上洗面奶,该用户是在询问直播间何时会上架洗面奶产品，表现出对该品类有明确的购买意向和期待。,对象：洗面奶；言语行为：询问时间；原句证据：啥时候上洗面奶,1,0.97705078125
douyin-test-004983,achun1999,1,果酸身体乳,该用户可能是在询问或表达对果酸身体乳这款产品的兴趣，想了解其功效或购买方式。,对象：果酸身体乳；言语行为：提及；原句证据：果酸身体乳,1,0.9716796875
douyin-test-004997,achun1999,0,没有了,该用户想表达的含义是：商品已经售罄或抢购结束了。  （结合前文弹幕中频繁提及的“蛋黄油”等商品关键词以及类似“没了……”的表述，可推断用户是在感叹或确认商品缺货状态。）,对象：未指明；言语行为：结束；原句证据：没有了,1,0.9658203125
douyin-test-004999,achun1999,1,洗面奶,该用户可能在询问或提醒主播介绍当前正在讨论的洗面奶产品，或是表达对洗面奶的兴趣和关注。,对象：洗面奶；言语行为：关注；原句证据：洗面奶,1,0.9755859375
douyin-test-005024,achun1999,1,换包装了?,该用户可能是在询问产品是否更换了包装设计，暗示对产品本身的熟悉和持续关注，并想确认当前售卖的是否为新版本。,对象：卸妆油；言语行为：询问；原句证据：换包装了?,1,0.86865234375
douyin-test-005030,achun1999,1,拍不到,该用户想表达的含义是：商品抢购速度太快，自己没能成功下单。,对象：商品；言语行为：表达遗憾；原句证据：拍不到,0,0.478759765625
douyin-test-005036,achun1999,1,精华水,该用户可能是在询问或强调直播间正在介绍的精华水产品，表达对其功效或购买细节的关注兴趣。,对象：精华水；言语行为：提及；原句证据：精华水,1,0.974609375
douyin-test-005048,achun1999,1,咋么用,该用户想询问产品的具体使用方法或适用场景。,对象：产品；言语行为：询问；原句证据：咋么用,1,0.8955078125
douyin-test-005054,achun1999,1,蛋黄油,该用户可能是在询问或提及与“蛋黄油”相关的产品信息或使用效果。,对象：蛋黄油；言语行为：提及；原句证据：蛋黄油,1,0.97705078125
douyin-test-005109,achun1999,1,去油吗,该用户是在询问产品是否具有控油或清洁油脂的效果。,对象：产品；言语行为：询问；原句证据：去油吗,1,0.9755859375
douyin-test-005110,achun1999,1,油头适用吗,该用户想询问该产品是否适合油性发质使用。,对象：产品；言语行为：询问；原句证据：油头适用吗,1,0.98291015625
douyin-test-005172,achun1999,1,水乳霜三件套有吗?,该用户是在询问直播间是否有售卖水乳霜三件套护肤产品。,对象：主播；言语行为：询问；原句证据：水乳霜三件套有吗?,1,0.97705078125
douyin-test-005173,achun1999,0,盛世炜虹文化,该用户可能在询问或催促某个名为“盛世炜虹文化”的产品是否会上架或何时开卖。,对象：盛世炜虹文化；言语行为：提及；原句证据：盛世炜虹文化,0,0.164794921875
douyin-test-005176,achun1999,0,花了4000多了,该用户想表达的含义是：我已经在这场直播中消费了相当多的金额，可能有些犹豫或感慨。,对象：未指明；言语行为：陈述；原句证据：花了4000多了,0,0.2493896484375
douyin-test-005182,achun1999,1,香皂在哪里老板,该用户是在询问主播当前展示或提到的香皂产品的具体购买链接或位置，表现出明确的购买意向和急切想找到商品的心理。,对象：老板；言语行为：询问；原句证据：香皂在哪里老板,1,0.962890625
douyin-test-005245,achun1999,1,牙膏牙膏牙膏牙膏,该用户想表达的含义是：强烈催促主播上架或介绍牙膏产品。  （结合前文弹幕中高频重复商品名的模式，如“洗面奶”“眼霜”“防晒”等，均属于用户急切要求提及或购买某产品的典型表达，因此“牙膏”的重复同样指向明确的购买意向或需求。）,对象：牙膏；言语行为：重复强调；原句证据：牙膏牙膏牙膏牙膏,1,0.97412109375
douyin-test-005268,achun1999,1,能擦脸吗,该用户是在询问产品是否适合用于面部护肤。,对象：沐浴露；言语行为：询问用途；原句证据：能擦脸吗,1,0.97802734375
douyin-test-005272,achun1999,1,素颜霜,该用户可能是对素颜霜产品产生兴趣，想询问产品详情或表达购买意向。,对象：素颜霜；言语行为：关注；原句证据：素颜霜,1,0.9814453125
douyin-test-005278,achun1999,0,让我中个福袋吧,该用户希望通过参与直播间的抽奖活动获得免费福利。,对象：主播；言语行为：请求；原句证据：让我中个福袋吧,0,0.185302734375
douyin-test-005331,achun1999,0,还没来得及,该用户想表达的含义是：还没赶上直播间的商品上架或抢购。,对象：未指明；言语行为：表达状态；原句证据：还没来得及,0,0.1387939453125
douyin-test-005357,achun1999,1,牙膏牙膏牙膏牙膏牙膏牙膏牙膏牙膏牙膏牙膏牙膏牙膏牙膏牙膏牙膏牙膏牙膏牙膏牙膏牙膏牙膏牙膏牙膏牙膏牙膏,该用户急切催促主播尽快介绍或上架牙膏产品。,对象：牙膏；言语行为：重复强调；原句证据：牙膏牙膏牙膏牙膏牙膏牙膏牙膏牙膏牙膏牙膏牙膏牙膏牙膏牙膏牙膏牙膏牙膏牙膏牙膏牙膏牙膏牙膏牙膏牙膏牙膏,1,0.97021484375
douyin-test-005364,achun1999,0,"西藏不发货,中个福袋吧",该用户因所在地区无法收货而转向参与抽奖活动，表达了一种无奈妥协的心态。,"对象：西藏；言语行为：请求；原句证据：西藏不发货,中个福袋吧",0,0.21484375
douyin-test-005453,achun1999,1,清洁泥膜,该用户可能在询问直播间是否有清洁泥膜这款产品，或是想了解关于清洁泥膜的使用效果和推荐。,对象：清洁泥膜；言语行为：询问；原句证据：清洁泥膜,1,0.9775390625
douyin-test-005506,weixue0806,1,再说一遍好吗?来迟了不知道怎么用,该用户希望主播重新讲解产品的使用方法，因为自己刚进直播间没听到之前的介绍。,对象：产品；言语行为：请求说明；原句证据：再说一遍好吗?来迟了不知道怎么用,1,0.68603515625
douyin-test-005509,weixue0806,1,哪面往脸上敷,该用户想确认面膜的正确使用方法，询问应该将哪一面贴在脸上。,对象：面膜；言语行为：询问使用方法；原句证据：哪面往脸上敷,1,0.94140625
douyin-test-005563,weixue0806,1,这个多久敷一片啊,该用户是在询问这款面膜的使用频率，即每次敷面膜的间隔时间是多久。,对象：面膜；言语行为：询问使用时间；原句证据：这个多久敷一片啊,1,0.9677734375
douyin-test-005570,weixue0806,1,敷完还要擦水乳吗,该用户想询问使用当前产品后是否需要叠加其他护肤品来完成后续护肤步骤。,对象：用户；言语行为：询问；原句证据：敷完还要擦水乳吗,1,0.982421875
douyin-test-005576,weixue0806,1,衣服看看,该用户想表达的含义是：想看看主播展示或详细介绍衣服的款式和细节。,对象：主播；言语行为：观看；原句证据：衣服看看,1,0.97998046875
douyin-test-005594,weixue0806,1,睡衣尺码,该用户想询问主播关于睡衣的尺码选择或是否有具体尺码表可供参考。,对象：睡衣；言语行为：询问；原句证据：睡衣尺码,1,0.97607421875
douyin-test-005603,weixue0806,1,油霜还可以开团吗,该用户想询问油霜产品是否还能参与当前的团购活动。,对象：油霜；言语行为：询问；原句证据：油霜还可以开团吗,1,0.978515625
douyin-test-005607,weixue0806,1,哺乳期能用吗,该用户是在询问产品是否适合哺乳期女性使用，以确认安全性。,对象：产品；言语行为：询问；原句证据：哺乳期能用吗,1,0.9755859375
douyin-test-005616,weixue0806,1,干皮能用油霜吗,该用户是在询问干性皮肤是否适合使用主播推荐的油霜产品。,对象：产品；言语行为：询问；原句证据：干皮能用油霜吗,1,0.9814453125
douyin-test-005629,weixue0806,1,晚上敷完之后正常再用精华、眼霜、和面霜吗,该用户是在询问使用该面膜后是否还需要按照常规的晚间护肤步骤（精华、眼霜、面霜）进行后续护理。,对象：用户；言语行为：询问；原句证据：晚上敷完之后正常再用精华、眼霜、和面霜吗,1,0.9794921875
douyin-test-005662,weixue0806,0,姐姐减肥总减不下来怎么办啊啊啊一直在焦虑,该用户可能是在借减肥话题委婉询问直播间是否有相关瘦身产品或解决方案，同时表达对身材管理的焦虑情绪。,对象：减肥者；言语行为：求助；原句证据：姐姐减肥总减不下来怎么办啊啊啊一直在焦虑,0,0.118408203125
douyin-test-005694,weixue0806,0,不洗脸会干嘛?,"该用户可能是想询问""如果不使用当前介绍的产品（如洁面产品）会有什么不良后果""，表达了对产品功效的关注和潜在的购买犹豫。",对象：用户；言语行为：疑问；原句证据：不洗脸会干嘛?,0,0.496826171875
douyin-test-005710,weixue0806,1,用法说一下,该用户想了解产品的具体使用方法或操作步骤。,对象：产品；言语行为：请求说明；原句证据：用法说一下,1,0.9609375
douyin-test-005724,weixue0806,0,"又喝可乐又喝奶茶.不会胖,好羡慕",该用户可能在感叹主播保持身材的能力，并间接表达对主播推荐产品的信任或对健康生活方式的向往。,"对象：自己；言语行为：陈述；原句证据：又喝可乐又喝奶茶.不会胖,好羡慕",0,0.25634765625
douyin-test-005727,weixue0806,0,眼袋是不是只能割啊,该用户可能是在询问去除眼袋是否只能通过手术方式解决，暗示对相关美容产品或护理方法有潜在需求。,对象：眼袋；言语行为：询问；原句证据：眼袋是不是只能割啊,0,0.18408203125
douyin-test-005754,weixue0806,1,鼻翼鼻尖起皮的油有推荐吗,该用户想表达的含义是：想咨询适合解决鼻部干燥起皮问题的护肤产品推荐。,,1,0.9697265625
douyin-test-005755,weixue0806,1,讲讲油呗,该用户希望主播详细讲解关于护肤油产品的功效、适用肤质或使用方法等信息。,对象：油；言语行为：询问；原句证据：讲讲油呗,1,0.97705078125
douyin-test-005765,weixue0806,1,买了面膜想听下眼膜,该用户想表达的含义是：已经购买了面膜，现在想了解眼膜产品的相关信息以便考虑购买。,对象：眼膜；言语行为：询问；原句证据：买了面膜想听下眼膜,1,0.970703125
douyin-test-005782,weixue0806,1,推荐那款防晒,该用户希望主播详细介绍某款防晒产品的功效或使用体验，以便判断是否适合自己购买。,对象：防晒；言语行为：推荐；原句证据：推荐那款防晒,1,0.9755859375
douyin-test-005787,weixue0806,1,求推荐防晒霜,该用户希望主播能针对防晒霜品类给出具体的产品推荐或使用建议。,对象：防晒霜；言语行为：请求推荐；原句证据：求推荐防晒霜,1,0.97607421875
douyin-test-005802,weixue0806,0,我没有,该用户想表达的含义是：自己没有使用或购买过当前讨论的产品（如防晒、面霜等）。,对象：未指明；言语行为：否定；原句证据：我没有,1,0.93310546875
douyin-test-005809,weixue0806,1,不出门用涂吗?,该用户是在询问“如果不出门是否需要涂抹防晒产品”。,对象：防晒产品；言语行为：询问；原句证据：不出门用涂吗?,1,0.97216796875
douyin-test-005847,weixue0806,0,"辣眼睛,碰到眼睛流眼泪",该用户可能在抱怨产品使用后对眼睛产生刺激不适感。,"对象：眼睛；言语行为：描述现象；原句证据：辣眼睛,碰到眼睛流眼泪",0,0.11431884765625
douyin-test-005855,weixue0806,1,第一次刷到你.我想要你两半的面膜,该用户想表达的是：刚进入直播间就被主播推荐的面膜吸引，想购买主播展示的那款分片式面膜。,对象：面膜；言语行为：想要；原句证据：我想要你两半的面膜,1,0.96337890625
douyin-test-005891,weixue0806,1,可以和水光霜一起用吗,该用户是在询问当前产品是否能与水光霜搭配使用，以确认产品的兼容性或使用顺序。,对象：水光霜；言语行为：询问；原句证据：可以和水光霜一起用吗,1,0.97998046875
douyin-test-005902,weixue0806,1,定妆喷雾有没有试用装啊,该用户想询问定妆喷雾是否有小样可供尝试购买。,对象：定妆喷雾；言语行为：询问；原句证据：定妆喷雾有没有试用装啊,1,0.9794921875
douyin-test-005910,weixue0806,0,刚收到挺好用的呢不输我之前用的大牌哦[比心],"该用户想表达的含义是：对产品效果表示满意，认为其品质可媲美高端品牌并给予正面反馈。  （分析依据：结合前文弹幕中多次出现的购买反馈（如“我买了,很好用”“防晒买了,真的好用”）及产品功效讨论，该用户通过对比大牌强调实用性，属于典型的使用后认可型评价，动机在于强化产品口碑并间接推荐。）",对象：防晒；言语行为：评价；原句证据：刚收到挺好用的呢不输我之前用的大牌哦,1,0.94189453125
douyin-test-005946,weixue0806,1,防晒霜需要卸吗?,该用户可能是在询问防晒霜的使用后是否需要额外卸妆步骤，以确认产品的使用方法和护理流程。,对象：防晒霜；言语行为：询问；原句证据：防晒霜需要卸吗?,1,0.97314453125
douyin-test-005972,weixue0806,1,眼油真的能除皱吗?,该用户对眼油的实际功效存在疑虑，想确认其除皱效果是否属实。,对象：眼油；言语行为：询问；原句证据：眼油真的能除皱吗?,0,0.463134765625
douyin-test-005994,weixue0806,1,衣服谁家的,该用户是在询问直播中展示的衣服是哪家品牌或店铺的，表现出对商品来源的关注和潜在的购买意向。,对象：衣服；言语行为：询问来源；原句证据：衣服谁家的,1,0.9716796875
douyin-test-006000,weixue0806,0,有点像杨幂,该用户可能是在评论主播的外貌或气质与明星杨幂相似，而非直接表达对产品的购买兴趣。,对象：杨幂；言语行为：比较；原句证据：有点像杨幂,0,0.2100830078125
douyin-test-006036,weixue0806,1,能讲一下眼油吗,该用户想询问主播详细介绍眼部精华油的功效或使用方法。,对象：眼油；言语行为：询问；原句证据：能讲一下眼油吗,1,0.96044921875
douyin-test-006044,weixue0806,0,我也在边缘试探了,该用户想表达的含义是：我对某个产品有点心动但还在犹豫要不要下单。  （结合前文弹幕中频繁出现的产品咨询、使用反馈和购买意向，如“面膜还有没有”“12号链接有活动”等，可推断“边缘试探”是用户用调侃语气表达对某商品的潜在购买兴趣，但尚未完全下定决心。）,对象：未指明；言语行为：表达状态；原句证据：我也在边缘试探了,0,0.095947265625
douyin-test-006046,weixue0806,0,大爱,该用户想表达的含义是：对当前展示的产品或主播的表现非常喜爱和赞赏。,对象：未指明；言语行为：表达喜爱；原句证据：大爱,0,0.12225341796875
douyin-test-006111,weixue0806,1,需要卸装不,该用户是在询问直播中提到的产品是否需要卸妆步骤。,对象：用户；言语行为：询问；原句证据：需要卸装不,0,0.43310546875
douyin-test-006142,weixue0806,0,"想想想,想想,想想,想想",该用户想表达的含义是：非常想要购买当前直播中推荐的产品。,"对象：未指明；言语行为：重复表达；原句证据：想想想,想想,想想,想想",0,0.22607421875
douyin-test-006143,weixue0806,1,水光霜下链接了吗?,该用户是在询问主播是否已经上架了水光霜的购买链接，表现出明确的购买意向和急切想要下单的心理。,对象：水光霜；言语行为：询问；原句证据：水光霜下链接了吗?,1,0.97900390625
douyin-test-006160,weixue0806,1,雪啊!你说的油霜是哪个?,该用户是在询问主播刚才提到的某款油霜产品的具体名称或购买链接。,对象：油霜；言语行为：询问；原句证据：你说的油霜是哪个?,1,0.97998046875
douyin-test-006180,weixue0806,1,有定妆粉么,该用户是在询问直播间是否有售卖定妆粉产品，表现出对这类美妆用品的具体购买意向。,对象：定妆粉；言语行为：询问；原句证据：有定妆粉么,1,0.98193359375
douyin-test-006251,weixue0806,0,有黑头怎么处理雪雪[流泪][流泪][流泪][流泪][比心][比心][比心][比心][比心][比心][比心][比心][比心],该用户想表达的含义是：急切寻求解决黑头问题的方法，并希望通过主播的推荐获得有效产品。,对象：雪雪；言语行为：表达情感；原句证据：有黑头怎么处理雪雪[流泪][流泪][流泪][流泪][比心][比心][比心][比心][比心][比心][比心][比心],0,0.139892578125
douyin-test-006283,weixue0806,1,是六盒嘛?,该用户是在确认产品是否为六盒装规格。,对象：产品；言语行为：询问；原句证据：是六盒嘛?,1,0.96337890625
douyin-test-006318,weixue0806,1,你应该说一下怎么用,该用户希望主播详细讲解产品的具体使用方法或操作步骤。,对象：主播；言语行为：要求说明；原句证据：你应该说一下怎么用,0,0.3564453125
douyin-test-006334,weixue0806,1,三明治怎么用?[比心][比心][比心][比心],该用户可能是在询问直播中提到的“三明治”产品的使用方法，并附上表情符号表达对产品的兴趣或对主播的喜爱。,对象：三明治；言语行为：询问使用方法；原句证据：三明治怎么用?,1,0.966796875
douyin-test-006373,weixue0806,1,口红有吗,该用户是在询问直播间是否有口红产品在售或推荐。,对象：口红；言语行为：询问；原句证据：口红有吗,1,0.97705078125
douyin-test-006396,weixue0806,1,怎么没有你说的灌肤呢面膜,该用户想表达的含义是：主播之前提到的灌肤面膜为什么在直播中没看到或没介绍。,对象：灌肤面膜；言语行为：询问；原句证据：怎么没有你说的灌肤呢面膜,1,0.96484375
douyin-test-006406,weixue0806,0,你在吃什么呀,该用户可能是在询问主播正在展示或使用的产品是什么，暗示对当前直播内容感兴趣并想进一步了解产品细节。,对象：主播；言语行为：询问；原句证据：你在吃什么呀,0,0.3212890625
douyin-test-006414,weixue0806,1,胶原蛋白是哪一款,该用户想询问直播间正在介绍的胶原蛋白产品具体对应哪个商品链接或款式。,对象：胶原蛋白；言语行为：询问；原句证据：胶原蛋白是哪一款,1,0.96923828125
douyin-test-006426,weixue0806,1,姐姐有没有推荐给高中生的补水面膜,该用户是在询问主播是否有适合高中生使用的补水面膜推荐，表现出明确的购买意向和需求。,对象：高中生；言语行为：询问推荐；原句证据：姐姐有没有推荐给高中生的补水面膜,1,0.97900390625
douyin-test-006448,weixue0806,0,怎么那么好看呀,该用户是在夸赞直播展示的某款产品外观吸引人，暗示对产品产生了兴趣或购买意向。,对象：主播；言语行为：赞美；原句证据：怎么那么好看呀,1,0.73974609375
douyin-test-006461,weixue0806,0,姐姐姐姐黑眼圈怎么办,该用户是在询问主播推荐针对黑眼圈问题的护肤产品或解决方案。,对象：黑眼圈；言语行为：询问；原句证据：黑眼圈怎么办,0,0.1602783203125
douyin-test-006471,weixue0806,0,"姐姐,真好看,那項鍊～",该用户被主播佩戴的项链吸引，流露出对商品的欣赏和潜在的购买兴趣。,对象：项鍊；言语行为：称赞；原句证据：那項鍊～,1,0.96875
douyin-test-006488,weixue0806,0,主打就是一个叛逆[捂脸],该用户是在用调侃的语气表达自己反常规的消费态度，可能是对直播间主推的某款产品或常规护肤流程提出幽默的异议。,对象：主播；言语行为：表达情绪；原句证据：主打就是一个叛逆[捂脸],0,0.11883544921875
douyin-test-006500,weixue0806,1,外套有吗?,该用户是在询问直播间是否售卖外套类商品，表达了对该品类产品的购买意向。,对象：外套；言语行为：询问；原句证据：外套有吗?,1,0.9716796875
douyin-test-006515,weixue0806,1,法令纹严重用什么面膜,"该用户想表达的含义是：针对法令纹问题寻求适合的面膜产品推荐。  （结合前文弹幕中高频出现的护肤问题（如干皮、油痘肌、颈纹、黑眼圈等）和具体产品询问（如""1号面膜""""美白面膜""），可推断用户是在直播间主动提出自身护肤需求，并期待主播或品牌方提供解决方案，属于明确的购买兴趣导向提问。）",对象：面膜；言语行为：询问；原句证据：法令纹严重用什么面膜,1,0.9794921875
douyin-test-006542,weixue0806,0,黑眼圈大,该用户可能是在询问针对黑眼圈问题的护肤产品或解决方案。,对象：黑眼圈；言语行为：描述；原句证据：黑眼圈大,0,0.1654052734375
douyin-test-006639,weixue0806,1,用完再有水乳霜吗,该用户想询问当前推荐的水乳霜产品使用完后是否有后续同系列的替代产品或推荐搭配使用的护肤品。,对象：水乳霜；言语行为：询问；原句证据：用完再有水乳霜吗,1,0.9765625
douyin-test-006662,weixue0806,1,防晒真的好用,该用户是在认可主播推荐的防晒产品效果不错，可能暗示自己也有购买意向或已使用过同类产品。,对象：防晒产品；言语行为：推荐；原句证据：防晒真的好用,1,0.970703125
douyin-test-006682,weixue0806,0,眼袋眼袋有好方法吗,该用户想询问是否有针对眼袋问题的有效解决方案或产品推荐。,对象：眼袋；言语行为：询问；原句证据：眼袋眼袋有好方法吗,1,0.5556640625
douyin-test-006684,weixue0806,1,灌注面膜是什么品牌,该用户是想询问主播推荐的面膜品牌，表现出对产品具体信息的购买兴趣。,对象：面膜品牌；言语行为：询问；原句证据：灌注面膜是什么品牌,1,0.9755859375
douyin-test-006730,weixue0806,1,设这是睡衣吗,该用户想确认直播中展示的商品是否为睡衣款式。,对象：睡衣；言语行为：询问；原句证据：设这是睡衣吗,1,0.9775390625
douyin-test-006757,weixue0806,1,护手霜有货没有?,该用户是在询问护手霜的库存情况，暗示有购买意向并希望确认商品是否可下单。,对象：护手霜；言语行为：询问；原句证据：护手霜有货没有?,1,0.97412109375
douyin-test-006784,weixue0806,1,18号介绍一下,该用户想询问主播关于18号产品（可能是美容项目或商品）的详细信息。,对象：产品；言语行为：要求介绍；原句证据：18号介绍一下,1,0.98095703125
douyin-test-006801,weixue0806,1,面霜推荐一下,该用户希望主播能针对面霜产品给出具体的购买建议或推荐。,对象：面霜；言语行为：推荐；原句证据：面霜推荐一下,1,0.97509765625
douyin-test-006814,weixue0806,0,水蜜桃是个什么平台[捂脸],该用户可能是对直播中突然提到的“水蜜桃”平台感到困惑，误以为是与当前美容话题相关的新产品或机构，因此用调侃语气询问其含义。,对象：水蜜桃平台；言语行为：询问；原句证据：水蜜桃是个什么平台,1,0.91015625
douyin-test-006837,weixue0806,0,受损了怎么办,该用户可能是在询问产品使用过程中出现损伤情况时的处理方法，隐含对产品安全性的顾虑或售后服务的需求。,对象：皮肤；言语行为：询问；原句证据：受损了怎么办,0,0.1328125
douyin-test-006855,weixue0806,1,痘印用什么好.美女,该用户想询问针对痘印问题的有效产品或解决方案，并可能希望主播推荐或演示相关产品。,对象：痘印；言语行为：询问；原句证据：痘印用什么好.美女,1,0.962890625
douyin-test-006866,weixue0806,0,你睫毛怎么这么长,该用户可能是对主播的睫毛效果产生兴趣，想询问使用的产品或护理方法。,对象：睫毛；言语行为：询问；原句证据：你睫毛怎么这么长,0,0.09625244140625
douyin-test-006869,weixue0806,1,姐姐长痘痘用哪个,该用户想询问主播推荐适合青春期或年轻肌肤使用的祛痘产品。,对象：姐姐；言语行为：询问；原句证据：姐姐长痘痘用哪个,1,0.96484375
douyin-test-006895,weixue0806,0,凹陷呢?,该用户可能在询问主播关于面部填充或皮肤凹陷改善的医美项目或产品。,对象：水光；言语行为：询问；原句证据：凹陷呢?,0,0.302734375
douyin-test-006915,weixue0806,1,"新粉,介绍下面膜好用吗?",该用户作为新观众想了解主播推荐的面膜效果如何，是否有购买价值。,对象：面膜；言语行为：询问；原句证据：介绍下面膜好用吗?,1,0.98193359375
douyin-test-006934,weixue0806,0,雪雪对我钱包比较友好[比心][比心][比心][比心][比心],该用户想表达的含义是：这款产品价格亲民，让我很心动。  （结合语境，“雪雪”可能指主播或产品昵称，“对钱包友好”是价格实惠的委婉表达，[比心]表情强化了积极情绪，整体透露出因性价比高而产生的购买倾向。）,对象：钱包；言语行为：友好；原句证据：雪雪对我钱包比较友好,0,0.2410888671875
douyin-test-006937,weixue0806,0,肉毒弄[比心][比心][比心][比心][比心][比心][比心][比心][比心][比心][比心][比心],该用户通过高频的[比心]表情和产品简称，强烈表达了对主播推荐的肉毒类医美产品的兴趣和认可，可能是对产品效果满意或有意向购买。,对象：肉毒；言语行为：表达喜爱；原句证据：肉毒弄[比心][比心][比心][比心][比心][比心][比心][比心][比心][比心][比心][比心],0,0.340576171875
douyin-test-006946,weixue0806,1,眼膜什么时候有眼膜什么时候有,该用户急切询问眼膜产品的上架时间，表现出明确的购买意向和需求。,对象：眼膜；言语行为：询问；原句证据：眼膜什么时候有眼膜什么时候有,1,0.97265625
douyin-test-006988,weixue0806,0,眼部保养姐姐,该用户想询问主播推荐的适合眼部护理的产品或护理方法。,对象：主播；言语行为：询问；原句证据：眼部保养姐姐,0,0.27001953125
douyin-test-007000,weixue0806,0,脸垮脸凹怎么办、打什么,该用户想询问如何解决面部松弛和凹陷问题，并希望主播推荐相应的美容产品或治疗方法。,对象：脸部；言语行为：询问；原句证据：脸垮脸凹怎么办、打什么,0,0.1295166015625
douyin-test-007007,weixue0806,1,衬衫哪里买,"该用户想表达的含义是：询问直播间展示的衬衫商品购买渠道或下单方式。  （结合前文语境，弹幕多为针对直播内容的即时提问，涉及产品推荐、使用方法和效果咨询，因此""衬衫哪里买""属于典型的购买意向表达，核心诉求是获取购买信息而非单纯讨论商品。）",对象：衬衫；言语行为：询问；原句证据：衬衫哪里买,1,0.970703125
douyin-test-007019,weixue0806,0,今天刚打的皮贴骨,该用户可能是在询问主播使用的护肤品或医美项目，暗示自己也有类似的面部皮肤问题需要解决。,对象：未指明；言语行为：陈述；原句证据：今天刚打的皮贴骨,0,0.3271484375
douyin-test-007050,weixue0806,0,刚做完轮廓三件套,该用户可能是在分享自己刚完成医美项目（如面部轮廓整形），暗示对相关美容产品或服务的潜在兴趣。,对象：轮廓三件套；言语行为：陈述；原句证据：刚做完轮廓三件套,1,0.95458984375
douyin-test-007060,weixue0806,0,"做提升啊,脸垮很正常",该用户是在询问面部提升项目的效果，并表达对皮肤松弛现象的困惑和寻求解决方案的意图。,对象：脸；言语行为：描述状态；原句证据：脸垮很正常,0,0.1356201171875
douyin-test-007064,weixue0806,0,眉上面有个黑点,该用户可能在询问主播关于眉毛上方出现的黑点的美容处理方法或产品推荐。,对象：面部；言语行为：指出问题；原句证据：眉上面有个黑点,0,0.1588134765625
douyin-test-007103,weixue0806,1,毛孔粗大的,该用户想询问针对毛孔粗大问题的护肤产品或解决方案。,对象：毛孔粗大；言语行为：询问；原句证据：毛孔粗大的,0,0.2027587890625
douyin-test-007114,weixue0806,0,很吃妆是什么原因?,该用户可能是在询问化妆品（如粉底或遮瑕产品）为何容易脱妆或持妆效果不佳的原因。,对象：皮肤问题；言语行为：询问原因；原句证据：很吃妆是什么原因?,0,0.150146484375
douyin-test-007125,weixue0806,0,口角囊袋怎么办,该用户想表达的含义是：咨询如何解决嘴角皮肤松弛或下垂的问题。,对象：口角囊袋；言语行为：询问；原句证据：口角囊袋怎么办,0,0.1339111328125
douyin-test-007135,weixue0806,1,唇膏你用的是粉色还是蓝色,该用户想询问主播正在使用的唇膏颜色，可能是为了参考选择或确认产品效果。,对象：唇膏；言语行为：询问；原句证据：唇膏你用的是粉色还是蓝色,1,0.97509765625
douyin-test-007145,weixue0806,0,有斑怎么办?有斑怎么办?有斑怎么办?有斑怎么办?有斑怎么办?有斑怎么办?,该用户急切寻求解决面部色斑问题的产品或方法，表现出较强的护肤需求和潜在购买意向。,对象：有斑；言语行为：询问；原句证据：有斑怎么办?有斑怎么办?有斑怎么办?有斑怎么办?有斑怎么办?有斑怎么办?,0,0.217041015625
douyin-test-007154,weixue0806,0,"我都快用完了,才知道怎么用",该用户想表达的含义是：自己在产品快用完时才掌握正确的使用方法，略带遗憾和感慨。  （结合前文弹幕中频繁出现的使用方法疑问和纠错内容，可推断用户可能因初期操作不当影响效果，如今才理解正确用法，隐含对产品效果的认可或对自身使用失误的懊恼。）,"对象：产品；言语行为：反馈；原句证据：我都快用完了,才知道怎么用",1,0.53515625
douyin-test-007172,weixue0806,0,鼻子塌怎么办,该用户可能是在询问直播间推荐的产品或美容方法能否改善鼻部塌陷的问题。,对象：鼻子；言语行为：询问；原句证据：鼻子塌怎么办,0,0.131103515625
douyin-test-007210,weixue0806,1,面膜有吗,该用户想询问直播间是否有面膜产品在售或推荐。,对象：面膜；言语行为：询问；原句证据：面膜有吗,1,0.97705078125
douyin-test-007215,weixue0806,1,讲一下用法,该用户想表达的含义是：希望主播详细讲解当前展示产品的使用方法。,对象：产品；言语行为：询问；原句证据：讲一下用法,1,0.978515625
douyin-test-007226,weixue0806,0,祛斑祛斑,该用户想表达的是询问直播间是否有祛斑相关的产品或解决方案。,对象：产品；言语行为：推荐；原句证据：祛斑祛斑,1,0.80126953125
douyin-test-007233,weixue0806,0,换地方了,该用户可能是在询问主播是否更换了直播场地或背景环境。,对象：未指明；言语行为：转移话题；原句证据：换地方了,0,0.12176513671875
douyin-test-007250,weixue0806,0,光子能一直做吗,该用户可能是在询问直播中提到的“光子”类产品或美容项目是否会长期持续提供或定期返场。,对象：光子；言语行为：询问；原句证据：光子能一直做吗,0,0.13134765625
douyin-test-007264,weixue0806,1,"要油,面霜",该用户想表达的含义是：询问或表示对直播间推荐的护肤油和面霜产品感兴趣。,"对象：面霜；言语行为：要求；原句证据：要油,面霜",1,0.984375
douyin-test-007276,weixue0806,1,5号面膜怎么用,该用户想询问5号面膜的具体使用方法，可能是对产品功效感兴趣或已购买需要指导。,对象：面膜；言语行为：询问使用方法；原句证据：5号面膜怎么用,1,0.98095703125
douyin-test-007285,weixue0806,1,洗头膏推荐,该用户希望主播能推荐一款适合自己使用的洗发产品。,对象：洗头膏；言语行为：推荐；原句证据：洗头膏推荐,1,0.9775390625
douyin-test-007294,weixue0806,1,"还有你推荐的防晒超级好用,谢谢",该用户想表达的含义是：对主播之前推荐的防晒产品表示认可和感谢，暗示对主播的信任和可能继续关注其推荐。,对象：防晒；言语行为：感谢；原句证据：谢谢,1,0.900390625
douyin-test-007322,weixue0806,0,耳钉耳钉,该用户想表达的含义是：询问或催促主播介绍或展示耳钉产品。,对象：耳钉；言语行为：关注；原句证据：耳钉耳钉,1,0.9697265625
douyin-test-007334,weixue0806,0,眼周的个别脂肪粒怎么办,该用户想咨询如何解决眼部周围脂肪粒的问题，可能对相关护肤产品或护理方法感兴趣。,对象：眼周脂肪粒；言语行为：询问处理方法；原句证据：眼周的个别脂肪粒怎么办,0,0.1693115234375
douyin-test-007347,weixue0806,1,大干皮用啥面膜,该用户是在询问适合干性皮肤使用的面膜推荐。,对象：面膜；言语行为：询问；原句证据：大干皮用啥面膜,1,0.978515625
douyin-test-007383,weixue0806,0,毛孔粗大用什么产品,该用户想表达的含义是：希望主播推荐针对改善毛孔粗大问题的护肤产品。,对象：毛孔粗大；言语行为：询问；原句证据：毛孔粗大用什么产品,1,0.97216796875
douyin-test-007392,weixue0806,1,胶原蛋白流失用什么,该用户可能在询问针对胶原蛋白流失问题的护肤产品推荐。,对象：胶原蛋白；言语行为：询问；原句证据：胶原蛋白流失用什么,1,0.95361328125
douyin-test-007399,weixue0806,1,你口红是哪个链接[看],该用户想询问主播口红的购买链接，表达了对该产品的具体购买意向。,对象：口红；言语行为：询问；原句证据：你口红是哪个链接[看],1,0.974609375
douyin-test-007468,weixue0806,1,189几张面膜呢,该用户是在询问189元的价格对应包含多少片面膜。,对象：面膜；言语行为：询问价格；原句证据：189几张面膜呢,1,0.97607421875
douyin-test-007511,weixue0806,1,真的可以祛斑嘛[害羞],该用户是在询问产品的祛斑效果是否真实可靠，同时流露出对产品功效的期待和些许不确定的试探心理。,对象：祛斑产品；言语行为：询问效果；原句证据：真的可以祛斑嘛,1,0.65283203125
douyin-test-007524,weixue0806,1,可以和大师面膜同时敷吗,该用户想询问当前介绍的产品是否可以与之前提到的大师面膜一起使用。,对象：面膜；言语行为：询问；原句证据：可以和大师面膜同时敷吗,1,0.97802734375
douyin-test-007527,weixue0806,0,我脸特别黄,该用户可能是在询问适合改善暗黄肤色的产品推荐。,对象：用户；言语行为：陈述；原句证据：我脸特别黄,0,0.1619873046875
douyin-test-007538,weixue0806,1,项链是谁家的,该用户想询问当前展示的项链是哪个品牌或商家的产品。,对象：项链；言语行为：询问；原句证据：项链是谁家的,1,0.96533203125
douyin-test-007579,weixue0806,1,一周贴几次?,该用户可能是在询问某款面膜或护肤产品的建议使用频率。,对象：面膜；言语行为：询问使用频率；原句证据：一周贴几次?,1,0.91650390625
douyin-test-007584,weixue0806,1,有祛斑功效吗,该用户是在询问直播推荐的产品是否具备淡化色斑的效果。,对象：精华油；言语行为：询问功效；原句证据：有祛斑功效吗,1,0.96923828125
douyin-test-007615,weixue0806,0,毛孔大出油,该用户可能在询问针对毛孔粗大和油性肌肤问题的护肤产品推荐。,对象：皮肤；言语行为：描述；原句证据：毛孔大出油,0,0.1689453125
douyin-test-007679,weixue0806,0,好想知道你女儿长什么样肯定被养得很好吧[流泪],该用户可能在表达对主播家庭生活的羡慕和情感共鸣，暗示对主播育儿方式的认可，而非直接的商品购买兴趣。,对象：女儿；言语行为：评价；原句证据：好想知道你女儿长什么样肯定被养得很好吧[流泪],0,0.0982666015625
douyin-test-007727,weixue0806,1,"眼底化妆了有细纹拍哪个链接,眼底化妆了有细纹拍哪个链接",该用户想询问针对眼部细纹问题的具体产品购买链接，表现出明确的购买意向和需求。,对象：眼底化妆；言语行为：询问；原句证据：眼底化妆了有细纹拍哪个链接,1,0.927734375
douyin-test-007736,weixue0806,1,你的睡衣有链接吗,该用户是在询问主播身上穿的睡衣是否有对应的商品购买链接，表现出对睡衣款式的兴趣和潜在的购买意向。,对象：睡衣；言语行为：询问；原句证据：你的睡衣有链接吗,1,0.97314453125
douyin-test-007774,weixue0806,0,用洗脸刷洗脸毛孔会越来越大吗,该用户担心使用洗脸刷会导致毛孔粗大，想确认产品的安全性或寻求护肤建议。,对象：洗脸刷；言语行为：询问；原句证据：用洗脸刷洗脸毛孔会越来越大吗,1,0.93359375
douyin-test-007803,weixue0806,1,6号讲下,该用户希望主播详细介绍一下6号产品的相关信息。,对象：主播；言语行为：要求讲解；原句证据：6号讲下,1,0.9736328125
douyin-test-007821,weixue0806,0,queen女王皇后,"该用户可能在呼应主播展示的产品名称或品牌相关词汇，表达对""Queen""系列商品的关注或认同。",对象：queen；言语行为：称呼；原句证据：queen女王皇后,1,0.60498046875
douyin-test-007822,weixue0806,0,女王吧,该用户是在确认或强调主播提到的产品名称“Queen”对应的中文含义是“女王”。,对象：女王；言语行为：回应；原句证据：女王吧,1,0.88330078125
douyin-test-007854,weixue0806,0,"今天用了一下洗面奶,挺清爽的",该用户想表达的含义是：对之前使用过的洗面奶表示满意，暗示可能考虑回购或推荐给他人。,"对象：洗面奶；言语行为：评价；原句证据：今天用了一下洗面奶,挺清爽的",1,0.97998046875
douyin-test-007876,weixue0806,1,讲一下面霜,该用户希望主播详细介绍当前推荐的面霜产品的功效、适用肤质或使用方法。,对象：面霜；言语行为：请求讲解；原句证据：讲一下面霜,1,0.982421875
douyin-test-007882,weixue0806,1,为什么直播里有安敏优的面膜但是点进橱窗里没有呀,该用户想表达的含义是：对直播中提到的安敏优面膜感兴趣，但在商品橱窗里找不到购买链接而感到疑惑。,对象：直播橱窗；言语行为：询问；原句证据：为什么直播里有安敏优的面膜但是点进橱窗里没有呀,1,0.8662109375
douyin-test-007888,weixue0806,1,今天这睡衣不错哟,该用户对直播展示的睡衣产生了购买兴趣，认为款式或品质值得关注。,对象：睡衣；言语行为：称赞；原句证据：今天这睡衣不错哟,1,0.97314453125
douyin-test-007914,weixue0806,0,关掉美颜看看,该用户可能是想确认主播的真实肤质或产品效果，对当前展示的美颜修饰存在疑虑，希望通过关闭美颜更客观地评估商品真实性。,对象：直播画面；言语行为：要求操作；原句证据：关掉美颜看看,0,0.458984375
douyin-test-007931,weixue0806,1,2号面膜看一下,该用户想表达的含义是：请主播展示或详细介绍2号面膜的产品信息。,对象：面膜；言语行为：查看；原句证据：2号面膜看一下,1,0.978515625
douyin-test-007948,weixue0806,1,姐23岁是个什么面膜?,该用户想询问主播推荐适合23岁年龄使用的面膜产品。,对象：面膜；言语行为：询问；原句证据：姐23岁是个什么面膜?,1,0.9755859375
douyin-test-008025,weixue0806,1,睫毛膏哪款,该用户想询问直播中推荐的睫毛膏产品款式。,对象：睫毛膏；言语行为：询问；原句证据：睫毛膏哪款,1,0.97607421875
douyin-test-008044,weixue0806,0,以油养眼,该用户可能在询问主播是否有推荐的眼部护理油产品或想了解“以油养眼”的护肤方法。,对象：眼；言语行为：建议；原句证据：以油养眼,0,0.283447265625
douyin-test-008058,weixue0806,0,要做什么Y美,该用户想询问如何进行医美项目来改善皮肤问题。,对象：Y美；言语行为：询问；原句证据：要做什么Y美,0,0.173095703125
douyin-test-008081,weixue0806,1,孕妇颈纹霜有推荐吗?孕妇颈纹霜有推荐吗?孕妇颈纹霜有推荐吗?,该用户急切地想询问适合孕妇使用的颈纹护理产品推荐。,对象：孕妇颈纹霜；言语行为：询问推荐；原句证据：孕妇颈纹霜有推荐吗?,1,0.978515625
douyin-test-008121,weixue0806,1,有试用吗,该用户想询问产品是否提供试用装或试用服务。,对象：产品；言语行为：询问；原句证据：有试用吗,1,0.9775390625
douyin-test-008208,weixue0806,0,面膜是不是都有试用装,该用户想询问面膜产品是否提供小样试用装以便体验效果。,对象：面膜；言语行为：询问；原句证据：面膜是不是都有试用装,1,0.97900390625
douyin-test-008210,weixue0806,1,你用的啥气垫,该用户可能是对主播使用的气垫产品产生了兴趣，想了解具体品牌或型号以便购买。,对象：气垫；言语行为：询问；原句证据：你用的啥气垫,1,0.97119140625
douyin-test-008211,weixue0806,1,最近脸特干用什么油,该用户想询问适合脸部干燥状况使用的护肤油产品推荐。,对象：脸部；言语行为：询问；原句证据：最近脸特干用什么油,1,0.97021484375
douyin-test-008217,weixue0806,1,法令纹用这个效果也好嘛,该用户是在询问当前直播推荐的产品对改善法令纹是否同样有效，表现出对产品功效的针对性关注和潜在购买意向。,对象：法令纹；言语行为：评价；原句证据：效果也好嘛,1,0.654296875
douyin-test-008236,weixue0806,0,去痘印的[流泪]去痘印的,该用户急切地询问直播间是否有能祛痘印的产品，并流露出对解决皮肤问题的强烈需求。,对象：痘印；言语行为：询问；原句证据：去痘印的[流泪]去痘印的,1,0.91845703125
douyin-test-008252,weixue0806,1,美白面膜几号,该用户想询问美白面膜的具体产品编号或链接以便购买。,对象：美白面膜；言语行为：询问；原句证据：美白面膜几号,1,0.98046875
douyin-test-008280,weixue0806,1,精华是分开发吗,该用户是在询问面膜和精华液是否需要分开步骤使用，或是否可以同时使用。,对象：精华；言语行为：询问；原句证据：精华是分开发吗,1,0.9814453125
douyin-test-008286,weixue0806,1,水乳有推荐吗,该用户是在询问主播能否推荐适合自己使用的水乳产品。,对象：水乳；言语行为：询问；原句证据：水乳有推荐吗,1,0.97412109375
douyin-test-008295,weixue0806,1,这款拍了有没有补水的面膜,该用户是在询问购买这款面膜是否能起到补水效果。,对象：面膜；言语行为：询问；原句证据：这款拍了有没有补水的面膜,1,0.98046875
douyin-test-008296,weixue0806,1,美白面膜后需要洗脸吗,该用户是在询问使用美白面膜后的具体护肤步骤，想确认是否需要额外清洁以避免残留或不适。,对象：美白面膜；言语行为：询问使用方法；原句证据：美白面膜后需要洗脸吗,1,0.9765625
douyin-test-008309,weixue0806,0,就是的,该用户可能是在附和或赞同前面某条关于产品效果的讨论，表示认可或支持他人的观点。,对象：未指明；言语行为：附和；原句证据：就是的,1,0.931640625
douyin-test-008313,weixue0806,1,发膜发膜发膜发膜发膜,该用户急切地询问或催促主播介绍或上架发膜产品。,对象：发膜；言语行为：重复强调；原句证据：发膜发膜发膜发膜发膜,1,0.97705078125
douyin-test-008342,weixue0806,1,面膜敷完要洗脸吗,该用户是在询问使用面膜后的清洁步骤，表现出对产品使用方法的关注和潜在的购买顾虑。,对象：面膜；言语行为：询问；原句证据：面膜敷完要洗脸吗,1,0.97900390625
douyin-test-008356,weixue0806,1,极光四季精华油你有没有了,该用户是在询问主播“极光四季精华油”这款产品是否还有库存或能否购买。,对象：极光四季精华油；言语行为：询问；原句证据：极光四季精华油你有没有了,1,0.97607421875
douyin-test-008382,weixue0806,0,"卖,那么多单,我的天",该用户惊讶于商品销量之高，间接表现出对产品的兴趣和认可。,"对象：主播；言语行为：惊讶；原句证据：卖,那么多单,我的天",0,0.11865234375
douyin-test-008393,weixue0806,0,已经拍了的怎么办,该用户可能是在询问已经下单的商品是否需要重新操作（如退款重拍）以享受当前活动优惠或更正购买信息。,对象：已拍商品；言语行为：询问处理方式；原句证据：已经拍了的怎么办,0,0.1923828125
douyin-test-008407,weixue0806,1,送的精华怎么用,该用户想询问赠品精华液的使用方法，可能是对产品功效或使用步骤存在疑问。,对象：送的精华；言语行为：询问使用方法；原句证据：送的精华怎么用,1,0.95458984375
douyin-test-008413,weixue0806,0,你做额头啦?,该用户可能在询问主播是否做了额头部位的医美项目或美容护理。,对象：主播；言语行为：请求服务；原句证据：你做额头啦?,0,0.1300048828125
douyin-test-008429,weixue0806,1,耳环是哪家的,该用户想询问直播中展示的耳环的品牌或购买渠道。,对象：耳环；言语行为：询问来源；原句证据：耳环是哪家的,1,0.96142578125
douyin-test-008478,weixue0806,0,是5片,该用户是在确认或质疑产品规格是否为五片装。,对象：产品；言语行为：确认；原句证据：是5片,1,0.7666015625
douyin-test-008482,weixue0806,1,4号链接怎么用,该用户想询问4号链接商品的具体使用方法或操作步骤。,对象：4号链接；言语行为：询问；原句证据：4号链接怎么用,1,0.97705078125
douyin-test-008489,weixue0806,0,怎么瘦,该用户可能是在询问主播关于产后瘦身或快速减肥的方法。,对象：用户；言语行为：询问；原句证据：怎么瘦,0,0.17626953125
douyin-test-008491,weixue0806,0,"要显示5片*3盒呀,就显示了5片",该用户可能是在疑惑或抱怨商品详情页显示的信息与实际不符，原本应该展示“5片×3盒”的规格却只显示了“5片”，担心自己购买时理解有误或商家标注不清晰。,"对象：商品；言语行为：指出；原句证据：要显示5片*3盒呀,就显示了5片",0,0.40869140625
douyin-test-008527,weixue0806,1,用了会变激素脸吗[捂脸][捂脸],该用户是在担忧产品的安全性，询问使用后是否会导致皮肤激素依赖等不良反应。,对象：产品；言语行为：询问；原句证据：用了会变激素脸吗,1,0.87744140625
douyin-test-008529,weixue0806,0,"就显示五片,退了[捂脸]",该用户因对产品展示的规格（仅五片）不满意而决定取消购买意向。,"对象：产品；言语行为：退货；原句证据：就显示五片,退了[捂脸]",0,0.262451171875
douyin-test-008532,weixue0806,1,口红上一下,该用户希望主播尽快展示或讲解口红的商品信息。,对象：口红；言语行为：请求展示；原句证据：口红上一下,1,0.9814453125
douyin-test-008570,weixue0806,1,染眉膏有吗?,该用户是在询问直播间是否有染眉膏这一产品，表现出对购买或了解该商品的兴趣。,对象：染眉膏；言语行为：询问；原句证据：染眉膏有吗?,1,0.9833984375
douyin-test-008626,weixue0806,1,"我要纯补水的面膜,拍哪个",该用户明确表达了想购买一款具有单纯补水功效的面膜，并希望主播直接推荐对应的商品链接。,"对象：面膜；言语行为：询问；原句证据：我要纯补水的面膜,拍哪个",1,0.98193359375
douyin-test-008636,weixue0806,0,美白精华涂完之后你,该用户可能在询问美白精华的使用效果或后续护肤步骤，表现出对产品的具体功效或使用方法的兴趣。,对象：美白精华；言语行为：使用；原句证据：美白精华涂完之后你,1,0.94970703125
douyin-test-008640,weixue0806,1,雪眼霜链接几,该用户想询问主播提到的“雪眼霜”产品购买链接是哪一个。,对象：眼霜；言语行为：询问；原句证据：雪眼霜链接几,1,0.9794921875
douyin-test-008652,weixue0806,1,可以去痘印么,该用户想询问直播中推荐的产品是否具有淡化痘印的效果。,对象：痘印；言语行为：询问；原句证据：可以去痘印么,0,0.370849609375
douyin-test-008667,weixue0806,0,听减肥,该用户想表达的含义是：询问直播间是否有关于减肥产品或方法的推荐。,对象：主播；言语行为：提问；原句证据：听减肥,0,0.21826171875
douyin-test-008683,weixue0806,1,防晒在几号链接?,该用户想询问防晒产品对应的商品购买链接编号。,对象：防晒；言语行为：询问；原句证据：防晒在几号链接?,1,0.9794921875
douyin-test-008745,weixue0806,1,有没有祛斑效果好的,该用户是在询问直播间推荐的产品中是否有针对祛斑问题效果显著的美容产品。,对象：祛斑产品；言语行为：询问；原句证据：有没有祛斑效果好的,1,0.96826171875
douyin-test-008763,weixue0806,1,姐姐能讲一下14号链接吗,该用户希望主播详细介绍14号商品的具体信息或使用体验。,对象：14号链接；言语行为：请求说明；原句证据：姐姐能讲一下14号链接吗,1,0.97900390625
douyin-test-008768,weixue0806,1,8号跟10号油有什么区别,该用户想询问8号和10号护肤油的功效差异或适用场景，以帮助自己做出购买决策。,对象：产品；言语行为：询问差异；原句证据：8号跟10号油有什么区别,1,0.97802734375
douyin-test-008777,weixue0806,1,3号说一下,该用户想表达的含义是：希望主播详细介绍3号产品的相关信息或使用体验。,对象：4号；言语行为：请求；原句证据：3号说一下,1,0.98193359375
douyin-test-008815,weixue0806,1,眼膜开一下,该用户希望主播重新介绍或上架眼膜产品的购买链接。,对象：眼膜；言语行为：请求；原句证据：眼膜开一下,1,0.97607421875
douyin-test-008821,weixue0806,0,怎么扣,该用户想询问商品的使用方法或操作步骤。,对象：未指明；言语行为：询问；原句证据：怎么扣,0,0.10906982421875
douyin-test-008864,weixue0806,1,眼睫毛是哪个,该用户想询问主播当前展示或提到的睫毛产品具体是哪一款或哪个品牌。,对象：眼睫毛；言语行为：询问；原句证据：眼睫毛是哪个,0,0.16064453125
douyin-test-008887,weixue0806,1,有什么功效的,该用户是在询问直播中提到的产品具体有哪些功能或效果。,对象：产品；言语行为：询问；原句证据：有什么功效的,1,0.9609375
douyin-test-008924,weixue0806,0,表示认同,该用户可能是在对主播之前介绍的某款产品或护肤建议表示赞同和认可。,对象：未指明；言语行为：认同；原句证据：表示认同,0,0.09912109375
douyin-test-008938,weixue0806,1,白月夜的面膜敷完要洗吗,该用户想询问白月夜面膜的使用方法，以确认是否需要清洗，从而评估产品的使用便捷性和自身购买意向。,对象：面膜；言语行为：询问使用方法；原句证据：白月夜的面膜敷完要洗吗,1,0.9814453125
douyin-test-008945,weixue0806,1,请问美白内服什么?谢谢,该用户是在询问直播间推荐的美白内服产品具体是什么。,对象：美白内服；言语行为：询问；原句证据：请问美白内服什么?谢谢,1,0.97509765625
douyin-test-008992,weixue0806,1,10号精油4月6号有吗?,该用户是在询问直播间是否会在4月6日提供10号精油的销售。,对象：精油；言语行为：询问；原句证据：10号精油4月6号有吗?,1,0.9765625
douyin-test-008999,weixue0806,0,芭比粉,该用户可能在询问或评价某款产品（如口红、唇彩等）的“芭比粉”色号是否适合或好看。,对象：未指明；言语行为：表达喜好；原句证据：芭比粉,0,0.3271484375
