row_id,platform,split,source_index,live_id,species,content,label,official_background,context_json,prediction,raw_response,inference_seconds,generated_tokens,attempts,error
douyin-test-000018,douyin,test,18,56697889278,生活日杂,紫砂壶,1,该用户可能是在询问或提醒主播展示或介绍紫砂壶产品。,"[""好吃"", ""防晒口罩防晒口罩防晒口罩防晒口罩"", ""白水苹果"", ""刺身，我喜欢现买现吃"", ""吃过，很好吃""]",0,"<think>

</think>

0",0.22395850000611972,6,1,
douyin-test-000022,douyin,test,22,56697889278,生活日杂,吃中午了,0,该用户可能在询问直播中展示的商品是否适合作为午餐食材。,"[""吃过，很好吃"", ""紫砂壶"", ""生的鲜嫩呀"", ""有锅吗？"", ""有菜子油吗""]",0,"<think>

</think>

0",0.2047482000052696,6,1,
douyin-test-000059,douyin,test,59,56697889278,生活日杂,好吃么,1,该用户想询问该食品的口味如何，以评估是否值得购买。,"[""一袋10个，一共40"", ""不常见"", ""我儿子特别挑，平时不吃水饺，但是这个他愿意吃"", ""一单40个"", ""看着不错""]",1,"<think>

</think>

1",0.19842729999800213,6,1,
douyin-test-000066,douyin,test,66,56697889278,生活日杂,卷钱跑路,0,该用户可能是在调侃或讽刺主播推销产品的行为过于急切，像是在急着敛财后离开。,"[""小贝，辛苦了"", ""现在发型好看"", ""听他们讲产品，耳朵都很舒服"", ""还想看一眼蒲公英饺子"", ""小贝感冒的声音""]",0,"<think>

</think>

0",0.1932978999975603,6,1,
douyin-test-000069,douyin,test,69,56697889278,生活日杂,感觉他两个人好无聊,0,该用户觉得直播间的两位主播互动缺乏趣味性，观看体验比较乏味。,"[""还想看一眼蒲公英饺子"", ""小贝感冒的声音"", ""卷钱跑路"", ""防晒喷雾，防晒喷雾，防晒喷雾，防晒喷雾，防晒喷雾，防晒喷雾"", ""微波炉可以用吗""]",0,"<think>

</think>

0",0.20029979999526404,6,1,
douyin-test-000081,douyin,test,81,56697889278,生活日杂,好吃,1,该用户想表达的含义是：对当前展示的商品表示满意或认可其品质。,"[""没货了，加点"", ""没了"", ""小贝孔雀飞回北方冷了"", ""给力"", ""美可卓有吗""]",0,"<think>

</think>

0",0.19144919999234844,6,1,
douyin-test-000091,douyin,test,91,56697889278,生活日杂,小贝好看,0,该用户想表达的含义是：称赞主播或商品的外观吸引人。,"[""放点枸杞，红枣"", ""怎么做的？？？"", ""中果没有了"", ""煮熟的失去Vc！"", ""苹果是要1元运费""]",0,"<think>

</think>

0",0.20141379999404307,6,1,
douyin-test-000094,douyin,test,94,56697889278,生活日杂,贝贝，烤奶，空气炸锅烤多长时间？,1,该用户想询问主播用空气炸锅制作苹果烤奶的具体烹饪时间。,"[""煮熟的失去Vc！"", ""苹果是要1元运费"", ""小贝好看"", ""主播介绍一下，苹果烤奶做法？？？"", ""小果多大""]",1,"<think>

</think>

1",0.20019509999838192,6,1,
douyin-test-000107,douyin,test,107,56697889278,生活日杂,是净重五斤吗,1,该用户是在确认商品的包装规格是否为去掉包装后的实际重量五斤。,"[""苹果脆吗"", ""苹果酸奶吗"", ""苹果好吃"", ""陕西的苹果都很好"", ""小米是那种黄金小米吗？""]",1,"<think>

</think>

1",0.19226829998660833,6,1,
douyin-test-000117,douyin,test,117,56697889278,生活日杂,你尝一尝,0,该用户可能是想让主播现场试吃展示苹果的口感或品质。,"[""上次久泰农业的苹果有吗"", ""不错"", ""美可卓全脂"", ""苹果比超市还便宜，宇辉同行直播间买的放心"", ""下单了""]",0,"<think>

</think>

0",0.19159380000201054,6,1,
douyin-test-000149,douyin,test,149,56697889278,生活日杂,数字代表什么意思？,0,该用户可能在询问直播间提到的产品编号（如“72号”“9号”）所对应的具体品种或品质差异。,"[""皮能吃"", ""谢谢主播的分享"", ""中午好"", ""看一下衬衫"", ""几号链接的瓜好吃""]",1,"<think>

</think>

1",0.19437500000640284,6,1,
douyin-test-000160,douyin,test,160,56697889278,生活日杂,烤肠,1,该用户可能是想询问直播间是否有售卖烤肠，或是表达对烤肠产品的兴趣。,"[""没货72"", ""中午好"", ""好吃的！以经没货了！"", ""博洋几号更甜？"", ""哪个巨甜和脆""]",0,"<think>

</think>

0",0.19799450000573415,6,1,
douyin-test-000164,douyin,test,164,56697889278,生活日杂,这个是水果？,1,该用户可能是在询问当前展示的商品是否为水果类产品，或是想确认某种特定水果的品种或品质。,"[""哪个巨甜和脆"", ""烤肠"", ""拍不了"", ""没货了"", ""哪个更甜""]",0,"<think>

</think>

0",0.18779509999149013,6,1,
douyin-test-000181,douyin,test,181,56697889278,生活日杂,请问宿舍没冰箱能放多久,1,该用户是在询问产品在无冷藏条件下的保质期限，以评估是否适合宿舍环境使用。,"[""甜吗"", ""黑玉米有吗"", ""煮的时候要去袋子吗"", ""蒸肉粉"", ""好吃""]",1,"<think>

</think>

1",0.20403389999410138,6,1,
douyin-test-000234,douyin,test,234,56697889278,生活日杂,麻辣香肠有吗麻辣香肠有吗,1,该用户急切地询问直播间是否售卖麻辣香肠，表现出明确的购买意向和重复强调的需求。,"[""有小花糯玉米吗"", ""彩糯有吗"", ""去袋子，蒸10多分钟，好吃"", ""会不会老"", ""微波炉加热行吗""]",1,"<think>

</think>

1",0.20816819999890868,6,1,
douyin-test-000235,douyin,test,235,56697889278,生活日杂,你们今年还卖西湖龙井茶吗？,1,该用户是在询问直播间是否会上架西湖龙井茶，表现出明确的购买意向和对该商品的兴趣。,"[""彩糯有吗"", ""去袋子，蒸10多分钟，好吃"", ""会不会老"", ""微波炉加热行吗"", ""麻辣香肠有吗麻辣香肠有吗""]",1,"<think>

</think>

1",0.21489429999201093,6,1,
douyin-test-000250,douyin,test,250,56697889278,生活日杂,空气炸锅15分钟特别香,0,该用户想表达的含义是：空气炸锅烹饪的食物在短时间内就能散发出诱人香气，暗示对产品效果感兴趣或想确认使用体验。,"[""没了"", ""这个升糖快吗？"", ""炒锅有吗"", ""小贝30号去杭州不"", ""玉米没买到""]",1,"<think>

</think>

1",0.21448530000634491,6,1,
douyin-test-000311,douyin,test,311,56697889278,生活日杂,四季豆好吃,1,该用户是在认可或分享四季豆的食用体验，暗示对产品品质的满意或潜在的复购意向。,"[""四季豆一定要弄熟，否则会中毒"", ""亚麻籽"", ""菊乐雪域冰川纯牛奶还有吗？"", ""干扁四季豆"", ""一定煮熟了""]",0,"<think>

</think>

0",0.19467110000550747,6,1,
douyin-test-000335,douyin,test,335,56697889278,生活日杂,过了油的,0,该用户想表达的含义是：这道菜已经完成了油炸的烹饪步骤。  （结合前文语境，弹幕多围绕烹饪方法和食材讨论，如“微炸”“干煸豆角”等，用户可能是补充说明当前菜品制作状态或分享烹饪技巧。）,"[""小贝衣服什么牌子的，好看啊"", ""这个很好吃，恒炒肉丝"", ""加点酸菜"", ""我放了油麻椒，葱姜蒜，然后用这个煎煎的那个皮薄一些，再放点调料，炒一炒，炒软了好吃"", ""干煸豆角""]",0,"<think>

</think>

0",0.20293820000370033,6,1,
douyin-test-000362,douyin,test,362,56697889278,生活日杂,咸鸭蛋,1,该用户可能是在询问或评论直播中提到的咸鸭蛋的口味或品质。,"[""徒手抓的，我要宇辉抓的鱼"", ""宝宝零食"", ""咸不咸"", ""搞点普洱茶"", ""蛋清齁咸吗""]",1,"<think>

</think>

1",0.19366569998965133,6,1,
douyin-test-000371,douyin,test,371,56697889278,生活日杂,长春为啥不配送,0,该用户想表达的含义是：对所在地区无法购买商品感到疑惑和不满。,"[""不咸 好吃的很"", ""谁打与辉了"", ""还跳舞吗"", ""这个是不是海鸭蛋"", ""怎么保存""]",0,"<think>

</think>

0",0.191623199993046,6,1,
douyin-test-000383,douyin,test,383,56697889278,生活日杂,60克和70克什么区别,1,该用户想询问产品在60克和70克规格之间的具体差异，可能是为了比较性价比或选择更适合自己的分量。,"[""缓缓飘落的枫叶像思念"", ""甘肃不发货,咋回事？"", ""有卤猪蹄吗"", ""主播看看你的上衣"", ""儿童大网那种跑鞋""]",1,"<think>

</think>

1",0.20530029998917598,6,1,
douyin-test-000433,douyin,test,433,56697889278,生活日杂,什么时候有菜板？谢谢,1,该用户是在询问直播间是否会售卖菜板产品，并希望得到回复。,"[""小贝，这些产品你们都没有经验"", ""皮蛋除了凉拌还有其它吃饭吗？能爆炒吗？"", ""生蚝已经讲过了吗"", ""青提牛奶还有吗"", ""夏天凉拌菜""]",1,"<think>

</think>

1",0.2000557999999728,6,1,
douyin-test-000466,douyin,test,466,56697889278,生活日杂,衬衣真好看,1,该用户被直播中展示的衬衫款式吸引，产生了欣赏或潜在的购买意向。,"[""保温杯很好"", ""黄鱼有刺吗"", ""下单2号商品"", ""宇辉回北京了吗"", ""小贝中午好""]",0,"<think>

</think>

0",0.19186980000813492,6,1,
douyin-test-000489,douyin,test,489,56697889278,生活日杂,链接呢,1,该用户可能在询问商品的购买链接，表现出对直播中提到的某样产品有购买意向。,"[""最近有白酒么"", ""好吃"", ""真的我以前不敢吃到现在很爱吃"", ""有料包吗"", ""衬衣是车里的？""]",1,"<think>

</think>

1",0.19359550000808667,6,1,
douyin-test-000503,douyin,test,503,56697889278,生活日杂,保温杯,1,该用户可能是想询问或了解直播间正在介绍的保温杯产品信息。,"[""不能炒！"", ""喜欢吃油炸带鱼"", ""看上去不错的"", ""几点讲衬衣？"", ""米酒""]",0,"<think>

</think>

0",0.19087530000251718,6,1,
douyin-test-000532,douyin,test,532,56697889278,生活日杂,米皮保质期,1,该用户是想询问米皮的保质期时长，以便决定是否购买。,"[""这款米皮好吃 拍过很多次"", ""橱窗里面有小米"", ""会不会讲护颈脖套"", ""米皮，白吉馍都好吃"", ""就是凉皮吗？""]",1,"<think>

</think>

1",0.20624430000316352,6,1,
douyin-test-000540,douyin,test,540,56697889278,生活日杂,想要这个碗呢,1,该用户表达了对直播中展示的碗有明确的购买意向。,"[""帅哥帅哥帅哥"", ""陕西行我买过，很好吃，香"", ""中午好"", ""碗有吗？"", ""请回复 保质期""]",1,"<think>

</think>

1",0.19508560000394937,6,1,
douyin-test-000546,douyin,test,546,56697889278,生活日杂,放点黄瓜,1,该用户可能是希望主播展示或介绍与黄瓜相关的产品，或是建议在当前的食品展示中加入黄瓜作为搭配。,"[""用公筷"", ""顺便买一买"", ""保质期越短越健康哟"", ""这个碗有卖吗"", ""想要这个碗""]",0,"<think>

</think>

0",0.19520529999863356,6,1,
douyin-test-000566,douyin,test,566,56697889278,生活日杂,要碗,1,该用户想表达的是对直播中展示的碗感兴趣并希望购买。,"[""正在吃，超级好吃"", ""不错不错，凉皮凉粉又没u哟与"", ""胡萝卜丝菠菜也可以"", ""十一天快递到不了，算了"", ""碳水真是幸福的""]",1,"<think>

</think>

1",0.20142009999835864,6,1,
douyin-test-000681,douyin,test,681,56697889278,生活日杂,小传熙下午好,0,该用户可能是在向主播或直播间其他观众打招呼，表达友好的互动意愿。,"[""这个玉米好吃"", ""有好吃的百香果吗？"", ""减脂期可以吃吗"", ""除螨仪"", ""保质期12个月""]",0,"<think>

</think>

0",0.19375040000886656,6,1,
douyin-test-000701,douyin,test,701,56697889278,生活日杂,烤肠什么时候上呢,1,该用户想询问直播中是否会上架烤肠产品并希望尽快购买。,"[""上点乳液呗"", ""帅哥传熙下午好"", ""给力给力真不错"", ""辽参是即食的吗"", ""玫瑰花瓣面膜还有吗？""]",1,"<think>

</think>

1",0.19586259999778122,6,1,
douyin-test-000706,douyin,test,706,56697889278,生活日杂,贝贝南瓜面又甜非常好吃！,1,该用户想表达的含义是：对贝贝南瓜面的口感和品质表示高度认可，暗示有购买或推荐意向。  （分析依据：结合前文弹幕中频繁出现的食品类互动和具体产品询问，用户在此语境下更可能是通过夸赞产品来传递消费意愿，而非单纯评价。）,"[""烤肠什么时候上呢"", ""哪里产的"", ""5斤多少个"", ""硅胶"", ""燕麦片橱窗里面有阴山燕麦片""]",0,"<think>

</think>

0",0.19634900000528432,6,1,
douyin-test-000710,douyin,test,710,56697889278,生活日杂,没有了，加单,1,该用户想表达的含义是：商品已经售罄，希望主播能追加库存或补货。,"[""燕麦片橱窗里面有阴山燕麦片"", ""贝贝南瓜面又甜非常好吃！"", ""5斤有几个？"", ""要牛奶"", ""西洋参含片有吗""]",1,"<think>

</think>

1",0.2104488000040874,6,1,
douyin-test-000737,douyin,test,737,56697889278,生活日杂,发膜讲了吗？,1,该用户是在询问主播是否已经介绍过发膜产品的相关信息。,"[""移动书架"", ""贝果"", ""书架有吗"", ""讲黑豆不"", ""看着不错的""]",1,"<think>

</think>

1",0.1992958000046201,6,1,
douyin-test-000758,douyin,test,758,56697889278,生活日杂,彩椒不辣吧,1,该用户是在询问彩椒的口味是否温和，以确认其是否符合自己的饮食偏好或烹饪需求。,"[""蘸酱吃"", ""云南行结束了吗"", ""看看拖把"", ""不用拌 直接吃"", ""现挖的吗""]",1,"<think>

</think>

1",0.20400459998927545,6,1,
douyin-test-000779,douyin,test,779,56697889278,生活日杂,宽的有么,1,该用户可能在询问商品是否有更宽的规格或款式可选。,"[""看着真香"", ""里面没有菜吗"", ""辣吗？"", ""爱生活会生活"", ""保质期多久""]",1,"<think>

</think>

1",0.21236979999230243,6,1,
douyin-test-000811,douyin,test,811,56697889278,生活日杂,就哈吃，美滴很,0,该用户想表达的含义是：主播吃得很香，让人看了觉得非常美味和享受。,"[""下午好下午好下午好"", ""传熙，旁边的帅哥叫啥"", ""看着真香"", ""开袋即食吗"", ""真带劲""]",0,"<think>

</think>

0",0.1992205999995349,6,1,
douyin-test-000812,douyin,test,812,56697889278,生活日杂,馍怎么加热,1,该用户可能是在询问直播中展示的馍（如凉皮夹馍）的具体食用方法，想了解是否需要加热以及如何操作。,"[""传熙，旁边的帅哥叫啥"", ""看着真香"", ""开袋即食吗"", ""真带劲"", ""就哈吃，美滴很""]",1,"<think>

</think>

1",0.1932059999962803,6,1,
douyin-test-000853,douyin,test,853,56697889278,生活日杂,付了,0,该用户想表达自己已经完成下单购买的行为。,"[""介绍介绍玉米"", ""啥时候上炒锅"", ""济南也喊老师"", ""擀面皮有没"", ""来瓶海碧，哈哈""]",1,"<think>

</think>

1",0.1927136000012979,6,1,
douyin-test-000922,douyin,test,922,56697889278,生活日杂,酸吗？,1,该用户是在询问直播中展示的苹果是否口感偏酸。,"[""下午好呀好呀"", ""东北苹果不发货呢"", ""宇航梦川菜"", ""现在不冷了"", ""苹果口感怎么样""]",1,"<think>

</think>

1",0.19282660000317264,6,1,
douyin-test-000963,douyin,test,963,56697889278,生活日杂,300g,0,该用户可能在询问商品的规格或重量是否合适，比如“这个产品的重量是300克吗？”或“300克的分量够用吗？”。,"[""传熙董董傻傻分不清楚[发呆][发呆][发呆]"", ""咖啡还有吗"", ""传熙回一下吧，我们很担心宇辉"", ""发货太慢"", ""黑玉米""]",1,"<think>

</think>

1",0.20986350000021048,6,1,
douyin-test-000979,douyin,test,979,56697889278,生活日杂,讲一下小萨牛牛的口味吧！讲一下小萨牛牛的口味吧！讲一下小萨牛牛的口味吧！讲一下小萨牛牛的口味吧讲一下,1,该用户迫切希望主播详细介绍“小萨牛牛”这款产品的具体口味特点，可能因重复刷屏引起注意或对产品有强烈兴趣。,"[""想买电饼铛"", ""好治"", ""又甜又糯的玉米有吗"", ""今天会有深航直播吗"", ""煮多久""]",1,"<think>

</think>

1",0.20895610000297893,6,1,
douyin-test-000981,douyin,test,981,56697889278,生活日杂,是不是预制菜,1,该用户可能是在询问直播中展示的食品是否为预先加工好的半成品，以此判断其新鲜度和购买价值。,"[""又甜又糯的玉米有吗"", ""今天会有深航直播吗"", ""煮多久"", ""讲一下小萨牛牛的口味吧！讲一下小萨牛牛的口味吧！讲一下小萨牛牛的口味吧！讲一下小萨牛牛的口味吧讲一下"", ""这个不拉丝啊""]",1,"<think>

</think>

1",0.20768799999495968,6,1,
douyin-test-000986,douyin,test,986,56697889278,生活日杂,已拍,0,该用户想表达的含义是：我已经下单购买了（你们提到的某款产品）。,"[""是不是预制菜"", ""还有鲜花饼吗"", ""玉米有没有甜味"", ""甜不甜？？？？？？"", ""传熙，宇辉还在云南吗？""]",1,"<think>

</think>

1",0.19700029998784885,6,1,
douyin-test-000991,douyin,test,991,56697889278,生活日杂,能拍的，都开过价的，放心拍,0,该用户想表达的含义是：商品都已明码标价且库存充足，大家可以放心下单购买。,"[""已拍"", ""红枣链接"", ""米线还有吗云南米线"", ""玉米是冷冻的吗"", ""常温不要冷冻吗""]",1,"<think>

</think>

1",0.1954561000020476,6,1,
douyin-test-000997,douyin,test,997,56697889278,生活日杂,有啥区别,1,该用户想询问当前展示的产品与其他同类产品或在售的其他规格之间有什么不同之处。,"[""再上点鲈鱼"", ""今天中午吃了云南行拍的米线，太好吃啦"", ""有黄糯玉米吗"", ""传熙下午好[爱心][爱心][爱心]"", ""有大米吗""]",1,"<think>

</think>

1",0.20620459999190643,6,1,
douyin-test-001026,douyin,test,1026,56697889278,生活日杂,复合维生素,0,该用户可能是在询问直播间是否有售卖复合维生素产品，或想了解关于复合维生素的相关信息。,"[""这还真没吃过"", ""牙瓜"", ""小时候拿来喂猪的"", ""佛手瓜炖排骨"", ""什么口感""]",0,"<think>

</think>

0",0.19242599999415688,6,1,
douyin-test-001034,douyin,test,1034,56697889278,生活日杂,荸荠什么时候开卖？,1,该用户想询问荸荠这款商品的上架销售时间。,"[""与辉同行沐光而行一路光明！"", ""链接4讲一下"", ""哈尔滨发货吗"", ""谁说这豆老，这豆可太好吃了"", ""传熙鲈鱼还有吗？""]",1,"<think>

</think>

1",0.19956759999331553,6,1,
douyin-test-001097,douyin,test,1097,56697889278,生活日杂,蓝莓还有吧今天,1,该用户是在询问直播间当前是否还有蓝莓库存可供购买。,"[""云南的桑蚕丝被还有吗？"", ""常温保存可以不"", ""橱窗有酸甜角"", ""孩子喜欢吃"", ""配料干净吗？""]",1,"<think>

</think>

1",0.194613700004993,6,1,
douyin-test-001107,douyin,test,1107,56697889278,生活日杂,欢迎蛇王,0,该用户是在以幽默调侃的方式欢迎直播间的主播或嘉宾，模仿前文“欢迎舞王”“欢迎帅鹏鹏”的互动风格，用“蛇王”作为戏谑称号表达轻松友好的围观态度。,"[""欢迎舞王"", ""鹏鹏晒黑了"", ""上地瓜"", ""欢迎帅鹏鹏"", ""歹徒舞来一个？[呲牙]""]",0,"<think>

</think>

0",0.19499000000359956,6,1,
douyin-test-001109,douyin,test,1109,56697889278,生活日杂,红薯还是紫薯,1,该用户可能在询问主播推荐红薯或紫薯哪个更适合购买或烹饪。,"[""上地瓜"", ""欢迎帅鹏鹏"", ""歹徒舞来一个？[呲牙]"", ""欢迎蛇王"", ""大家在云南还好吧""]",0,"<think>

</think>

0",0.19786219998786692,6,1,
douyin-test-001121,douyin,test,1121,56697889278,生活日杂,这才是小时候吃的烤地瓜,0,该用户想表达的含义是：这款烤地瓜的味道或外观唤起了他对童年回忆的共鸣。  （结合前文弹幕中频繁讨论红薯的烹饪方式、口感及怀旧氛围，用户通过类比童年体验，间接表达对当前商品的认可和情感认同。）,"[""那个豆腐怎么做的"", ""好想吃"", ""红薯？这个是烤的还是蒸的"", ""血橙还上吗"", ""甜不甜""]",1,"<think>

</think>

1",0.20125670000561513,6,1,
douyin-test-001136,douyin,test,1136,56697889278,生活日杂,拔丝地瓜好吃,1,该用户是在认可并分享自己对拔丝地瓜美味的体验，暗示对当前直播中同类红薯产品的兴趣或认同。,"[""糯吗"", ""海南红薯老好吃了"", ""小香薯好吃，烤或者蒸都可以"", ""酸奶呢，咋找不到链接了"", ""这个红薯好吃，我经常蒸着吃""]",0,"<think>

</think>

0",0.21343469999555964,6,1,
douyin-test-001161,douyin,test,1161,56697889278,生活日杂,吉林拍不了,0,该用户想表达的含义是：自己所在的吉林地区无法下单购买直播间的商品。,"[""直播间光强，显得白"", ""你们都回京吧？"", ""你们都回北京了吗"", ""辽宁拍不了"", ""鵬鵬这么快吗，昨天还在云南今天就开播""]",0,"<think>

</think>

0",0.2127831999969203,6,1,
douyin-test-001178,douyin,test,1178,56697889278,生活日杂,绿色,0,该用户可能是在询问或确认直播中展示的商品（如彩椒）是否有绿色的款式或选项。,"[""这几天我买了好多农产品"", ""啥时候上炒锅"", ""下午好"", ""鹏鹏老师下午好！"", ""灯笼椒""]",0,"<think>

</think>

0",0.20666779999737628,6,1,
douyin-test-001193,douyin,test,1193,56697889278,生活日杂,妈呀,0,该用户想表达的含义是：对当前直播中展示的商品感到惊喜或意外。,"[""不辣微甜爽脆vc丰富"", ""你的表情可不像你说的这样"", ""甜不甜啊[看]"", ""今天会有大肚锅有上吗？ 今天会有大肚锅有上吗？"", ""不辣吗""]",0,"<think>

</think>

0",0.21170790000178386,6,1,
douyin-test-001195,douyin,test,1195,56697889278,生活日杂,生吃厉害了,0,该用户想表达的含义是：生吃这种吃法看起来非常新奇或令人印象深刻。,"[""甜不甜啊[看]"", ""今天会有大肚锅有上吗？ 今天会有大肚锅有上吗？"", ""不辣吗"", ""妈呀"", ""不辣的""]",0,"<think>

</think>

0",0.2052272000000812,6,1,
douyin-test-001224,douyin,test,1224,56697889278,生活日杂,芹菜胡萝卜苹果汁,1,该用户可能是在询问或提议用芹菜、胡萝卜和苹果榨汁的可行性或功效。,"[""西安为什么不发货？"", ""芹菜全身身都是宝，富含膳食纤维"", ""芹菜辅助降压"", ""喝芹菜汁可以降血压"", ""能生吃 这芹菜质量好""]",0,"<think>

</think>

0",0.20303550000244286,6,1,
douyin-test-001241,douyin,test,1241,56697889278,生活日杂,皮也可以吃吗,1,该用户可能是询问直播中展示的南瓜或其他食材的外皮是否可以食用，以确认其食用方式或安全性。,"[""这么整个烤要烤多长时间？"", ""月光下的响尾蛇"", ""都回北京了没有"", ""月光下的响尾蛇来一个[呲牙]"", ""烤的鸡蛋吗""]",1,"<think>

</think>

1",0.20208120001188945,6,1,
douyin-test-001260,douyin,test,1260,56697889278,生活日杂,蒸多久？,1,该用户想询问蒸制该南瓜产品所需的具体时间。,"[""很糯"", ""粉吗"", ""里面没籽吧"", ""我家放半个月没问题"", ""鹏鹏，我来啦""]",1,"<think>

</think>

1",0.19192199999815784,6,1,
douyin-test-001301,douyin,test,1301,56697889278,生活日杂,指甲刀,1,该用户可能在询问直播间是否有指甲刀这款商品，或是想了解主播对指甲刀的使用体验或推荐。,"[""蒸多久"", ""好多黑龙江都不发货"", ""脆爽"", ""这种新鲜的马蹄可好吃了"", ""一次吃不完如何保存？""]",0,"<think>

</think>

0",0.20091329999559093,6,1,
douyin-test-001372,douyin,test,1372,56697889278,生活日杂,发现鹏鹏儿还是黑了～哈哈,0,该用户是在调侃主播“鹏鹏儿”肤色变黑，语气轻松幽默，更多是参与直播互动而非表达购买意向。,"[""讲故事"", ""舟山是福建吗"", ""还没讲防晒变黑的事儿呢"", ""都想买"", ""怎么做好吃""]",0,"<think>

</think>

0",0.19536699999298435,6,1,
douyin-test-001406,douyin,test,1406,56697889278,生活日杂,宇辉到杭州了,0,该用户是在询问或确认主播“宇辉”是否已经抵达杭州，可能出于对后续直播行程或商品上架的关注。,"[""结束了么"", ""辽宁不发货啊"", ""鲜花饼什么时候有"", ""保存时间长么"", ""介绍下带鱼""]",0,"<think>

</think>

0",0.19339700001000892,6,1,
douyin-test-001452,douyin,test,1452,56697889278,生活日杂,鹏鹏切的挺好呀，会做饭吧,0,该用户是在夸赞主播的切菜技巧娴熟，并推测对方可能擅长烹饪。  （结合前文弹幕多围绕切洋葱的技巧讨论，用户通过观察主播操作给出正向反馈，隐含对主播专业性的认可，但未直接提及购买意向。）,"[""手还擦"", ""男人哭吧哭吧不是罪[呲牙][呲牙][呲牙][呲牙][呲牙][呲牙]"", ""刀沾水再切"", ""沾水"", ""带游泳镜切""]",0,"<think>

</think>

0",0.20530970000254456,6,1,
douyin-test-001462,douyin,test,1462,56697889278,生活日杂,样样都新鲜,0,该用户可能是对直播中展示的商品或食材的新鲜度表示认可和赞赏。,"[""鹏鹏太帅了"", ""啥时候上可复美胶原棒"", ""云南不发货[流泪]"", ""先放冰箱一晚上，刀沾水"", ""想要旅行烧水壶直饮式[爱心]""]",0,"<think>

</think>

0",0.20137939999403898,6,1,
douyin-test-001475,douyin,test,1475,56697889278,生活日杂,这是什么肉,1,该用户想询问直播中展示的肉类产品的具体种类或名称。,"[""建议吃鱼腩"", ""很多年前第一次吃的时候怕 后面太喜欢吃了"", ""可以放冰箱冷冻吗"", ""与辉同行一路长虹"", ""这个很好吃，鲜[舔屏][舔屏][舔屏]""]",1,"<think>

</think>

1",0.2079807999980403,6,1,
douyin-test-001478,douyin,test,1478,56697889278,生活日杂,可以生吃吗,1,该用户可能是在询问直播展示的产品是否适合直接生食，表达了对产品食用方式的兴趣和潜在的购买意向。,"[""与辉同行一路长虹"", ""这个很好吃，鲜[舔屏][舔屏][舔屏]"", ""这是什么肉"", ""这个可以生吃吗？"", ""这个怎么吃？""]",1,"<think>

</think>

1",0.20386060001328588,6,1,
douyin-test-001479,douyin,test,1479,56697889278,生活日杂,鹏鹏还是个双眼皮,0,该用户可能是在调侃或称赞主播鹏鹏的外貌特征，暗示对其形象的关注或好感。,"[""这个很好吃，鲜[舔屏][舔屏][舔屏]"", ""这是什么肉"", ""这个可以生吃吗？"", ""这个怎么吃？"", ""可以生吃吗""]",0,"<think>

</think>

0",0.20239629999559838,6,1,
douyin-test-001480,douyin,test,1480,56697889278,生活日杂,支持,0,该用户想表达的含义是：对主播或产品表示赞同或鼓励。,"[""这是什么肉"", ""这个可以生吃吗？"", ""这个怎么吃？"", ""可以生吃吗"", ""鹏鹏还是个双眼皮""]",0,"<think>

</think>

0",0.19283770000038203,6,1,
douyin-test-001514,douyin,test,1514,dongfangzhenxuan,生活日杂,刺梨汁，今天机制是最划算的一次,1,该用户认为当前促销活动中的刺梨汁价格是近期最优惠的，表现出明确的购买意向。,[],1,"<think>

</think>

1",0.1870335999992676,6,1,
douyin-test-001534,douyin,test,1534,dongfangzhenxuan,生活日杂,没中[捂脸],0,该用户因未抢到直播间的福利或商品而感到遗憾和无奈。,"[""已拍"", ""保质期多久？"", ""没有了"", ""加货"", ""福袋 100 份""]",0,"<think>

</think>

0",0.19978520000586286,6,1,
douyin-test-001550,douyin,test,1550,dongfangzhenxuan,生活日杂,拍两单,0,该用户想表达的含义是：我已经下单购买了两件商品。,"[""不是一分钟一个吗"", ""还抽吗"", ""已拍2单"", ""还有福袋嘛"", ""看看冻干苹果脆""]",1,"<think>

</think>

1",0.19392650001100264,6,1,
douyin-test-001598,douyin,test,1598,YDSZB666,珠宝首饰,这个好看,1,该用户被直播中展示的某款首饰（可能是老板娘佩戴的款式或水晶类商品）所吸引，认为其设计或外观符合自己的审美喜好。,"[""寓意是什么"", ""老板娘的耳坠"", ""黄水晶黄水晶黄水晶黄水晶黄水晶黄水晶"", ""老板娘戴的项链""]",1,"<think>

</think>

1",0.20363170000200626,6,1,
douyin-test-001644,douyin,test,1644,YDSZB666,珠宝首饰,速度速度,0,该用户想催促主播加快节奏或尽快展示/上架当前热议的水晶商品（如黄水晶、兔毛水晶等）。  （分析依据：前文弹幕高频提及水晶品类且出现重复刷屏式需求，结合“速度速度”的紧迫语气，可推断用户急于看到商品开售或切换展示进度。）,"[""中一个"", ""天天看,中个福袋吧[鼓掌][鼓掌][鼓掌][鼓掌][鼓掌]"", ""明天在卖吧"", ""什么时候带泰国产品?"", ""这个好""]",1,"<think>

</think>

1",0.21006160000979435,6,1,
douyin-test-001653,douyin,test,1653,YDSZB666,珠宝首饰,老板娘的项链,1,该用户是在询问或关注老板娘佩戴的项链款式或材质。,"[""越看越好看"", ""108颗的"", ""这个好看"", ""草莓金"", ""黄水品""]",1,"<think>

</think>

1",0.20273599999200087,6,1,
douyin-test-001668,douyin,test,1668,YDSZB666,珠宝首饰,连云港东海?,0,该用户可能在询问直播中提到的“连云港东海”是否指代某种特定商品（如东海产的水晶或珍珠）或其相关信息。,"[""水晶洞有么??"", ""来点珍珠"", ""粉水晶粉水晶"", ""大粉水晶"", ""脖子上的""]",0,"<think>

</think>

0",0.2061087000038242,6,1,
douyin-test-001686,douyin,test,1686,YDSZB666,珠宝首饰,她家水晶很好,0,该用户想表达的含义是：这家店铺的水晶品质不错，值得购买。  （结合前文弹幕中频繁提及“老板娘”的饰品及水晶种类，用户可能是在认可商品质量或暗示自己也有兴趣入手。）,"[""睡觉去了,明天在看,困了[呲牙]"", ""长出一套房了"", ""中个福袋呗"", ""老板娘脖子项链"", ""大的粉水晶""]",1,"<think>

</think>

1",0.19861560000572354,6,1,
douyin-test-001723,douyin,test,1723,YDSZB666,珠宝首饰,10mm黄水晶,1,该用户可能在询问或确认是否有10毫米规格的黄水晶商品可供购买。,"[""是黄水晶吗"", ""有翡翠"", ""链接上是紫水晶"", ""超七超七超七超七超七超七超七超七超七超七超七超七超七"", ""10里米有吗""]",1,"<think>

</think>

1",0.20396149999578483,6,1,
douyin-test-001729,douyin,test,1729,YDSZB666,珠宝首饰,好东西,1,该用户想表达的含义是：这件商品看起来品质不错，我有点心动想购买。,"[""对比下"", ""后面紫色"", ""几m的"", ""这是什么水晶"", ""上好看项链""]",0,"<think>

</think>

0",0.18782289999944624,6,1,
douyin-test-001736,douyin,test,1736,YDSZB666,珠宝首饰,10m,0,该用户想询问或确认直播中展示的商品尺寸是否为10毫米。,"[""虚晃一枪"", ""这个比刚才的好吗"", ""高货吗?上"", ""10MM有吗"", ""招财的是什么晶""]",1,"<think>

</think>

1",0.1935693999985233,6,1,
douyin-test-001773,douyin,test,1773,YDSZB666,珠宝首饰,好看的,1,该用户想表达的含义是：对当前展示的商品外观表示赞赏和喜爱。,"[""要项链"", ""紫牙乌"", ""好漂亮"", ""有超七?"", ""为什么那么像紫水晶?[捂脸]""]",0,"<think>

</think>

0",0.20119910000357777,6,1,
douyin-test-001786,douyin,test,1786,YDSZB666,珠宝首饰,多大的,1,该用户想询问主播展示的商品（可能是水晶或饰品）的具体尺寸或规格。,"[""超七超七"", ""主播我看好你"", ""粉粉嫩嫩[赞]"", ""黄水晶球"", ""这个粉有点浅""]",1,"<think>

</think>

1",0.19348220000392757,6,1,
douyin-test-001804,douyin,test,1804,YDSZB666,珠宝首饰,紫水晶,1,该用户可能是在询问或指定想要紫色系的水晶产品，比如紫水晶或紫牙乌等。,"[""美了美了吧"", ""先去看定制吧"", ""足银吗"", ""超七超七超七"", ""大米数的""]",0,"<think>

</think>

0",0.19318709999788553,6,1,
douyin-test-001850,douyin,test,1850,YDSZB666,珠宝首饰,都好漂亮啊,0,该用户被展示的商品外观所吸引，流露出对商品的喜爱和潜在的购买意愿。,"[""紫色的紫牙乌要8m的紫色的紫牙乌要8m的紫色的紫牙乌要8m的紫色的紫牙乌要8m的紫色的紫牙乌要8m的"", ""有玛瑙吗"", ""老板娘要圆牌"", ""绳子有吗"", ""上佛的""]",0,"<think>

</think>

0",0.20839440000418108,6,1,
douyin-test-001883,douyin,test,1883,YDSZB666,珠宝首饰,有男生带的吗,1,该用户可能是在询问直播展示的商品是否有适合男性佩戴的款式或类型。,"[""万能扣吗"", ""好困啊"", ""有项链吗?"", ""赶紧看高货"", ""万能扣上下""]",1,"<think>

</think>

1",0.19802700000582263,6,1,
douyin-test-001894,douyin,test,1894,YDSZB666,珠宝首饰,翡翠叶子,0,该用户可能在询问直播间是否有翡翠材质的叶子造型饰品或想了解相关产品信息。,"[""哈哈打他"", ""藕粉有大点的吗"", ""藕粉高货"", ""砍伤了[捂脸][捂脸][捂脸][捂脸][捂脸]"", ""这是哪""]",0,"<think>

</think>

0",0.208704900011071,6,1,
douyin-test-001919,douyin,test,1919,YDSZB666,珠宝首饰,什么时候有佛公[看],1,该用户想询问直播中何时会上架佛公吊坠或相关产品，并表现出对这类商品的兴趣和期待。,"[""拽瞌睡了"", ""是哪儿的?"", ""是俄料吗"", ""俄料吗"", ""可以看下带脖子嘛""]",1,"<think>

</think>

1",0.19933870001113974,6,1,
douyin-test-002012,douyin,test,2012,YDSZB666,珠宝首饰,会长夫人更可爱,0,该用户是在调侃直播间的某位核心人物（会长）及其伴侣，通过对比表达对会长夫人性格或形象的喜爱。,"[""有超七吗"", ""会长躲起来了"", ""这是哪里啊?"", ""喜欢会长"", ""东哥最近精力挺充沛的啊[捂脸]播这么晚""]",0,"<think>

</think>

0",0.20353610000165645,6,1,
douyin-test-002027,douyin,test,2027,YDSZB666,珠宝首饰,深夜福利[比心][比心][比心],0,该用户想表达的是对主播推出深夜促销活动的期待和兴奋之情。,"[""炸一些"", ""东哥上头了吗[捂脸][捂脸]"", ""福利福利款"", ""又是你土匪东"", ""深夜福利""]",1,"<think>

</think>

1",0.1983708000043407,6,1,
douyin-test-002044,douyin,test,2044,liuyuanyuan1991,健康养生,刘媛媛这个状态真不错,0,该用户可能是通过夸赞主播的积极状态（如专业度、感染力等），间接表达对直播内容或推荐产品的认可与兴趣。,"[""太给力了"", ""哺乳期"", ""澳大利亚原装进口女维!及时补贴"", ""主播大气"", ""那就双手别闲""]",0,"<think>

</think>

0",0.1978755000018282,6,1,
douyin-test-002059,douyin,test,2059,liuyuanyuan1991,健康养生,叶黄素怎么吃,1,该用户想询问叶黄素产品的具体服用方法和注意事项。,"[""undefined[互粉][害羞]"", ""主播超给力"", ""媛姐好漂亮[比心]"", ""晚上好"", ""不在相信你了""]",1,"<think>

</think>

1",0.19878669999889098,6,1,
douyin-test-002066,douyin,test,2066,liuyuanyuan1991,健康养生,物美价廉,1,该用户想表达的含义是：商品性价比很高，值得购买。,"[""给力给力"", ""交税不"", ""大家晚上好"", ""给力的"", ""姨妈期间可以吃吗""]",1,"<think>

</think>

1",0.19421409998903982,6,1,
douyin-test-002149,douyin,test,2149,liuyuanyuan1991,健康养生,奶粉是澳洲产的吗?生产日期是什么时候?,1,该用户是在确认奶粉的产地和生产日期等关键商品信息，表现出对产品质量和新鲜度的关注，暗示潜在的购买意向。,"[""每种成分剂量够吗?"", ""停车场套餐吃饭吃饭"", ""相信媛媛,已拍"", ""抢多少天福袋了,一次机会都没有"", ""一天一颗吗""]",1,"<think>

</think>

1",0.21118690000730567,6,1,
douyin-test-002164,douyin,test,2164,liuyuanyuan1991,健康养生,主播大气,0,该用户想表达的含义是：称赞主播慷慨大方或福利给力。,"[""一共有多少粒"", ""三瓶吃多久"", ""真好啊"", ""399元,能吃多久?"", ""已拍,几天能到货呀?""]",0,"<think>

</think>

0",0.21063539999886416,6,1,
douyin-test-002196,douyin,test,2196,liuyuanyuan1991,健康养生,长的好像曹颖,0,该用户可能是在感叹主播或展示的产品外观与明星曹颖相似，带有欣赏或惊讶的意味，但并未直接表达购买意向。,"[""媛媛瘦了好多啊"", ""上链接"", ""瘦这么多"", ""男的能吃不"", ""我的感觉来了!""]",0,"<think>

</think>

0",0.20382910000625998,6,1,
douyin-test-002207,douyin,test,2207,liuyuanyuan1991,健康养生,多久见效果,1,该用户想询问产品使用后需要多长时间才能产生预期的效果。,"[""非常好"", ""给力给力给力给力给力给力给力给力给力给力给力给力给力"", ""牙周炎吃维生素B族应该可以搞好点"", ""舔狗能吃吗"", ""太给力了""]",1,"<think>

</think>

1",0.21807609999086708,6,1,
douyin-test-002228,douyin,test,2228,liuyuanyuan1991,健康养生,口感好吃不,1,该用户想询问产品的味道是否令人满意，以此判断是否值得购买。,"[""好哦斤斤计较的今生今世解决计算机技术"", ""月经量能吃吗"", ""备孕期可以吃嘛?"", ""叶黄素怎么吃?"", ""天天吃吗""]",1,"<think>

</think>

1",0.20359559998905752,6,1,
douyin-test-002229,douyin,test,2229,liuyuanyuan1991,健康养生,一天吃,0,该用户想询问产品是否需要每天服用。,"[""月经量能吃吗"", ""备孕期可以吃嘛?"", ""叶黄素怎么吃?"", ""天天吃吗"", ""口感好吃不""]",1,"<think>

</think>

1",0.1962881999934325,6,1,
douyin-test-002240,douyin,test,2240,liuyuanyuan1991,健康养生,哺乳期能吃吗,1,该用户是在询问产品是否适合哺乳期女性食用，以评估自身或他人是否符合使用条件。,"[""支持支持支持支持支持支持支持支持支持支持支持支持支持支持支持"", ""别挡着腰"", ""还没买一个小时,不给退款"", ""给力给力给力给力给力给力给力给力"", ""孕妇能吃不""]",1,"<think>

</think>

1",0.20391110000491608,6,1,
douyin-test-002243,douyin,test,2243,liuyuanyuan1991,健康养生,支持支持支持支持支持支持支持支持支持支持支持支持[打call][打call][比心],0,该用户想表达的含义是：对主播或产品表示强烈的喜爱和支持，但并未直接体现明确的购买意向。,"[""给力给力给力给力给力给力给力给力"", ""孕妇能吃不"", ""哺乳期能吃吗"", ""买不到,人太多"", ""好东西""]",0,"<think>

</think>

0",0.2018677000014577,6,1,
douyin-test-002260,douyin,test,2260,liuyuanyuan1991,健康养生,"这个维生素是连续吃几个月,需要停吗?",1,该用户是在询问这款维生素是否需要周期性停用以避免长期连续服用的潜在问题，表现出对产品使用细节的关切和潜在的购买顾虑。,"[""怎么瘦的?"", ""想要你的[捂脸]好身材"", ""[比心]有一拼"", ""值得买"", ""孕妇为什么用不了?""]",1,"<think>

</think>

1",0.1983849999960512,6,1,
douyin-test-002294,douyin,test,2294,liuyuanyuan1991,健康养生,太给力了,0,该用户想表达的含义是：对直播间的优惠力度或产品效果感到非常满意和兴奋。,"[""补充人体双螺旋"", ""怀孕能吃吗"", ""没抢到"", ""多便宜呀"", ""给力给力给力给力[比心]""]",1,"<think>

</think>

1",0.19440219999523833,6,1,
douyin-test-002361,douyin,test,2361,1706638111,生鲜水果,"好,上车",0,该用户想表达的是决定跟随直播间的推荐下单购买商品。,"[""没意见上"", ""一袋是试吃的,上次没有试吃呀"", ""把上次一袋补上.六袋把"", ""市场价格肯定在变化的"", ""时间不同,价钱可以不同""]",1,"<think>

</think>

1",0.2063132999901427,6,1,
douyin-test-002411,douyin,test,2411,1706638111,生鲜水果,有花椒吗,1,该用户是在询问直播间是否有售卖花椒产品，可能对天水花椒或其他相关商品产生了购买兴趣。,"[""小明大食量[呲牙]"", ""小明正能量"", ""[捂脸][捂脸]面管饱"", ""谁玩传奇跟我混"", ""我们家人喜欢吃面条""]",1,"<think>

</think>

1",0.19682969999848865,6,1,
douyin-test-002416,douyin,test,2416,1706638111,生鲜水果,西红柿有吗,1,该用户是在询问直播间是否有西红柿这一商品在售。,"[""有花椒吗"", ""我想要香瓜"", ""花胶花胶"", ""皋兰禾尚头,攒劲"", ""天水花椒上车""]",1,"<think>

</think>

1",0.19710309999936726,6,1,
douyin-test-002458,douyin,test,2458,1706638111,生鲜水果,陕西洛川苹果有吗?,1,该用户是在询问直播间是否有售卖陕西洛川产的苹果，表现出对该产品的购买兴趣。,"[""辣椒是哪的"", ""我要特辣的"", ""拍了拍了"", ""我就想要这小包的,有这小包的吗?上链接"", ""春天的一口鲜""]",1,"<think>

</think>

1",0.2099933000135934,6,1,
douyin-test-002466,douyin,test,2466,1706638111,生鲜水果,玫瑰花饼,1,该用户可能在询问直播间是否有售卖玫瑰花饼这款产品。,"[""大蒜大蒜"", ""陈老师还在么??"", ""大米有没有"", ""上福袋"", ""小明哥又吃又喝的,胃能受得了么?""]",0,"<think>

</think>

0",0.19675410000490956,6,1,
douyin-test-002490,douyin,test,2490,1706638111,生鲜水果,小明不务正业,0,该用户可能在调侃主播小明直播时表现不够专业或专注，偏离了卖货主题。,"[""有没有西红柿"", ""哪你是啥,你说我名字"", ""牛肉干还有吗?上午直播的时候在上班,没有机会看[捂脸]"", ""哈哈又来两碗面"", ""苦荞茶太好喝了""]",0,"<think>

</think>

0",0.20363840000936761,6,1,
douyin-test-002537,douyin,test,2537,1706638111,生鲜水果,一买刹不住车[捂脸],0,该用户想表达的含义是：在直播间购物时因商品吸引力太强而忍不住多次下单。,"[""好花椒看四川"", ""在明哥这买的乌鸡蛋特别新鲜,品质高[赞]"", ""你卖的苹果不一样"", ""小明哥站好几个小时,辛苦了"", ""卖的花椒和样品一样""]",1,"<think>

</think>

1",0.20227389999490697,6,1,
douyin-test-002580,douyin,test,2580,1706638111,生鲜水果,刚那个坏了吗,0,该用户是在质疑之前展示的某款商品（可能是鸡蛋类产品）是否存在质量问题或损坏情况。,"[""奶油苹果已拍"", ""很鲜先"", ""鸡蛋好"", ""不新鲜了"", ""小明哥""]",1,"<think>

</think>

1",0.1888803000038024,6,1,
douyin-test-002632,douyin,test,2632,1706638111,生鲜水果,鸡屎白是味中药材哦[捂脸],0,"该用户是在调侃直播间讨论鸡蛋时提及的""鸡屎""话题，以幽默方式指出鸡屎的药用价值，属于跟风玩梗而非真实购买意向。","[""还是别吃,身体第一"", ""10万个鸡蛋了,,,有那么多鸡蛋吗.???????"", ""鸡蛋是不小吗"", ""西红柿有没?"", ""发什么快递""]",0,"<think>

</think>

0",0.20667900000989903,6,1,
douyin-test-002648,douyin,test,2648,1706638111,生鲜水果,红的太可怕,0,该用户可能是在吐槽商品（如红心鸡蛋）的颜色过于鲜艳夸张，让人感到不适或怀疑其安全性。,"[""收到货有哪么好吗"", ""新不新鲜"", ""乌鸡蛋下单了"", ""鸡蛋能存放多久"", ""这是什么鸡蛋""]",0,"<think>

</think>

0",0.23957859999791253,6,1,
douyin-test-002730,douyin,test,2730,577894592,服饰鞋履,167108需要拍l不衬衣,1,该用户是在询问商品编号167108的衬衫是否需要抢购或是否容易售罄。,"[""有没有白色t"", ""白色娃娃领衬衫"", ""4号半裙155,93斤穿什么码"", ""希娜看看你的指甲"", ""红色背心""]",1,"<think>

</think>

1",0.24248269999225158,6,1,
douyin-test-002732,douyin,test,2732,577894592,服饰鞋履,娃娃领白色上衣上吗,1,该用户是在询问主播是否会展示或上架一款娃娃领设计的白色上衣。,"[""4号半裙155,93斤穿什么码"", ""希娜看看你的指甲"", ""红色背心"", ""167108需要拍l不衬衣"", ""衬衣没抢到""]",1,"<think>

</think>

1",0.21634280000580475,6,1,
douyin-test-002742,douyin,test,2742,577894592,服饰鞋履,里面背心是哪个,1,该用户是在询问直播间里模特内搭的那件背心对应的商品链接或货号。,"[""花苞裙腰围63穿哪个码"", ""衬衣开下"", ""快点吧[捂脸][捂脸][捂脸][捂脸][捂脸]"", ""里面里面的白色体恤在几号链接"", ""中福袋""]",1,"<think>

</think>

1",0.21564759999455418,6,1,
douyin-test-002743,douyin,test,2743,577894592,服饰鞋履,牛仔外套是几号链接,1,该用户想询问牛仔外套对应的商品购买链接编号以便下单。,"[""衬衣开下"", ""快点吧[捂脸][捂脸][捂脸][捂脸][捂脸]"", ""里面里面的白色体恤在几号链接"", ""中福袋"", ""里面背心是哪个""]",1,"<think>

</think>

1",0.20868840000184719,6,1,
douyin-test-002779,douyin,test,2779,577894592,服饰鞋履,黑色蓝色?,1,该用户可能在询问商品是否有黑色或蓝色可选，表现出对颜色选择的关注和潜在的购买意向。,"[""条纹体恤[爱心]"", ""短裤上"", ""鞋子什么时候上"", ""我要看条纹短袖"", ""见一个爱一个[捂脸][比心]""]",0,"<think>

</think>

0",0.1968440000055125,6,1,
douyin-test-002795,douyin,test,2795,127652977,生鲜水果,有没有原箱的,1,该用户是在询问商品是否有未拆封的整箱包装可供购买。,"[""刚才那个和这个搭配卖被""]",1,"<think>

</think>

1",0.18962809999356978,6,1,
douyin-test-002818,douyin,test,2818,xinjiangheti27,珠宝首饰,带链子?,1,该用户可能在询问主播是否会上架或展示带有链子的饰品（如项链、手链等），并希望获得购买链接或进一步了解产品信息。,"[""欣赏,[赞]大饱眼福"", ""确实狠货"", ""老郑可以啊"", ""好大气"", ""太哇塞了[赞][赞][赞]""]",1,"<think>

</think>

1",0.19462369999382645,6,1,
douyin-test-002821,douyin,test,2821,xinjiangheti27,珠宝首饰,我失明好了[舔屏],0,该用户想表达的含义是：这款产品让我眼前一亮，非常吸引我。,"[""好大气"", ""太哇塞了[赞][赞][赞]"", ""带链子?"", ""这样的手串"", ""鸿运当头和天地糖""]",0,"<think>

</think>

0",0.19580739999946672,6,1,
douyin-test-002832,douyin,test,2832,xinjiangheti27,珠宝首饰,"我是女娲,我来补",0,该用户想表达的含义是：我是来抢购补货商品的。  （结合直播间的玉石珠宝主题和频繁提及的“手串”“无事牌”等商品，用户用“女娲补天”的梗幽默暗示自己准备参与抢购，尤其是针对可能补货或热卖的商品。）,"[""歪嘴跑了"", ""跪求一千左右手镯"", ""镯子有吗"", ""主播戴的手串主播戴的手串"", ""四叶草上了吗""]",0,"<think>

</think>

0",0.2017195999942487,6,1,
douyin-test-002839,douyin,test,2839,xinjiangheti27,珠宝首饰,直切和田玉手串上一下!,1,该用户急切希望主播尽快展示或上架直切款式的和田玉手串商品。,"[""大开眼了"", ""水滴吊坠"", ""邮费都不够[捂脸]"", ""这快递费也不够啊"", ""大号四叶草[比心][比心]""]",1,"<think>

</think>

1",0.20571310000377707,6,1,
douyin-test-002859,douyin,test,2859,xinjiangheti27,珠宝首饰,跪求一千左右手镯,1,该用户急切地想要购买一款价格在一千元左右的玉镯，并希望主播能推荐或上架符合预算的产品。,"[""手上带的碧玉戒指"", ""手上的好看"", ""碧玺多"", ""碧玉手串"", ""碧玺的""]",1,"<think>

</think>

1",0.19823159999214113,6,1,
douyin-test-002862,douyin,test,2862,xinjiangheti27,珠宝首饰,猫没活着[捂脸][捂脸][捂脸][捂脸],0,该用户可能是在调侃或自嘲自己没能抢到直播间里展示的某款商品（比如猫眼手链或其他饰品），用幽默的方式表达遗憾和无奈。,"[""碧玉手串"", ""碧玺的"", ""跪求一千左右手镯"", ""老郑手上的戒指"", ""明天就活了.[捂脸]""]",0,"<think>

</think>

0",0.2047547999973176,6,1,
douyin-test-002873,douyin,test,2873,xinjiangheti27,珠宝首饰,"老郑,男士介子",1,该用户是在询问主播“老郑”是否有适合男士佩戴的戒指款式。,"[""猫眼手串上"", ""我就点赞啥也没抢到[捂脸]"", ""南红呢"", ""这个牛[赞]"", ""晚上好""]",0,"<think>

</think>

0",0.19674400000076275,6,1,
douyin-test-002892,douyin,test,2892,xinjiangheti27,珠宝首饰,不服就干他,0,该用户想表达的含义是：支持主播强硬的态度或行动，鼓励直接采取对抗或竞争手段。  （结合前文弹幕中频繁出现的“支持”“说的对”“干就行了”等互动，可推断直播间氛围偏向激昂或对抗性场景，用户通过简短口号式弹幕附和主播立场，表达情绪共鸣而非具体购买意愿。）,"[""说的太对了"", ""戒指戒指上点吧"", ""南红南红南红"", ""老郑说的对[赞]"", ""晚上好""]",0,"<think>

</think>

0",0.19528609998815227,6,1,
douyin-test-002893,douyin,test,2893,xinjiangheti27,珠宝首饰,那个人两天没播了,0,该用户可能在表达对某位主播缺席直播的不满或担忧，暗示希望该主播尽快回归以继续带货或互动。,"[""戒指戒指上点吧"", ""南红南红南红"", ""老郑说的对[赞]"", ""晚上好"", ""不服就干他""]",0,"<think>

</think>

0",0.19344339999952354,6,1,
douyin-test-002962,douyin,test,2962,xinjiangheti27,珠宝首饰,"千手观音红皮,郑总",1,该用户可能在询问主播（郑总）展示的“千手观音红皮”玉石商品的相关信息或表达购买意向。,"[""后面红色手镯来一下"", ""戒指再上"", ""太绿了`"", ""高高货无事牌也放个漏吧[愉快][愉快][愉快]"", ""要你手上戒指颜色的""]",1,"<think>

</think>

1",0.20638069999404252,6,1,
douyin-test-003006,douyin,test,3006,elslk001,美食饮料,已拍加急,0,该用户想表达的含义是：我已经下单并选择了加急配送服务。  （结合前文语境，直播间讨论的多是商品质量、种类和下单情况，用户用“已拍加急”简洁表明自己完成购买且对收货时效有需求，符合直播间的交易导向氛围。）,"[""都是进口的吗拍了几个款[比心][比心][比心]"", ""巳拍2单"", ""有AK不[呲牙][呲牙][呲牙]"", ""已拍巧克力糖"", ""水果糖和你的不一样""]",1,"<think>

</think>

1",0.20308579999255016,6,1,
douyin-test-003010,douyin,test,3010,elslk001,美食饮料,把你上架,0,该用户想表达的含义是：催促主播尽快将提到的商品上架销售。,"[""水果糖和你的不一样"", ""已拍加急"", ""24号还有吗"", ""第一次来推荐哪个"", ""在南方拆开会不会受潮""]",1,"<think>

</think>

1",0.2020394999999553,6,1,
douyin-test-003013,douyin,test,3013,elslk001,美食饮料,退运费,0,该用户可能是在询问或要求商家提供退货运费的相关政策或服务。,"[""第一次来推荐哪个"", ""在南方拆开会不会受潮"", ""把你上架"", ""你把中国农业放哪了?"", ""吃了会发胖吗""]",0,"<think>

</think>

0",0.2046009000041522,6,1,
douyin-test-003041,douyin,test,3041,elslk001,美食饮料,"滚粗,见一次骂一次",0,该用户对主播或品牌方存在强烈不满，可能因产品质量、虚假宣传等问题产生抵触情绪，意图通过攻击性言论宣泄愤怒并抵制相关商品。,"[""俄罗斯人不骗俄罗斯人"", ""但愿以后永世俄罗斯人不骗中国人![捂脸][捂脸][捂脸]"", ""纯沙棘"", ""产地确保俄罗斯?"", ""普通话这么好的吗""]",0,"<think>

</think>

0",0.21014340000692755,6,1,
douyin-test-003046,douyin,test,3046,elslk001,美食饮料,小块的呢,1,该用户可能在询问商品是否有更小规格的包装可选。,"[""滚粗,见一次骂一次"", ""糖尿病可以喝这款奶粉吗"", ""@陈***无糖的"", ""纯黑巧克力"", ""之前的混合装有吗""]",1,"<think>

</think>

1",0.2077971999970032,6,1,
douyin-test-003077,douyin,test,3077,Jing1000086,服饰鞋履,欣姐要放大招了,0,该用户可能在期待主播即将展示或推出令人惊喜的新品或优惠活动。,"[""有弹力吗"", ""弹力有吗"", ""有白色腰带"", ""胖子能穿这裤子吗"", ""身高1米5的能穿吗?""]",0,"<think>

</think>

0",0.2046017000102438,6,1,
douyin-test-003079,douyin,test,3079,Jing1000086,服饰鞋履,"矮个子的上衣,再加点",1,该用户想表达的含义是：询问是否有适合小个子穿的上衣款式，并希望主播多推荐一些类似的选择。,"[""有白色腰带"", ""胖子能穿这裤子吗"", ""身高1米5的能穿吗?"", ""欣姐要放大招了"", ""跟破洞裤一样的款吗?""]",0,"<think>

</think>

0",0.21712250000564381,6,1,
douyin-test-003100,douyin,test,3100,Jing1000086,服饰鞋履,牛仔裤没有了,0,该用户想表达的含义是：牛仔裤的库存已经售罄，希望商家能补货。,"[""裤子xs没有了"", ""牛仔裤拍不到"", ""裤子卡码怎么拍"", ""抢不到"", ""裤子没有""]",1,"<think>

</think>

1",0.1976530000101775,6,1,
douyin-test-003116,douyin,test,3116,Jing1000086,服饰鞋履,裤子再加[捂脸]卡了没拍到,0,该用户因网络卡顿错过了裤子的抢购机会，感到遗憾和无奈。,"[""裤子没有抢到,矮个子版的没有了"", ""小个子没有了"", ""裤子小个子没有拍到"", ""白色皮带"", ""小码没有了""]",1,"<think>

</think>

1",0.20209150000300724,6,1,
douyin-test-003120,douyin,test,3120,Jing1000086,服饰鞋履,推荐啥色,1,该用户想询问主播推荐适合自己肤色的服装颜色。,"[""小码没有了"", ""裤子再加[捂脸]卡了没拍到"", ""欣姐穿的长款还是短款"", ""身上美背"", ""有九分裤吗""]",1,"<think>

</think>

1",0.20256200000585523,6,1,
douyin-test-003125,douyin,test,3125,Jing1000086,服饰鞋履,裤子上点没抢到,0,该用户想表达的含义是：想买裤子但没抢到合适的尺码或款式。,"[""推荐啥色"", ""今天第7天了,还没有发货[捂脸]"", ""聚一聚哈单"", ""裤子没友"", ""裤子裤子""]",1,"<think>

</think>

1",0.19890200000372715,6,1,
douyin-test-003198,douyin,test,3198,Jing1000086,服饰鞋履,是外套还是皮肤衣,1,该用户是在询问当前展示的商品属于外套类别还是更轻薄的防晒皮肤衣类别，想确认产品的具体属性和功能。,"[""艾米,生日快乐[爱心]"", ""艾米生日快乐[气球][气球][气球]"", ""美背什么时候开"", ""想买你那个腰带,蕾丝腰带"", ""上点V领T防晒吗""]",1,"<think>

</think>

1",0.21151069999905303,6,1,
douyin-test-003214,douyin,test,3214,Jing1000086,服饰鞋履,蕾丝美背有吗,1,该用户是在询问直播间是否有售卖带有蕾丝设计的露背款式服装。,"[""没有抢到"", ""拍一下"", ""私服有没有"", ""是宽松的吗"", ""裤子也开福利呗[比心][比心][比心][比心]""]",1,"<think>

</think>

1",0.19929550000233576,6,1,
douyin-test-003247,douyin,test,3247,Jing1000086,服饰鞋履,欣儿穿啥都好看,0,该用户想表达的含义是：主播的穿搭效果很好，让人对展示的服装产生好感。,"[""裤子是高腰还是中腰"", ""只能穿到120斤吗"", ""153,90斤咋拍?"", ""美背美背美背美背美背美背"", ""下面的松紧紧吗?""]",0,"<think>

</think>

0",0.20674769999459386,6,1,
douyin-test-003250,douyin,test,3250,Jing1000086,服饰鞋履,私服什么时候上,0,该用户是在询问主播的日常穿搭服饰何时会上架售卖。,"[""美背美背美背美背美背美背"", ""下面的松紧紧吗?"", ""欣儿穿啥都好看"", ""矮个子没了"", ""买不到""]",1,"<think>

</think>

1",0.19794459998956881,6,1,
douyin-test-003256,douyin,test,3256,Jing1000086,服饰鞋履,什么时候能发货,0,该用户想确认商品的发货时效以评估是否值得立即下单。,"[""没码呀"", ""段码啦"", ""身上美背"", ""防晒?"", ""13-14号那款更补水一点呢""]",1,"<think>

</think>

1",0.19505039999785367,6,1,
douyin-test-003260,douyin,test,3260,Jing1000086,服饰鞋履,又没抢到,0,该用户因商品抢购失败而感到遗憾和失落。,"[""13-14号那款更补水一点呢"", ""什么时候能发货"", ""里面的有吗"", ""背心有吗"", ""有沐浴露嘛?""]",0,"<think>

</think>

0",0.20061830000486225,6,1,
douyin-test-003361,douyin,test,3361,Jing1000086,服饰鞋履,黄黑皮能穿这个白色吗,1,该用户是在询问白色服装是否适合肤色偏黄黑的消费者穿着。,"[""裙子吗这是?"", ""手表好看"", ""不是裙子,是裤裙"", ""防嗮衣有吗"", ""这样洋气[赞][赞]""]",1,"<think>

</think>

1",0.19506359999650158,6,1,
douyin-test-003364,douyin,test,3364,Jing1000086,服饰鞋履,身上的美背,1,该用户想表达的含义是：询问主播身上穿的内搭背心是否有单卖或购买链接。  （结合前文弹幕中频繁出现对服装细节、单件购买和主播同款的讨论，用户很可能在关注主播的穿搭单品并希望购买同款。）,"[""防嗮衣有吗"", ""这样洋气[赞][赞]"", ""黄黑皮能穿这个白色吗"", ""短款风衣有吗?"", ""这个婆娘咋做的都这么好看,一进直播间就买买买""]",0,"<think>

</think>

0",0.20632630000181962,6,1,
douyin-test-003565,douyin,test,3565,Jing1000086,服饰鞋履,这个背心厚吗?,1,该用户可能在询问背心的厚度是否适合当前季节或自己的穿着需求，以判断是否值得购买。,"[""包包,排单我可以等的"", ""158高120斤能穿吗衣服?"", ""153不能穿吗"", ""裤子和衣服一套搭配吧"", ""148怎么办""]",1,"<think>

</think>

1",0.20400949999748264,6,1,
douyin-test-003604,douyin,test,3604,Jing1000086,服饰鞋履,白色连衣裙,1,该用户可能是在询问白色款式的连衣裙是否有货或适合自己穿着。,"[""还拍没了"", ""这个衣服可以搭裤子吗?"", ""没有拍到"", ""鞋子可上"", ""没货了""]",0,"<think>

</think>

0",0.19586590000835713,6,1,
douyin-test-003610,douyin,test,3610,Jing1000086,服饰鞋履,还可以搭什么衣服?,1,该用户想询问当前展示的服装款式还有哪些搭配建议或推荐。,"[""卡玛怎么拍"", ""出鞋子"", ""162,110斤衣服穿几码"", ""在上点吧"", ""夏天可以穿吗裤子""]",1,"<think>

</think>

1",0.20200289999775123,6,1,
douyin-test-003635,douyin,test,3635,Jing1000086,服饰鞋履,上衣还可以搭其它的吗?,1,该用户想询问这件上衣是否有更多样的搭配方案，以评估其购买后的实用性和穿搭可能性。,"[""美背美背美背美背美背美背美背美背美背美背美背美背美背美背美背美背美背美背美背美背美背美背美背美背美背"", ""衣服还可以配什么"", ""小个子怎么拍"", ""透明鞋子,今晚上吗?"", ""你的鞋子""]",1,"<think>

</think>

1",0.221323100005975,6,1,
douyin-test-003645,douyin,test,3645,Jing1000086,服饰鞋履,我喜欢你的项链配饰,1,该用户对主播佩戴的项链款式感兴趣，暗示想了解商品详情或购买方式。,"[""我家里刚好有这款透明的鞋子"", ""好喜欢,可以手臂粗[捂脸]"", ""裤子搭个别的衣服看看"", ""裤子卡码怎么拍"", ""美背美背美背""]",0,"<think>

</think>

0",0.21926269998948555,6,1,
douyin-test-003665,douyin,test,3665,Jing1000086,服饰鞋履,164拍哪个码,1,"该用户是在询问身高164cm的人应该选择哪个尺码购买。  （结合前文弹幕中频繁出现的尺码、搭配、断货等关键词，可推测当前直播间正在讨论服饰类商品，且用户对具体尺码选择存在疑问。""拍哪个码""是电商直播中常见的购买咨询句式，而""164""通常指向身高数据，用于服装尺码参考。）","[""上衣小个子款没有了"", ""胳膊粗"", ""没码了"", ""上衣没码了"", ""蕾丝腰带开了吗?""]",1,"<think>

</think>

1",0.2102729000034742,6,1,
douyin-test-003685,douyin,test,3685,Jing1000086,服饰鞋履,还可以,0,该用户可能觉得当前展示的商品还算不错，但并未表现出强烈的购买意愿或明确偏好。,"[""西裤可西裤在上一波"", ""前面好看"", ""裙裤更有味"", ""那个好看"", ""裤子好看""]",0,"<think>

</think>

0",0.20077339999261312,6,1,
douyin-test-003714,douyin,test,3714,Jing1000086,服饰鞋履,萝卜青菜各有所爱[赞],0,该用户想表达的含义是：每个人对商品的喜好和选择标准各不相同，表示理解并尊重他人的偏好。,"[""裤子卡码拍大拍小"", ""搭裙裤更好看"", ""这个鞋子有吗"", ""短款皮衣"", ""看看群主""]",0,"<think>

</think>

0",0.20874539999931585,6,1,
douyin-test-003726,douyin,test,3726,Jing1000086,服饰鞋履,私服全部上,1,"该用户希望主播将所有私服款式尽快上架展示或开售。  （解析：结合前文多次出现""要私服""""上私服""等催促性表达，且当前弹幕用""全部""强调范围，""上""为直播场景高频动作指令，整体语境显示用户对私服品类有明确购买意向并急切等待上新）","[""里面吊带"", ""卡码怎么拍"", ""想,那天那个白色裙子"", ""刚刚的裙子开价了吗"", ""上私服""]",1,"<think>

</think>

1",0.19670820000465028,6,1,
douyin-test-003727,douyin,test,3727,Jing1000086,服饰鞋履,想要短袖套装裙,1,该用户希望购买一套包含短袖上衣和配套裙子的夏季服装套装。,"[""卡码怎么拍"", ""想,那天那个白色裙子"", ""刚刚的裙子开价了吗"", ""上私服"", ""私服全部上""]",1,"<think>

</think>

1",0.1981884999986505,6,1,
douyin-test-003808,douyin,test,3808,Jing1000086,服饰鞋履,没背会下漏吗,1,该用户可能是在询问“这款衣服的背部设计是否会有走光的风险”。  （结合前文弹幕中频繁出现的关于服装细节、搭配和实用性的提问，如“袖子”“腰带”“配鞋子”等，可推测用户关注的是产品本身的设计和穿着效果。目标弹幕中的“背”和“漏”更可能是对服装版型的担忧，而非字面背诵或遗漏含义。）,"[""看下袖子"", ""这个腰带好看"", ""袖子放下来看看"", ""能机洗吗欣姐"", ""裙子皱吗?""]",0,"<think>

</think>

0",0.1980424000066705,6,1,
douyin-test-003844,douyin,test,3844,Jing1000086,服饰鞋履,有没有短款,1,该用户是在询问主播展示的商品是否有更短的款式或尺寸可供选择。,"[""身上这个皮带有吗"", ""透吗?"", ""50岁可以穿吗"", ""主播穿的是哪个裙长"", ""搭配小白鞋看看""]",1,"<think>

</think>

1",0.19744879999780096,6,1,
douyin-test-003847,douyin,test,3847,Jing1000086,服饰鞋履,配下白色腰带看看,1,该用户希望主播展示当前服装搭配白色腰带的效果。,"[""主播穿的是哪个裙长"", ""搭配小白鞋看看"", ""有没有短款"", ""要鞋子"", ""身上这个要带好看""]",1,"<think>

</think>

1",0.20388380000076722,6,1,
douyin-test-003862,douyin,test,3862,Jing1000086,服饰鞋履,袖子放下来吧,1,该用户希望主播将袖子的部分展示出来以便更清楚地查看服装款式或穿着效果。,"[""有光泽吗"", ""有运费险吗?"", ""要带配上吧"", ""卡码要拍大吗"", ""要是搭配这个腰带更好看""]",0,"<think>

</think>

0",0.19884860000456683,6,1,
douyin-test-003867,douyin,test,3867,Jing1000086,服饰鞋履,皮带开下,1,该用户想表达的含义是：希望主播展示一下皮带的款式或上身效果。,"[""袖子放下来吧"", ""你身上腰带有吗"", ""夏天也可以穿吗?"", ""主播穿的什么什么长度"", ""有不是黑白灰的连衣裙吗?""]",1,"<think>

</think>

1",0.19983260000299197,6,1,
douyin-test-003923,douyin,test,3923,Jing1000086,服饰鞋履,还可以搭什么鞋子,1,该用户想询问当前展示的服装可以搭配哪些类型的鞋子来提升整体穿搭效果。,"[""纯白色,还是?"", ""那个腰带好看"", ""今晚都是白色的衣服[比心]"", ""有口袋吗"", ""腰带上一下""]",1,"<think>

</think>

1",0.1976375999947777,6,1,
douyin-test-003940,douyin,test,3940,Jing1000086,服饰鞋履,咋没袖子,0,该用户可能是在询问或吐槽当前展示的服装款式为何是无袖设计。,"[""什么面料"", ""适合多少度天气穿"", ""欣姐,播播间没有的配饰在哪里买[捂脸]"", ""那个皮带有吗"", ""怎么都是白色啊""]",1,"<think>

</think>

1",0.19605460000457242,6,1,
douyin-test-003945,douyin,test,3945,Jing1000086,服饰鞋履,怎么都是白色的,0,该用户可能是在抱怨直播间展示的商品颜色过于单一，缺乏其他颜色的选择。,"[""咋没袖子"", ""根本卖不完[捂脸]"", ""蓝色衬衣马甲都上一点"", ""这个好好看"", ""哇[比心]好好看[捂脸]""]",0,"<think>

</think>

0",0.2008918000065023,6,1,
douyin-test-003950,douyin,test,3950,Jing1000086,服饰鞋履,"欣姐,播播间没有的仿版配饰在哪里买[捂脸]",0,该用户想表达的含义是：询问主播能否提供直播间未展示的同款配饰购买渠道。  （解析：结合前文弹幕高频出现的“好看”“买”等关键词及对具体商品的询问，用户显然对直播商品有购买兴趣，但当前目标弹幕提到“仿版配饰”未在直播间出现，其核心诉求是希望主播补充或推荐类似商品，[捂脸]表情则可能隐含对缺货/未上架的调侃或急切心态。）,"[""怎么都是白色的"", ""有其他颜色吗"", ""就等这个呢"", ""我看上了[捂脸][捂脸]"", ""胳膊粗""]",1,"<think>

</think>

1",0.20443180001166184,6,1,
douyin-test-003962,douyin,test,3962,Jing1000086,服饰鞋履,这套好看气质,1,该用户认为当前展示的服装款式既美观又符合优雅大方的风格特点。,"[""黄色腰带截图一下"", ""要短款短"", ""对,都是特别有气质的高级"", ""想要带袖子不带那个长带子的[捂脸]"", ""想要带袖子不带那个长带子的""]",0,"<think>

</think>

0",0.2046663999935845,6,1,
douyin-test-003994,douyin,test,3994,Jing1000086,服饰鞋履,"不能看你直播,看到你直播啥都想买",0,该用户想表达的含义是：主播的带货能力太强，导致自己忍不住想购买直播中展示的所有商品。,"[""袋子能去掉吗"", ""德训鞋"", ""日常穿好看吗[比心]"", ""可以自己剪[捂脸][捂脸]"", ""不要带子""]",1,"<think>

</think>

1",0.2031598000030499,6,1,
douyin-test-004006,douyin,test,4006,Jing1000086,服饰鞋履,可以再穿下三号吗?,1,该用户希望主播再次展示3号款式的试穿效果以便进一步评估是否购买。,"[""上面那个蓝色拉链衬衣马夹"", ""不想要带子[捂脸]"", ""飘带可以不要嘛"", ""蓝色是浅蓝吗"", ""没有尺子怎么办""]",1,"<think>

</think>

1",0.2043987999932142,6,1,
douyin-test-004057,douyin,test,4057,Jing1000086,服饰鞋履,我拍了7件加急发货,0,该用户想表达自己已经下单购买了7件商品，并希望商家优先处理自己的订单尽快发货。,"[""拍了三单"", ""做一款带袖子的"", ""裁缝店剪[捂脸][捂脸]"", ""还宝贝们了[捂脸][捂脸][捂脸]"", ""远看一天""]",1,"<think>

</think>

1",0.2101708999980474,6,1,
douyin-test-004107,douyin,test,4107,Jing1000086,服饰鞋履,一套吗,1,该用户是在询问当前展示的商品是否为成套出售的组合款。,"[""今天沐浴露上吗?"", ""好美呀"", ""也都出不去了"", ""现在上车,要忙了"", ""买了你家袜子非常好""]",1,"<think>

</think>

1",0.20495759999903385,6,1,
douyin-test-004128,douyin,test,4128,Jing1000086,服饰鞋履,一套吗,1,该用户是在询问当前展示的商品是否为套装组合出售。,"[""要等吗"", ""鞋鞋,,,,,,,鞋[爱心][爱心]"", ""@肖***一个高个子,一个矮个子你没看到啊[呲牙]"", ""@肖***小个子和矮个子一个,高个子一个链接"", ""今天好像有点模糊""]",1,"<think>

</think>

1",0.21780080000462476,6,1,
douyin-test-004163,douyin,test,4163,Jing1000086,服饰鞋履,哎米生日快乐,0,该用户是在主播生日祝福氛围中表达对主播的喜爱和庆贺，属于互动型情感表达而非商品咨询。,"[""艾米生日快乐[比心][比心]"", ""艾米生日快乐[爱心][爱心][爱心]"", ""生日快乐!"", ""生日快乐艾米"", ""爱米!生日快乐[赞][赞]""]",0,"<think>

</think>

0",0.2111327999882633,6,1,
douyin-test-004167,douyin,test,4167,Jing1000086,服饰鞋履,有险险吗,1,该用户可能在询问商品是否有运费险或其他保障服务。,"[""爱米!生日快乐[赞][赞]"", ""哎米生日快乐"", ""艾米生日快乐[比心][比心][比心]"", ""站远看一下"", ""艾米,生日快乐[比心]""]",0,"<think>

</think>

0",0.21302039999864064,6,1,
douyin-test-004172,douyin,test,4172,Jing1000086,服饰鞋履,"163拍小个子,还是高个子",1,该用户想询问商品尺码是否适合身高较矮或较高的人群。,"[""有险险吗"", ""好喜欢你[比心][比心]"", ""配个别的上衣"", ""裤子厚不厚"", ""看中你的口红,欣姐""]",1,"<think>

</think>

1",0.21132100000977516,6,1,
douyin-test-004192,douyin,test,4192,Jing1000086,服饰鞋履,远一点看看,1,该用户希望主播将镜头拉远或调整角度，以便更全面地查看商品的外观或细节。,"[""春款黄色蕾丝那个套装还上吗"", ""这个裤子搭别的衣服可以吗?"", ""勃肯鞋"", ""服了这些人"", ""上衣厚吗?""]",0,"<think>

</think>

0",0.19584949999989476,6,1,
douyin-test-004200,douyin,test,4200,Jing1000086,服饰鞋履,有口袋吗屁股后面,1,该用户是在询问裤子的后侧是否有设计口袋。,"[""裤子春款还是夏款"", ""我非常缺包包"", ""夏天可以穿吗?"", ""上衣呢"", ""我喜欢你的水杯""]",1,"<think>

</think>

1",0.1980877000023611,6,1,
douyin-test-004236,douyin,test,4236,Jing1000086,服饰鞋履,美背大胸能穿不,1,该用户是在询问主播展示的服装款式是否适合身材较为丰满、胸部较大的女性穿着。,"[""163衣服拍高个子吗"", ""什么时候发货"", ""裤腿宽吗"", ""看看裤子后面"", ""衣服开一波""]",1,"<think>

</think>

1",0.19592360001115594,6,1,
douyin-test-004242,douyin,test,4242,Jing1000086,服饰鞋履,单独的内搭蕾丝有吗?,1,该用户想询问直播间是否售卖可以单独搭配的蕾丝内搭单品。,"[""买了裤子,没买到蕾丝上衣"", ""有松紧吗"", ""姐们,你们卡吗,我这一卡一卡的"", ""裤子拿近看一下"", ""有短裤短裙吗?""]",1,"<think>

</think>

1",0.20536900000297464,6,1,
douyin-test-004287,douyin,test,4287,Jing1000086,服饰鞋履,没有了,0,该用户想表达的含义是：商品已经售罄或想要的尺码/款式没有了。,"[""小个子79吗"", ""说75呀,上的79"", ""小白鞋上点福利"", ""来晚了海派甜心价格再开一波嘛"", ""没有小黄车""]",0,"<think>

</think>

0",0.20541930000763386,6,1,
douyin-test-004333,douyin,test,4333,Jing1000086,服饰鞋履,黄皮推荐什么颜色,1,该用户想询问适合黄皮肤人群使用的产品色号推荐。,"[""黄黑皮推荐哪个"", ""这个好,长短合适配外套"", ""主推咖色吗"", ""裙子有口袋吗?"", ""牛仔裤可以上""]",1,"<think>

</think>

1",0.19607810000889003,6,1,
douyin-test-004358,douyin,test,4358,Jing1000086,服饰鞋履,"美背,胸大能穿不",1,该用户是在询问这款美背款式的内衣是否适合胸部较大的身材穿着。,"[""身上的t上吗"", ""裙子粘毛不"", ""要这件衣服等好久了"", ""49呀"", ""身上衣服上下""]",1,"<think>

</think>

1",0.19678309999289922,6,1,
douyin-test-004381,douyin,test,4381,Jing1000086,服饰鞋履,身上衣服要,1,该用户可能是在询问主播身上穿的同款衣服是否有货或如何购买。,"[""30号?"", ""几号????"", ""几点播"", ""大胸能穿吗"", ""只是面膜,没有面霜吗""]",1,"<think>

</think>

1",0.20292489998973906,6,1,
douyin-test-004396,douyin,test,4396,Jing1000086,服饰鞋履,今天你身上穿的一身白的私服有吗,1,该用户是在询问主播身上穿的白色私服是否在直播间有售。,"[""上衣有吗"", ""身上衣服"", ""生日会包包上一波欣欣子"", ""胸大,美背可以穿吗"", ""哈哈哈哈""]",1,"<think>

</think>

1",0.2425236999988556,6,1,
douyin-test-004406,douyin,test,4406,achun1999,美容护肤,生日礼物,0,该用户可能在询问是否有适合作为生日礼物的商品推荐。,[],0,"<think>

</think>

0",0.18828559998655692,6,1,
douyin-test-004420,douyin,test,4420,achun1999,美容护肤,精华精华[色],1,该用户想表达的含义是：对精华产品表现出强烈的兴趣和喜爱。,"[""有熬夜用的东西吗"", ""全部产品都买了,使用顺序说一下呗"", ""精油皂"", ""面膜面膜面膜面膜"", ""好用吗""]",1,"<think>

</think>

1",0.19802760001039132,6,1,
douyin-test-004439,douyin,test,4439,achun1999,美容护肤,等这个等好久了,1,该用户想表达的含义是：对当前直播中出现的商品期待已久，表现出强烈的购买意愿。,"[""有没有纯霜链接"", ""还有啥"", ""玫瑰精油"", ""精华眼霜"", ""8号链接,已拍,啥时候发货啊～""]",1,"<think>

</think>

1",0.20208780000393745,6,1,
douyin-test-004454,douyin,test,4454,achun1999,美容护肤,生日快乐啊,0,该用户是在直播间生日主题的互动氛围中，向主播或品牌方表达祝福并暗示对生日相关产品的兴趣。,"[""男的能用吗"", ""@日富壹日护肤品不分男女哦"", ""中大奖了生日礼物"", ""孕妇可以用吗"", ""@宇飞驿站护肤品不分男女哦""]",0,"<think>

</think>

0",0.20609909998893272,6,1,
douyin-test-004460,douyin,test,4460,achun1999,美容护肤,"哥,泥膜呢,啥时候上啊",1,该用户急切询问主播泥膜产品的上架时间，表现出明确的购买意向和期待。,"[""生日快了"", ""中奖绝缘体"", ""中一个"", ""上链接"", ""清洁啥时候上生日礼物生日礼物生日礼物""]",1,"<think>

</think>

1",0.20936960000835825,6,1,
douyin-test-004462,douyin,test,4462,achun1999,美容护肤,下午好下午好,0,该用户可能是在打招呼的同时融入直播间的互动氛围，并无明确购买意向。,"[""中一个"", ""上链接"", ""清洁啥时候上生日礼物生日礼物生日礼物"", ""哥,泥膜呢,啥时候上啊"", ""太给力了""]",0,"<think>

</think>

0",0.20541540000704117,6,1,
douyin-test-004466,douyin,test,4466,achun1999,美容护肤,生日礼物生日礼物,0,该用户可能在询问直播间是否有适合作为生日礼物的产品推荐或促销活动。,"[""太给力了"", ""下午好下午好"", ""生日快乐"", ""给我中"", ""一天一支吗""]",0,"<think>

</think>

0",0.19073550000030082,6,1,
douyin-test-004501,douyin,test,4501,achun1999,美容护肤,没链接了,1,该用户想表达的含义是：商品购买链接失效或售罄，无法下单。,"[""我们又要勒紧裤腰带了"", ""过不下去了,工资赶不上"", ""跟我一天生日"", ""我太穷了么"", ""怎么保存""]",0,"<think>

</think>

0",0.1959400000050664,6,1,
douyin-test-004519,douyin,test,4519,achun1999,美容护肤,主播太给力了,0,该用户想表达的含义是：对主播的推荐或促销力度感到非常满意和赞赏。,"[""生日快乐"", ""这是精华吗"", ""有没有全是水的套餐"", ""送冰箱吗"", ""精油皂,精油皂,精油皂,磨砂膏,磨砂膏,磨砂膏""]",0,"<think>

</think>

0",0.2006863999995403,6,1,
douyin-test-004520,douyin,test,4520,achun1999,美容护肤,生日礼物生日礼物生日礼物,0,该用户可能在暗示主播推荐适合作为生日礼物的产品，或询问当前展示的商品是否适合当作生日礼物送人。,"[""这是精华吗"", ""有没有全是水的套餐"", ""送冰箱吗"", ""精油皂,精油皂,精油皂,磨砂膏,磨砂膏,磨砂膏"", ""主播太给力了""]",1,"<think>

</think>

1",0.2130147000134457,6,1,
douyin-test-004537,douyin,test,4537,achun1999,美容护肤,泥膜和控油乳,1,该用户可能在询问或关注直播间正在介绍的泥膜和控油乳产品的具体信息或使用效果。,"[""好东西"", ""中奖了吗"", ""洗发水"", ""下午好"", ""买了买了""]",0,"<think>

</think>

0",0.18926690000807866,6,1,
douyin-test-004658,douyin,test,4658,achun1999,美容护肤,洗发水洗发水洗发水洗发水洗发水洗发水洗发水洗发水洗发水洗发水洗发水洗发水,1,该用户可能是在强烈催促主播介绍或上架洗发水产品，表达迫切想要了解或购买的意愿。,"[""一周几次"", ""蛋黄霜"", ""洗面奶"", ""控油面霜"", ""护发精油没拍到""]",1,"<think>

</think>

1",0.20788790000369772,6,1,
douyin-test-004679,douyin,test,4679,achun1999,美容护肤,黑玫瑰精油[比心][比心][比心]黑玫瑰精油[比心][比心][比心]黑玫瑰精油[比心][比心][比心],1,该用户想表达的含义是：对黑玫瑰精油产品表现出强烈的喜爱和购买意愿。  （结合前文弹幕中多次提及“黑玫瑰精油”且搭配[比心]表情，可推断用户高度关注该产品，并可能希望通过重复弹幕引起主播注意或强调需求。）,"[""没抢到"", ""上面膜别巴巴了"", ""白玫瑰几号链接"", ""熬夜霜"", ""洗面奶""]",1,"<think>

</think>

1",0.20714749999751803,6,1,
douyin-test-004780,douyin,test,4780,achun1999,美容护肤,"福袋,福袋,福袋",0,该用户急切希望参与直播间发放的福利活动，期待获得福袋奖励。,"[""阿纯分享的都超好用"", ""洗面奶还上么"", ""主播下午好"", ""怎么买"", ""快上直播看了快四个小时了""]",0,"<think>

</think>

0",0.19753770000534132,6,1,
douyin-test-004784,douyin,test,4784,achun1999,美容护肤,有没有沐浴露啊?,1,该用户是在询问直播间是否会上架沐浴露产品，表达了对该商品的购买意向。,"[""快上直播看了快四个小时了"", ""福袋,福袋,福袋"", ""钱包都扁了[捂脸]"", ""[比心]生日礼物"", ""蓝的好还是绿的好""]",1,"<think>

</think>

1",0.20948460001091007,6,1,
douyin-test-004790,douyin,test,4790,achun1999,美容护肤,之前的蓝面膜怎么办,1,该用户是在询问之前提到的蓝色面膜是否还会继续销售或使用，担心自己现有的蓝面膜与当前直播推荐的产品如何搭配或替代。,"[""直接上"", ""可以天天用吗"", ""啊啊啊啊,钱包在被掏空,啥都想要"", ""蓝面膜好用"", ""补水保湿效果好""]",1,"<think>

</think>

1",0.19819819999975152,6,1,
douyin-test-004887,douyin,test,4887,achun1999,美容护肤,生日礼物,0,该用户可能在询问直播间是否有适合作为生日礼物的产品推荐或优惠活动。,"[""给我中"", ""什么时候上胶原面膜?"", ""黄金皂"", ""黑玫瑰"", ""面膜抢到了""]",0,"<think>

</think>

0",0.1923953000077745,6,1,
douyin-test-004914,douyin,test,4914,achun1999,美容护肤,啥时候上洗面奶,1,该用户是在询问直播间何时会上架洗面奶产品，表现出对该品类有明确的购买意向和期待。,"[""这么多刷蛋黄油的看不见"", ""有刚刚那个胶原蛋白面膜吗"", ""牙膏啥时候啊"", ""生日礼物"", ""生日快乐""]",1,"<think>

</think>

1",0.1942239000054542,6,1,
douyin-test-004983,douyin,test,4983,achun1999,美容护肤,果酸身体乳,1,该用户可能是在询问或表达对果酸身体乳这款产品的兴趣，想了解其功效或购买方式。,"[""今天熬夜面膜会上吗?"", ""洗面奶"", ""人参霜"", ""不错很喜欢"", ""蛋黄油蛋黄油等五个小时了""]",1,"<think>

</think>

1",0.19477799999003764,6,1,
douyin-test-004997,douyin,test,4997,achun1999,美容护肤,没有了,0,该用户想表达的含义是：商品已经售罄或抢购结束了。  （结合前文弹幕中频繁提及的“蛋黄油”等商品关键词以及类似“没了……”的表述，可推断用户是在感叹或确认商品缺货状态。）,"[""我家几个月的婴儿宝宝也天天用呢,非常好,老大老二俩娃一起用"", ""厉害了"", ""油皮适合吗"", ""生日礼物"", ""素颜霜""]",0,"<think>

</think>

0",0.20037020000745542,6,1,
douyin-test-004999,douyin,test,4999,achun1999,美容护肤,洗面奶,1,该用户可能在询问或提醒主播介绍当前正在讨论的洗面奶产品，或是表达对洗面奶的兴趣和关注。,"[""油皮适合吗"", ""生日礼物"", ""素颜霜"", ""没有了"", ""生日礼物生日礼物生日礼物""]",1,"<think>

</think>

1",0.19521149998763576,6,1,
douyin-test-005024,douyin,test,5024,achun1999,美容护肤,换包装了?,1,该用户可能是在询问产品是否更换了包装设计，暗示对产品本身的熟悉和持续关注，并想确认当前售卖的是否为新版本。,"[""熬夜面膜啥时候上"", ""用了一年了.抢不到啊"", ""抢不到"", ""一直在用的"", ""这过咯""]",0,"<think>

</think>

0",0.19716899999184534,6,1,
douyin-test-005030,douyin,test,5030,achun1999,美容护肤,拍不到,1,该用户想表达的含义是：商品抢购速度太快，自己没能成功下单。,"[""在上点"", ""生日礼物"", ""又没抢到"", ""看都看不懂"", ""生日礼物生日礼物生日礼物""]",0,"<think>

</think>

0",0.20245640000212006,6,1,
douyin-test-005036,douyin,test,5036,achun1999,美容护肤,精华水,1,该用户可能是在询问或强调直播间正在介绍的精华水产品，表达对其功效或购买细节的关注兴趣。,"[""我用润本就够了"", ""抢到了"", ""421我的生日"", ""手机发烫,付款还要选择发货时间,没抢到"", ""生日礼物""]",1,"<think>

</think>

1",0.20508289999270346,6,1,
douyin-test-005048,douyin,test,5048,achun1999,美容护肤,咋么用,1,该用户想询问产品的具体使用方法或适用场景。,"[""来了来了"", ""静默已经上了"", ""要香皂香皂"", ""几号啊"", ""精华水""]",1,"<think>

</think>

1",0.20233890000963584,6,1,
douyin-test-005054,douyin,test,5054,achun1999,美容护肤,蛋黄油,1,该用户可能是在询问或提及与“蛋黄油”相关的产品信息或使用效果。,"[""蛋黄霜小朋友能用不"", ""金手链手链手链手链手链手链手链手链手链手链"", ""生日礼物生日礼物生日礼物"", ""蛋黄霜"", ""抢不到""]",1,"<think>

</think>

1",0.21397399999841582,6,1,
douyin-test-005109,douyin,test,5109,achun1999,美容护肤,去油吗,1,该用户是在询问产品是否具有控油或清洁油脂的效果。,"[""控油吗"", ""头痒呢"", ""去油吗?"", ""能不能去油"", ""从头跟到尾,也没中奖[捂脸]""]",1,"<think>

</think>

1",0.19527330000710208,6,1,
douyin-test-005110,douyin,test,5110,achun1999,美容护肤,油头适用吗,1,该用户想询问该产品是否适合油性发质使用。,"[""头痒呢"", ""去油吗?"", ""能不能去油"", ""从头跟到尾,也没中奖[捂脸]"", ""去油吗""]",1,"<think>

</think>

1",0.1973976000008406,6,1,
douyin-test-005172,douyin,test,5172,achun1999,美容护肤,水乳霜三件套有吗?,1,该用户是在询问直播间是否有售卖水乳霜三件套护肤产品。,"[""的社会"", ""@阿纯（正在生日盛典院线开业黑玫瑰精油还不上吗,四个多小时了等了"", ""都觉得几点结束额呵呵呵"", ""额呵呵呵"", ""生日礼物""]",1,"<think>

</think>

1",0.2222743000020273,6,1,
douyin-test-005173,douyin,test,5173,achun1999,美容护肤,盛世炜虹文化,0,该用户可能在询问或催促某个名为“盛世炜虹文化”的产品是否会上架或何时开卖。,"[""@阿纯（正在生日盛典院线开业黑玫瑰精油还不上吗,四个多小时了等了"", ""都觉得几点结束额呵呵呵"", ""额呵呵呵"", ""生日礼物"", ""水乳霜三件套有吗?""]",0,"<think>

</think>

0",0.21226559999922756,6,1,
douyin-test-005176,douyin,test,5176,achun1999,美容护肤,花了4000多了,0,该用户想表达的含义是：我已经在这场直播中消费了相当多的金额，可能有些犹豫或感慨。,"[""生日礼物"", ""水乳霜三件套有吗?"", ""盛世炜虹文化"", ""打到几点就到家"", ""毯子毯子毯子毯子""]",0,"<think>

</think>

0",0.19926419999683276,6,1,
douyin-test-005182,douyin,test,5182,achun1999,美容护肤,香皂在哪里老板,1,该用户是在询问主播当前展示或提到的香皂产品的具体购买链接或位置，表现出明确的购买意向和急切想找到商品的心理。,"[""看你卖的东西,我家里都有好爽"", ""生日礼物生日礼物"", ""好用神器"", ""想中奖"", ""生日礼物""]",1,"<think>

</think>

1",0.20778149999387097,6,1,
douyin-test-005245,douyin,test,5245,achun1999,美容护肤,牙膏牙膏牙膏牙膏,1,该用户想表达的含义是：强烈催促主播上架或介绍牙膏产品。  （结合前文弹幕中高频重复商品名的模式，如“洗面奶”“眼霜”“防晒”等，均属于用户急切要求提及或购买某产品的典型表达，因此“牙膏”的重复同样指向明确的购买意向或需求。）,"[""此生Z大场,机制仅一次"", ""人参面霜"", ""防晒防晒防晒防鸲"", ""终于有活动了,家里都用光了,又囤货了"", ""西瓜霜今天有吗?""]",1,"<think>

</think>

1",0.214538200001698,6,1,
douyin-test-005268,douyin,test,5268,achun1999,美容护肤,能擦脸吗,1,该用户是在询问产品是否适合用于面部护肤。,"[""生日礼物生日礼物"", ""我就不买了,我怕用上瘾再买不到怎么办"", ""素颜霜"", ""日期是新的吗"", ""生日礼物""]",1,"<think>

</think>

1",0.19594710000092164,6,1,
douyin-test-005272,douyin,test,5272,achun1999,美容护肤,素颜霜,1,该用户可能是对素颜霜产品产生兴趣，想询问产品详情或表达购买意向。,"[""生日礼物"", ""能擦脸吗"", ""人参霜"", ""能喷脸吗"", ""中福袋""]",1,"<think>

</think>

1",0.19827239999722224,6,1,
douyin-test-005278,douyin,test,5278,achun1999,美容护肤,让我中个福袋吧,0,该用户希望通过参与直播间的抽奖活动获得免费福利。,"[""人参面霜"", ""看不见吗?"", ""生日礼物生日礼物生日礼物"", ""洗面奶,洗面奶,洗面奶"", ""有素颜霜吗?""]",0,"<think>

</think>

0",0.19768120000662748,6,1,
douyin-test-005331,douyin,test,5331,achun1999,美容护肤,还没来得及,0,该用户想表达的含义是：还没赶上直播间的商品上架或抢购。,"[""磨砂膏"", ""素颜霜呢"", ""上下素颜霜,要带娃呢"", ""不能这样"", ""平衡霜""]",0,"<think>

</think>

0",0.20829650000086986,6,1,
douyin-test-005357,douyin,test,5357,achun1999,美容护肤,牙膏牙膏牙膏牙膏牙膏牙膏牙膏牙膏牙膏牙膏牙膏牙膏牙膏牙膏牙膏牙膏牙膏牙膏牙膏牙膏牙膏牙膏牙膏牙膏牙膏,1,该用户急切催促主播尽快介绍或上架牙膏产品。,"[""人参水乳"", ""要过品了吗,那我也去搬砖了"", ""播一下午了累坏了吧.休息会"", ""毛巾不上吗"", ""休息会吧,熬一下午了""]",0,"<think>

</think>

0",0.23536330000206362,6,1,
douyin-test-005364,douyin,test,5364,achun1999,美容护肤,"西藏不发货,中个福袋吧",0,该用户因所在地区无法收货而转向参与抽奖活动，表达了一种无奈妥协的心态。,"[""能送手链吗"", ""平衡乳"", ""我想说.冷凝胶"", ""@yong西藏,部分偏远地区可以联系商家客服哦"", ""西藏不发货西藏不发货,中个福袋吧""]",1,"<think>

</think>

1",0.21388450000085868,6,1,
douyin-test-005453,douyin,test,5453,achun1999,美容护肤,清洁泥膜,1,该用户可能在询问直播间是否有清洁泥膜这款产品，或是想了解关于清洁泥膜的使用效果和推荐。,"[""许愿许愿!!!中福袋"", ""人参面霜"", ""生日礼物"", ""这个洗面奶卸妆效果好吗?能代替卸妆油不???"", ""胶原面膜呢""]",1,"<think>

</think>

1",0.22190649999538437,6,1,
douyin-test-005506,douyin,test,5506,weixue0806,美容护肤,再说一遍好吗?来迟了不知道怎么用,1,该用户希望主播重新讲解产品的使用方法，因为自己刚进直播间没听到之前的介绍。,"[""是真好用"", ""已拍加急"", ""颈部精华讲讲"", ""几天用一次"", ""雪没听懂""]",1,"<think>

</think>

1",0.198299900002894,6,1,
douyin-test-005509,douyin,test,5509,weixue0806,美容护肤,哪面往脸上敷,1,该用户想确认面膜的正确使用方法，询问应该将哪一面贴在脸上。,"[""几天用一次"", ""雪没听懂"", ""再说一遍好吗?来迟了不知道怎么用"", ""面膜怎们用"", ""我买了好多哈哈[比心]""]",1,"<think>

</think>

1",0.19749599999340717,6,1,
douyin-test-005563,douyin,test,5563,weixue0806,美容护肤,这个多久敷一片啊,1,该用户是在询问这款面膜的使用频率，即每次敷面膜的间隔时间是多久。,"[""我都有洗"", ""我用错了啊"", ""现在就在敷大师面膜"", ""一星期用几次呀"", ""一号每天都要用吗""]",1,"<think>

</think>

1",0.19462300000304822,6,1,
douyin-test-005570,douyin,test,5570,weixue0806,美容护肤,敷完还要擦水乳吗,1,该用户想询问使用当前产品后是否需要叠加其他护肤品来完成后续护肤步骤。,"[""第二次敷的法令纹也是敷20分钟嘛?"", ""BE油适合哪种肤质"", ""洗面奶为什么付不了款洗面奶为什么付不了款洗面奶为什么付不了款洗面奶为什么付不了款"", ""姐妹这个耳钉有链接吗"", ""起痘痘怎么办?""]",1,"<think>

</think>

1",0.20934470000793226,6,1,
douyin-test-005576,douyin,test,5576,weixue0806,美容护肤,衣服看看,1,该用户想表达的含义是：想看看主播展示或详细介绍衣服的款式和细节。,"[""有眼膜吗?"", ""精华油还有吗"", ""还有胶原蛋白灌注面膜嘛"", ""喜欢你的耳环"", ""反转贴了[捂脸]""]",1,"<think>

</think>

1",0.2021243999915896,6,1,
douyin-test-005594,douyin,test,5594,weixue0806,美容护肤,睡衣尺码,1,该用户想询问主播关于睡衣的尺码选择或是否有具体尺码表可供参考。,"[""10号没有了啊"", ""皮肤怎么保养的,这么细腻"", ""我最喜欢你的面膜了,好好用"", ""今天不用回乡拜山吗?"", ""衬衫有链接吗""]",1,"<think>

</think>

1",0.20387110000592656,6,1,
douyin-test-005603,douyin,test,5603,weixue0806,美容护肤,油霜还可以开团吗,1,该用户想询问油霜产品是否还能参与当前的团购活动。,"[""嘴周暗沉怎么办"", ""男人可以用吗????"", ""油皮有痘可以用吗"", ""不用洗脸直接护肤吗"", ""怎么使用?刚进来""]",1,"<think>

</think>

1",0.19843679999758024,6,1,
douyin-test-005607,douyin,test,5607,weixue0806,美容护肤,哺乳期能用吗,1,该用户是在询问产品是否适合哺乳期女性使用，以确认安全性。,"[""怎么使用?刚进来"", ""油霜还可以开团吗"", ""男朋友呢?"", ""精华精华精华买那个"", ""咬肌可以打吗""]",1,"<think>

</think>

1",0.19851990000461228,6,1,
douyin-test-005616,douyin,test,5616,weixue0806,美容护肤,干皮能用油霜吗,1,该用户是在询问干性皮肤是否适合使用主播推荐的油霜产品。,"[""我是新粉,不知道怎么用"", ""12号链接讲一下"", ""用完了才知道用错了[捂脸]"", ""有痘可以用吗"", ""姐姐衬衫有链接吗!""]",1,"<think>

</think>

1",0.20330330000433605,6,1,
douyin-test-005629,douyin,test,5629,weixue0806,美容护肤,晚上敷完之后正常再用精华、眼霜、和面霜吗,1,该用户是在询问使用该面膜后是否还需要按照常规的晚间护肤步骤（精华、眼霜、面霜）进行后续护理。,"[""人中长有什么好的办法"", ""下颚线"", ""看来我都浪费了贴完就直接扔了,没有把把它撕下来从新敷"", ""哪个是瘦脸面膜"", ""雪,面霜和颈霜讲讲啊""]",1,"<think>

</think>

1",0.21169739999459125,6,1,
douyin-test-005662,douyin,test,5662,weixue0806,美容护肤,姐姐减肥总减不下来怎么办啊啊啊一直在焦虑,0,该用户可能是在借减肥话题委婉询问直播间是否有相关瘦身产品或解决方案，同时表达对身材管理的焦虑情绪。,"[""雪,脖子上的项链多少克"", ""能说一下3号面膜吗"", ""6号霜早晚都可以用吗"", ""香水是正品吗?香水是正品吗?香水是正品吗?香水是正品吗"", ""苹果肌复位是不是也是用的线??""]",0,"<think>

</think>

0",0.21034269999654498,6,1,
douyin-test-005694,douyin,test,5694,weixue0806,美容护肤,不洗脸会干嘛?,0,"该用户可能是想询问""如果不使用当前介绍的产品（如洁面产品）会有什么不良后果""，表达了对产品功效的关注和潜在的购买犹豫。","[""30脸垮怎么办"", ""香水是正品吗?香水是正品吗?香水是正品吗?香水是正品吗?香水是正品吗?香水是正品吗?香水是正品吗?香"", ""拍了,什么用"", ""你每天熬夜,90斤是怎么保持的"", ""油皮的话要洗吗""]",0,"<think>

</think>

0",0.20820410001033451,6,1,
douyin-test-005710,douyin,test,5710,weixue0806,美容护肤,用法说一下,1,该用户想了解产品的具体使用方法或操作步骤。,"[""这个面膜推荐什么年龄"", ""泪沟纹可以使用什么啊"", ""仿生面膜有没有"", ""10号"", ""上面霜""]",1,"<think>

</think>

1",0.19736099999863654,6,1,
douyin-test-005724,douyin,test,5724,weixue0806,美容护肤,"又喝可乐又喝奶茶.不会胖,好羡慕",0,该用户可能在感叹主播保持身材的能力，并间接表达对主播推荐产品的信任或对健康生活方式的向往。,"[""4号链接"", ""眼袋用什么"", ""大干皮用什么?"", ""10号油看一下"", ""用了以后皮肤特别干是咋个回事""]",0,"<think>

</think>

0",0.20599780000338797,6,1,
douyin-test-005727,douyin,test,5727,weixue0806,美容护肤,眼袋是不是只能割啊,0,该用户可能是在询问去除眼袋是否只能通过手术方式解决，暗示对相关美容产品或护理方法有潜在需求。,"[""10号油看一下"", ""用了以后皮肤特别干是咋个回事"", ""又喝可乐又喝奶茶.不会胖,好羡慕"", ""讲一下油"", ""怎么敷两遍啊""]",0,"<think>

</think>

0",0.2089348000008613,6,1,
douyin-test-005754,douyin,test,5754,weixue0806,美容护肤,鼻翼鼻尖起皮的油有推荐吗,1,该用户想表达的含义是：想咨询适合解决鼻部干燥起皮问题的护肤产品推荐。,"[""2介绍一下"", ""新人,24号再上点"", ""油霜说说[捂脸][捂脸][捂脸][捂脸][捂脸]"", ""痘肌用什么?"", ""会不会容易闷痘""]",1,"<think>

</think>

1",0.21275079999759328,6,1,
douyin-test-005755,douyin,test,5755,weixue0806,美容护肤,讲讲油呗,1,该用户希望主播详细讲解关于护肤油产品的功效、适用肤质或使用方法等信息。,"[""新人,24号再上点"", ""油霜说说[捂脸][捂脸][捂脸][捂脸][捂脸]"", ""痘肌用什么?"", ""会不会容易闷痘"", ""鼻翼鼻尖起皮的油有推荐吗""]",1,"<think>

</think>

1",0.21786449999490287,6,1,
douyin-test-005765,douyin,test,5765,weixue0806,美容护肤,买了面膜想听下眼膜,1,该用户想表达的含义是：已经购买了面膜，现在想了解眼膜产品的相关信息以便考虑购买。,"[""防晒霜"", ""有适合痘痘肌护肤品吗?"", ""14号链接没有活动吗"", ""4号链接是干麻的"", ""眼下面有斑了[捂脸]""]",0,"<think>

</think>

0",0.2130371999955969,6,1,
douyin-test-005782,douyin,test,5782,weixue0806,美容护肤,推荐那款防晒,1,该用户希望主播详细介绍某款防晒产品的功效或使用体验，以便判断是否适合自己购买。,"[""项链是什么"", ""姐姐脸上有纹纹路路用水用几号?"", ""祛斑产品推荐"", ""怎么变白怎么变白怎么变白怎么变白"", ""选防晒""]",1,"<think>

</think>

1",0.2128934000065783,6,1,
douyin-test-005787,douyin,test,5787,weixue0806,美容护肤,求推荐防晒霜,1,该用户希望主播能针对防晒霜品类给出具体的产品推荐或使用建议。,"[""推荐那款防晒"", ""推荐好用的面膜[比心][比心][比心][比心][比心][比心]"", ""哪个防晒好"", ""防晒要卸妆吗"", ""美白的在哪里?""]",1,"<think>

</think>

1",0.20862370000395458,6,1,
douyin-test-005802,douyin,test,5802,weixue0806,美容护肤,我没有,0,该用户想表达的含义是：自己没有使用或购买过当前讨论的产品（如防晒、面霜等）。,"[""不出门用涂吗"", ""我天天涂防晒"", ""不出门要涂吗"", ""面膜还有嘛"", ""在家也要涂吗""]",0,"<think>

</think>

0",0.19682060000195634,6,1,
douyin-test-005809,douyin,test,5809,weixue0806,美容护肤,不出门用涂吗?,1,该用户是在询问“如果不出门是否需要涂抹防晒产品”。,"[""从来不擦防晒[捂脸][捂脸][捂脸]"", ""6号面霜怎么用?"", ""哪种油好用?"", ""防晒涂过了,要上粉饼或者散粉"", ""有风雨无阻""]",1,"<think>

</think>

1",0.20481539999309462,6,1,
douyin-test-005847,douyin,test,5847,weixue0806,美容护肤,"辣眼睛,碰到眼睛流眼泪",0,该用户可能在抱怨产品使用后对眼睛产生刺激不适感。,"[""不是防晒霜的问题,是不涂脸的问题!!!!!!!!!"", ""有没有扎扎"", ""面膜几盒"", ""闷痘儿我"", ""看看衣服""]",0,"<think>

</think>

0",0.1976796000089962,6,1,
douyin-test-005855,douyin,test,5855,weixue0806,美容护肤,第一次刷到你.我想要你两半的面膜,1,该用户想表达的是：刚进入直播间就被主播推荐的面膜吸引，想购买主播展示的那款分片式面膜。,"[""推荐的都买了[捂脸]"", ""怎么防晒下不了单"", ""上妆起皮拍几号链接[流泪][流泪][流泪][流泪][流泪][流泪][流泪][流泪][流泪][流泪][流泪][流泪][流泪][流泪][流泪][流泪][流泪][流泪][流泪][流泪][流泪]"", ""涂了防晒以后必须卸妆吗?"", ""推荐一下防晒霜""]",1,"<think>

</think>

1",0.22481030000199098,6,1,
douyin-test-005891,douyin,test,5891,weixue0806,美容护肤,可以和水光霜一起用吗,1,该用户是在询问当前产品是否能与水光霜搭配使用，以确认产品的兼容性或使用顺序。,"[""防晒需要卸妆吗请问"", ""脸上用的么"", ""雪儿姐姐没有去颈纹霜推荐一下"", ""怎么适应"", ""角质层薄适合吗""]",1,"<think>

</think>

1",0.20399819999875035,6,1,
douyin-test-005902,douyin,test,5902,weixue0806,美容护肤,定妆喷雾有没有试用装啊,1,该用户想询问定妆喷雾是否有小样可供尝试购买。,"[""先用防嗮还是粉底?"", ""面膜推荐一款"", ""卸妆油"", ""会油吗"", ""胶原灌注面膜""]",1,"<think>

</think>

1",0.1998477000015555,6,1,
douyin-test-005910,douyin,test,5910,weixue0806,美容护肤,刚收到挺好用的呢不输我之前用的大牌哦[比心],0,"该用户想表达的含义是：对产品效果表示满意，认为其品质可媲美高端品牌并给予正面反馈。  （分析依据：结合前文弹幕中多次出现的购买反馈（如“我买了,很好用”“防晒买了,真的好用”）及产品功效讨论，该用户通过对比大牌强调实用性，属于典型的使用后认可型评价，动机在于强化产品口碑并间接推荐。）","[""孕妇可以用吗"", ""防晒第几步用"", ""不会辣眼睛吧"", ""眼睛有皱纹用哪个?"", ""快递费25[捂脸][捂脸][捂脸]""]",1,"<think>

</think>

1",0.20700130000477657,6,1,
douyin-test-005946,douyin,test,5946,weixue0806,美容护肤,防晒霜需要卸吗?,1,该用户可能是在询问防晒霜的使用后是否需要额外卸妆步骤，以确认产品的使用方法和护理流程。,"[""防晒霜前用啥"", ""先隔离还是先防嗮??"", ""要想一款痘痘肌用的"", ""讲一下水光气垫吧"", ""口红什么色号""]",1,"<think>

</think>

1",0.20429730000614654,6,1,
douyin-test-005972,douyin,test,5972,weixue0806,美容护肤,眼油真的能除皱吗?,1,该用户对眼油的实际功效存在疑虑，想确认其除皱效果是否属实。,"[""眼膜哪款好"", ""去颈纹的"", ""干皮用哪款面霜?"", ""小号卖的是真的吗"", ""草莓鼻怎么办""]",1,"<think>

</think>

1",0.20341499999631196,6,1,
douyin-test-005994,douyin,test,5994,weixue0806,美容护肤,衣服谁家的,1,该用户是在询问直播中展示的衣服是哪家品牌或店铺的，表现出对商品来源的关注和潜在的购买意向。,"[""洗面奶怎么用啊姐"", ""19号"", ""面膜有吗?"", ""头发染的黑色么"", ""会不会流白汤""]",0,"<think>

</think>

0",0.19770400000561494,6,1,
douyin-test-006000,douyin,test,6000,weixue0806,美容护肤,有点像杨幂,0,该用户可能是在评论主播的外貌或气质与明星杨幂相似，而非直接表达对产品的购买兴趣。,"[""身体乳哪个更香"", ""防晒几个小时"", ""头发上的东西能上点吗学姐"", ""眼霜眼霜眼霜眼霜眼霜眼霜眼霜眼霜眼霜眼霜眼霜眼霜眼霜眼霜眼霜眼霜眼霜眼霜"", ""这个能涂眼周吗.我看评价说涂眼周很刺激""]",0,"<think>

</think>

0",0.21754599999985658,6,1,
douyin-test-006036,douyin,test,6036,weixue0806,美容护肤,能讲一下眼油吗,1,该用户想询问主播详细介绍眼部精华油的功效或使用方法。,"[""夏天涂霜油腻么?"", ""会不会卡粉啊"", ""有隔离吗"", ""还生吗?"", ""这个防晒霜真的很好用""]",1,"<think>

</think>

1",0.19666000000142958,6,1,
douyin-test-006044,douyin,test,6044,weixue0806,美容护肤,我也在边缘试探了,0,该用户想表达的含义是：我对某个产品有点心动但还在犹豫要不要下单。  （结合前文弹幕中频繁出现的产品咨询、使用反馈和购买意向，如“面膜还有没有”“12号链接有活动”等，可推断“边缘试探”是用户用调侃语气表达对某商品的潜在购买兴趣，但尚未完全下定决心。）,"[""涂完防晒可以直接擦粉底吗"", ""那个胶原灌注面膜还有没有啊[捂脸]"", ""12号链接有活动?"", ""乳液推荐下呗"", ""油哪个好用""]",0,"<think>

</think>

0",0.20830630000273231,6,1,
douyin-test-006046,douyin,test,6046,weixue0806,美容护肤,大爱,0,该用户想表达的含义是：对当前展示的产品或主播的表现非常喜爱和赞赏。,"[""12号链接有活动?"", ""乳液推荐下呗"", ""油哪个好用"", ""我也在边缘试探了"", ""哪个瘦脸面膜""]",0,"<think>

</think>

0",0.20442439999897033,6,1,
douyin-test-006111,douyin,test,6111,weixue0806,美容护肤,需要卸装不,1,该用户是在询问直播中提到的产品是否需要卸妆步骤。,"[""之前的油不卖了吗"", ""两款油有啥区别呀?"", ""买十号还是六号"", ""睫毛膏用的哪种?"", ""刚加了个弟弟不会聊,雪姐教教我[看][比心]""]",0,"<think>

</think>

0",0.20922049999353476,6,1,
douyin-test-006142,douyin,test,6142,weixue0806,美容护肤,"想想想,想想,想想,想想",0,该用户想表达的含义是：非常想要购买当前直播中推荐的产品。,"[""想,新粉"", ""有孕妈能用的护肤品吗?"", ""在你橱窗买的会不会假"", ""春敏能涂防晒吗"", ""想买口服的美白产品""]",0,"<think>

</think>

0",0.21294179999677,6,1,
douyin-test-006143,douyin,test,6143,weixue0806,美容护肤,水光霜下链接了吗?,1,该用户是在询问主播是否已经上架了水光霜的购买链接，表现出明确的购买意向和急切想要下单的心理。,"[""有孕妈能用的护肤品吗?"", ""在你橱窗买的会不会假"", ""春敏能涂防晒吗"", ""想买口服的美白产品"", ""想想想,想想,想想,想想""]",1,"<think>

</think>

1",0.21578179999778513,6,1,
douyin-test-006160,douyin,test,6160,weixue0806,美容护肤,雪啊!你说的油霜是哪个?,1,该用户是在询问主播刚才提到的某款油霜产品的具体名称或购买链接。,"[""去黄紧致的用什么面膜"", ""昨天有个小号是假的吗"", ""有没有去黑头粉刺收缩毛孔的呀"", ""能每天用吗?"", ""每天都要用吗""]",0,"<think>

</think>

0",0.21828639999148436,6,1,
douyin-test-006180,douyin,test,6180,weixue0806,美容护肤,有定妆粉么,1,该用户是在询问直播间是否有售卖定妆粉产品，表现出对这类美妆用品的具体购买意向。,"[""25岁眼部用什么"", ""脸干呢"", ""面膜到底哪个好用"", ""拍了,次抛什么时候用?"", ""缩小毛孔的面膜有嘛""]",1,"<think>

</think>

1",0.21014409999770578,6,1,
douyin-test-006251,douyin,test,6251,weixue0806,美容护肤,有黑头怎么处理雪雪[流泪][流泪][流泪][流泪][比心][比心][比心][比心][比心][比心][比心][比心][比心],0,该用户想表达的含义是：急切寻求解决黑头问题的方法，并希望通过主播的推荐获得有效产品。,"[""还吃了什么吗,皮肤这么好?"", ""你吃的什么[比心][比心]"", ""推荐个护理[比心][比心][比心][比心][比心][比心][比心]"", ""讲讲14号"", ""推荐一下水""]",1,"<think>

</think>

1",0.22858280000218656,6,1,
douyin-test-006283,douyin,test,6283,weixue0806,美容护肤,是六盒嘛?,1,该用户是在确认产品是否为六盒装规格。,"[""精华是面膜前打底吗"", ""面膜下单了怎么用"", ""胶原蛋白面膜在几号"", ""1号和5号的区别在哪"", ""你的直播间为什么没有艾克拉迪丹修护舒缓保湿水光面霜""]",1,"<think>

</think>

1",0.20601299998816103,6,1,
douyin-test-006318,douyin,test,6318,weixue0806,美容护肤,你应该说一下怎么用,1,该用户希望主播详细讲解产品的具体使用方法或操作步骤。,"[""说下眼油"", ""你头发怎么那么多"", ""你刚说的童颜还是有啥"", ""眼纹呢"", ""黄褐斑能祛吗""]",1,"<think>

</think>

1",0.19995229999767616,6,1,
douyin-test-006334,douyin,test,6334,weixue0806,美容护肤,三明治怎么用?[比心][比心][比心][比心],1,该用户可能是在询问直播中提到的“三明治”产品的使用方法，并附上表情符号表达对产品的兴趣或对主播的喜爱。,"[""刚刚睡衣是啥"", ""美白面膜天天用吗?"", ""有眼袋用那个好"", ""还有那个胶原面膜吗?"", ""有黑头怎么处理雪雪,[流泪][流泪][流泪][流泪][流泪][流泪][流泪][比心][比心][比心][比心][比心]""]",1,"<think>

</think>

1",0.22378719999687746,6,1,
douyin-test-006373,douyin,test,6373,weixue0806,美容护肤,口红有吗,1,该用户是在询问直播间是否有口红产品在售或推荐。,"[""出一期化妆教程吧"", ""怎么样都是美丽姐妹"", ""耳钉哪里买的"", ""美颜开的"", ""但是还是美啊""]",1,"<think>

</think>

1",0.19835979999334086,6,1,
douyin-test-006396,douyin,test,6396,weixue0806,美容护肤,怎么没有你说的灌肤呢面膜,1,该用户想表达的含义是：主播之前提到的灌肤面膜为什么在直播中没看到或没介绍。,"[""黑头毛孔粗大"", ""黑眼圈用什么姐姐"", ""擦防晒脸刺痛什么原因啊[捂脸][捂脸][捂脸][捂脸][捂脸]"", ""毛孔粗咋办"", ""黑头怎么去掉""]",1,"<think>

</think>

1",0.2083173999999417,6,1,
douyin-test-006406,douyin,test,6406,weixue0806,美容护肤,你在吃什么呀,0,该用户可能是在询问主播正在展示或使用的产品是什么，暗示对当前直播内容感兴趣并想进一步了解产品细节。,"[""用油讲一下"", ""可以讲五号吗"", ""有效果吗"", ""衣服有吗讲讲口红"", ""泪沟还能拯救吗""]",0,"<think>

</think>

0",0.19649139999819454,6,1,
douyin-test-006414,douyin,test,6414,weixue0806,美容护肤,胶原蛋白是哪一款,1,该用户想询问直播间正在介绍的胶原蛋白产品具体对应哪个商品链接或款式。,"[""有几个耳洞啊"", ""胶原灌注面膜有不"", ""吃辣椒?"", ""每天都来下一单不同的品"", ""10号有不""]",1,"<think>

</think>

1",0.19501079998735804,6,1,
douyin-test-006426,douyin,test,6426,weixue0806,美容护肤,姐姐有没有推荐给高中生的补水面膜,1,该用户是在询问主播是否有适合高中生使用的补水面膜推荐，表现出明确的购买意向和需求。,"[""已拍美白面膜,要每天用吗"", ""这生辣椒不辣吗?"", ""想拍油霜"", ""怎么没有你说的灌肤面膜呢"", ""眼周细纹打啥呀""]",1,"<think>

</think>

1",0.2096540000056848,6,1,
douyin-test-006448,douyin,test,6448,weixue0806,美容护肤,怎么那么好看呀,0,该用户是在夸赞直播展示的某款产品外观吸引人，暗示对产品产生了兴趣或购买意向。,"[""油好用吗"", ""毛孔大用啥"", ""口红什么颜色"", ""有没有聊点情感的"", ""面膜好用吗""]",0,"<think>

</think>

0",0.1973201000073459,6,1,
douyin-test-006461,douyin,test,6461,weixue0806,美容护肤,姐姐姐姐黑眼圈怎么办,0,该用户是在询问主播推荐针对黑眼圈问题的护肤产品或解决方案。,"[""没有极光油了嘛"", ""雪姐,让我买个唇膏行吗[尬笑][尬笑][尬笑][尬笑]"", ""1和5区别?谢谢"", ""干皮用哪个"", ""眼油什么牌子好""]",0,"<think>

</think>

0",0.20641660000546835,6,1,
douyin-test-006471,douyin,test,6471,weixue0806,美容护肤,"姐姐,真好看,那項鍊～",0,该用户被主播佩戴的项链吸引，流露出对商品的欣赏和潜在的购买兴趣。,"[""姐姐!要小紫瓶油,预售也行[流泪][流泪][流泪]"", ""胶原那个款说下"", ""姐姐,怎么去黑眼圈"", ""姐姐感觉你今天尤其美"", ""眼袋用什么好呢""]",1,"<think>

</think>

1",0.2093903000059072,6,1,
douyin-test-006488,douyin,test,6488,weixue0806,美容护肤,主打就是一个叛逆[捂脸],0,该用户是在用调侃的语气表达自己反常规的消费态度，可能是对直播间主推的某款产品或常规护肤流程提出幽默的异议。,"[""泪沟打什么"", ""20岁有必要用胶原灌注吗"", ""眼睛好好看"", ""怎么去痘印"", ""咋去黑眼圈""]",0,"<think>

</think>

0",0.1974980999948457,6,1,
douyin-test-006500,douyin,test,6500,weixue0806,美容护肤,外套有吗?,1,该用户是在询问直播间是否售卖外套类商品，表达了对该品类产品的购买意向。,"[""要洗头发的"", ""皮肤泛红起皮用什么好"", ""有没有让头发长得快的"", ""今天有胶原蛋白灌注面膜吗"", ""五号链接会补水吗""]",1,"<think>

</think>

1",0.21111679999739863,6,1,
douyin-test-006515,douyin,test,6515,weixue0806,美容护肤,法令纹严重用什么面膜,1,"该用户想表达的含义是：针对法令纹问题寻求适合的面膜产品推荐。  （结合前文弹幕中高频出现的护肤问题（如干皮、油痘肌、颈纹、黑眼圈等）和具体产品询问（如""1号面膜""""美白面膜""），可推断用户是在直播间主动提出自身护肤需求，并期待主播或品牌方提供解决方案，属于明确的购买兴趣导向提问。）","[""项链好看"", ""想要杨紫与你推荐的那个便宜眼膜"", ""睫毛是天生的还是睫毛膏"", ""看这么久直播了,从来没有和我互动过,真的惨死了"", ""美白面膜怎么用""]",1,"<think>

</think>

1",0.20812979999755044,6,1,
douyin-test-006542,douyin,test,6542,weixue0806,美容护肤,黑眼圈大,0,该用户可能是在询问针对黑眼圈问题的护肤产品或解决方案。,"[""有睫毛膏吗?有睫毛膏吗?有睫毛膏吗?"", ""法令纹用什么"", ""那混合皮呢,咋用[捂脸]"", ""直接可以擦油"", ""韦雪好物推荐那个号是不是假的?""]",0,"<think>

</think>

0",0.21709890000056475,6,1,
douyin-test-006639,douyin,test,6639,weixue0806,美容护肤,用完再有水乳霜吗,1,该用户想询问当前推荐的水乳霜产品使用完后是否有后续同系列的替代产品或推荐搭配使用的护肤品。,"[""你的唇膏推荐下"", ""有斑的怎么办?"", ""眼袋深用哪个"", ""泪沟法令纹明显怎么办"", ""2号面膜有多少片?""]",1,"<think>

</think>

1",0.21011519999592565,6,1,
douyin-test-006662,douyin,test,6662,weixue0806,美容护肤,防晒真的好用,1,该用户是在认可主播推荐的防晒产品效果不错，可能暗示自己也有购买意向或已使用过同类产品。,"[""我买的是BE的"", ""2个油有什么区别"", ""讲一下黛拉气垫啦"", ""补水特别好的面膜是那个?"", ""9号好用不""]",1,"<think>

</think>

1",0.20772150000266265,6,1,
douyin-test-006682,douyin,test,6682,weixue0806,美容护肤,眼袋眼袋有好方法吗,0,该用户想询问是否有针对眼袋问题的有效解决方案或产品推荐。,"[""胶原灌注面膜是哪个链接???"", ""祛斑的有什么"", ""眼部周围有脂肪粒怎么办"", ""主播说一下眼油怎么用?"", ""带的吊坠有小号的吗""]",1,"<think>

</think>

1",0.2141886000026716,6,1,
douyin-test-006684,douyin,test,6684,weixue0806,美容护肤,灌注面膜是什么品牌,1,该用户是想询问主播推荐的面膜品牌，表现出对产品具体信息的购买兴趣。,"[""眼部周围有脂肪粒怎么办"", ""主播说一下眼油怎么用?"", ""带的吊坠有小号的吗"", ""眼袋眼袋有好方法吗"", ""内服说一下[比心][比心][比心][比心][比心][比心][比心][比心][比心]""]",1,"<think>

</think>

1",0.21104109998850618,6,1,
douyin-test-006730,douyin,test,6730,weixue0806,美容护肤,设这是睡衣吗,1,该用户想确认直播中展示的商品是否为睡衣款式。,"[""卸妆膏卸妆膏卸妆膏卸妆膏卸妆膏卸妆膏"", ""人家花几十万,你们买个几百的护肤品就想那么好皮肤[捂脸][捂脸]"", ""Be的油拍不了,没货了吗"", ""有打干细胞,真的吗"", ""你自己的事情你自己知道""]",0,"<think>

</think>

0",0.2100702000025194,6,1,
douyin-test-006757,douyin,test,6757,weixue0806,美容护肤,护手霜有货没有?,1,该用户是在询问护手霜的库存情况，暗示有购买意向并希望确认商品是否可下单。,"[""黑眼圈严重怎么办"", ""为啥不卖衣服"", ""卸妆液有推荐不"", ""油和反重力怎么用油和反重力怎么用"", ""就是有这个面膜你接触不到""]",1,"<think>

</think>

1",0.2045691999956034,6,1,
douyin-test-006784,douyin,test,6784,weixue0806,美容护肤,18号介绍一下,1,该用户想询问主播关于18号产品（可能是美容项目或商品）的详细信息。,"[""祛斑的做什么好?"", ""脸垮了做什么好"", ""少女枪"", ""衣服在哪买的?"", ""用完油用什么精华呀""]",1,"<think>

</think>

1",0.199764499993762,6,1,
douyin-test-006801,douyin,test,6801,weixue0806,美容护肤,面霜推荐一下,1,该用户希望主播能针对面霜产品给出具体的购买建议或推荐。,"[""外套衬衣分享一下"", ""毛利大,有哪个"", ""热玛吉做吗"", ""be拍了怎么用"", ""热玛吉可以吗""]",1,"<think>

</think>

1",0.2044331999932183,6,1,
douyin-test-006814,douyin,test,6814,weixue0806,美容护肤,水蜜桃是个什么平台[捂脸],0,该用户可能是对直播中突然提到的“水蜜桃”平台感到困惑，误以为是与当前美容话题相关的新产品或机构，因此用调侃语气询问其含义。,"[""姐姐有推荐的项链吗求推荐[比心][比心][比心][比心]"", ""雪姐,可以说一下那个面膜怎么用吗?我买了,不知道怎么使用"", ""打除皱可以吧"", ""眼睛抗衰做啥,有点泪沟黑,眼角下垂"", ""水光打了会脸会下垂""]",0,"<think>

</think>

0",0.21667660000093747,6,1,
douyin-test-006837,douyin,test,6837,weixue0806,美容护肤,受损了怎么办,0,该用户可能是在询问产品使用过程中出现损伤情况时的处理方法，隐含对产品安全性的顾虑或售后服务的需求。,"[""刁民狼性"", ""肉毒可以打吗"", ""姐姐美白针建议打吗?"", ""极光怎么用"", ""胶原灌注可以打吗""]",1,"<think>

</think>

1",0.19631369999842718,6,1,
douyin-test-006855,douyin,test,6855,weixue0806,美容护肤,痘印用什么好.美女,1,该用户想询问针对痘印问题的有效产品或解决方案，并可能希望主播推荐或演示相关产品。,"[""眼部有细纹用哪个[比心][比心][比心][比心][比心][比心][比心][比心][比心][比心][比心][比心][比心][比心][比心][比心][比心][比心][比心][比心][比心][比心][比心][比心][比心][比心]"", ""光子嫩肤怎样?"", ""如何全身美白?"", ""在敷仿生面膜"", ""推荐下粉底""]",1,"<think>

</think>

1",0.24201499999617226,6,1,
douyin-test-006866,douyin,test,6866,weixue0806,美容护肤,你睫毛怎么这么长,0,该用户可能是对主播的睫毛效果产生兴趣，想询问使用的产品或护理方法。,"[""胶原蛋白灌注面膜有么"", ""韩国哪家医院推荐?"", ""减肥针推荐吗"", ""我的脸满化了"", ""眼部细纹怎么办""]",0,"<think>

</think>

0",0.2033394999889424,6,1,
douyin-test-006869,douyin,test,6869,weixue0806,美容护肤,姐姐长痘痘用哪个,1,该用户想询问主播推荐适合青春期或年轻肌肤使用的祛痘产品。,"[""我的脸满化了"", ""眼部细纹怎么办"", ""你睫毛怎么这么长"", ""“韦雪专属商品橱窗”是你的吗?"", ""智商税、我十多针不要了""]",1,"<think>

</think>

1",0.2045976000081282,6,1,
douyin-test-006895,douyin,test,6895,weixue0806,美容护肤,凹陷呢?,0,该用户可能在询问主播关于面部填充或皮肤凹陷改善的医美项目或产品。,"[""唇彩我也买啦哈哈"", ""用完油用什么精华啊"", ""长痘痘适合敷面膜吗"", ""紧致打什么产品"", ""水艺面膜""]",1,"<think>

</think>

1",0.19949759999872185,6,1,
douyin-test-006915,douyin,test,6915,weixue0806,美容护肤,"新粉,介绍下面膜好用吗?",1,该用户作为新观众想了解主播推荐的面膜效果如何，是否有购买价值。,"[""面膜真的能淡斑吗?"", ""用什么洗面奶??"", ""那个胶原蛋白面膜呢"", ""光子ne"", ""肉毒怎样姐姐""]",1,"<think>

</think>

1",0.19875739999406505,6,1,
douyin-test-006934,douyin,test,6934,weixue0806,美容护肤,雪雪对我钱包比较友好[比心][比心][比心][比心][比心],0,该用户想表达的含义是：这款产品价格亲民，让我很心动。  （结合语境，“雪雪”可能指主播或产品昵称，“对钱包友好”是价格实惠的委婉表达，[比心]表情强化了积极情绪，整体透露出因性价比高而产生的购买倾向。）,"[""有去黑头的产品吗"", ""你用什么粉底液"", ""韦雪姐姐你好"", ""涂的什么口红"", ""真的很棒,姐姐～[比心]""]",0,"<think>

</think>

0",0.20712710000225343,6,1,
douyin-test-006937,douyin,test,6937,weixue0806,美容护肤,肉毒弄[比心][比心][比心][比心][比心][比心][比心][比心][比心][比心][比心][比心],0,该用户通过高频的[比心]表情和产品简称，强烈表达了对主播推荐的肉毒类医美产品的兴趣和认可，可能是对产品效果满意或有意向购买。,"[""涂的什么口红"", ""真的很棒,姐姐～[比心]"", ""雪雪对我钱包比较友好[比心][比心][比心][比心][比心]"", ""14号能讲下吗"", ""凹陷呢""]",0,"<think>

</think>

0",0.2251830000022892,6,1,
douyin-test-006946,douyin,test,6946,weixue0806,美容护肤,眼膜什么时候有眼膜什么时候有,1,该用户急切询问眼膜产品的上架时间，表现出明确的购买意向和需求。,"[""推荐面膜,美白抗皱"", ""长痘又干,用什么好呢?"", ""可以再讲下法令纹吗"", ""刚才说超声炮不建议做了吗"", ""天天敷就把皮肤角质层泡软""]",1,"<think>

</think>

1",0.20607810000365134,6,1,
douyin-test-006988,douyin,test,6988,weixue0806,美容护肤,眼部保养姐姐,0,该用户想询问主播推荐的适合眼部护理的产品或护理方法。,"[""一号链接油怎么用"", ""推荐哪个面膜?皮肤很干"", ""姐妹涂的什么口红?"", ""为什么不推荐了"", ""美瞳美瞳美瞳""]",0,"<think>

</think>

0",0.2068576000019675,6,1,
douyin-test-007000,douyin,test,7000,weixue0806,美容护肤,脸垮脸凹怎么办、打什么,0,该用户想询问如何解决面部松弛和凹陷问题，并希望主播推荐相应的美容产品或治疗方法。,"[""链接里没有爽肤水之类的推荐吗"", ""说说祛斑的产品吧[比心]"", ""10号油什么时候有货[比心][比心][比心]"", ""眼纹眼纹眼纹"", ""小小兵来了""]",0,"<think>

</think>

0",0.2181672000006074,6,1,
douyin-test-007007,douyin,test,7007,weixue0806,美容护肤,衬衫哪里买,1,"该用户想表达的含义是：询问直播间展示的衬衫商品购买渠道或下单方式。  （结合前文语境，弹幕多为针对直播内容的即时提问，涉及产品推荐、使用方法和效果咨询，因此""衬衫哪里买""属于典型的购买意向表达，核心诉求是获取购买信息而非单纯讨论商品。）","[""素颜霜素颜霜素颜霜素颜霜素颜霜素颜霜素颜霜素颜霜素颜霜素颜霜素颜霜素颜霜素颜霜素颜霜素颜霜"", ""胶原蛋白面膜首推一下"", ""推荐什么面膜"", ""小疙瘩是不是太频繁敷面膜导致的"", ""貔貅好好看""]",1,"<think>

</think>

1",0.2251689999975497,6,1,
douyin-test-007019,douyin,test,7019,weixue0806,美容护肤,今天刚打的皮贴骨,0,该用户可能是在询问主播使用的护肤品或医美项目，暗示自己也有类似的面部皮肤问题需要解决。,"[""对的,韦雪"", ""你涂的啥口红"", ""痘印怎么消"", ""姐姐做了什么呀"", ""光子咋样""]",0,"<think>

</think>

0",0.20983130000240635,6,1,
douyin-test-007050,douyin,test,7050,weixue0806,美容护肤,刚做完轮廓三件套,0,该用户可能是在分享自己刚完成医美项目（如面部轮廓整形），暗示对相关美容产品或服务的潜在兴趣。,"[""讲讲10号的极光油"", ""甘油推荐一下"", ""抬头纹[捂脸][捂脸][捂脸]"", ""衣服是睡衣吗"", ""有斑怎么办,有斑怎么办[流泪]""]",0,"<think>

</think>

0",0.20751110000128392,6,1,
douyin-test-007060,douyin,test,7060,weixue0806,美容护肤,"做提升啊,脸垮很正常",0,该用户是在询问面部提升项目的效果，并表达对皮肤松弛现象的困惑和寻求解决方案的意图。,"[""我涂了防晒上粉底搓泥,怎么办呀"", ""我正在敷面膜"", ""提升针能打吗"", ""怎么祛斑啊,求告知"", ""5号面膜怎么用,能讲讲吗""]",0,"<think>

</think>

0",0.20477060000121128,6,1,
douyin-test-007064,douyin,test,7064,weixue0806,美容护肤,眉上面有个黑点,0,该用户可能在询问主播关于眉毛上方出现的黑点的美容处理方法或产品推荐。,"[""5号面膜怎么用,能讲讲吗"", ""做提升啊,脸垮很正常"", ""3号面膜,大师的介绍一下"", ""超声炮超声刀"", ""我没找到上衣""]",0,"<think>

</think>

0",0.20670920000702608,6,1,
douyin-test-007103,douyin,test,7103,weixue0806,美容护肤,毛孔粗大的,1,该用户想询问针对毛孔粗大问题的护肤产品或解决方案。,"[""脸颊凹陷怎么办呀,雪儿"", ""祛斑咋办啊"", ""你活得这么漂亮"", ""只能打针"", ""怎么解决毛孔外露的问题""]",1,"<think>

</think>

1",0.19983520000823773,6,1,
douyin-test-007114,douyin,test,7114,weixue0806,美容护肤,很吃妆是什么原因?,0,该用户可能是在询问化妆品（如粉底或遮瑕产品）为何容易脱妆或持妆效果不佳的原因。,"[""可以整点衣服卖吗?"", ""这个是什么面膜"", ""用几片能看到效果呀"", ""睫毛是接的吗"", ""毛孔粗大,有痘印[捂脸]""]",0,"<think>

</think>

0",0.20656759999110363,6,1,
douyin-test-007125,douyin,test,7125,weixue0806,美容护肤,口角囊袋怎么办,0,该用户想表达的含义是：咨询如何解决嘴角皮肤松弛或下垂的问题。,"[""已拍已关注"", ""啊啊啊啊没买到"", ""再上吧"", ""已经拍了"", ""正在敷着[比心]""]",0,"<think>

</think>

0",0.1991991999966558,6,1,
douyin-test-007135,douyin,test,7135,weixue0806,美容护肤,唇膏你用的是粉色还是蓝色,1,该用户想询问主播正在使用的唇膏颜色，可能是为了参考选择或确认产品效果。,"[""今天没点痣"", ""2号呢"", ""真的好漂亮[比心][比心][比心][比心][比心][比心][比心][比心][比心][比心]"", ""上次买的面膜很好用"", ""92年的有抬头纹、用多少能改善""]",1,"<think>

</think>

1",0.21068509999895468,6,1,
douyin-test-007145,douyin,test,7145,weixue0806,美容护肤,有斑怎么办?有斑怎么办?有斑怎么办?有斑怎么办?有斑怎么办?有斑怎么办?,0,该用户急切寻求解决面部色斑问题的产品或方法，表现出较强的护肤需求和潜在购买意向。,"[""有斑怎么办?有斑怎么办?有斑怎么办?"", ""雪姐麻烦问一下光子嫩肤有用吗"", ""眼袋有什么可以解决吗?"", ""加单嘛?姐姐"", ""有斑怎么办啊[流泪]姐姐""]",0,"<think>

</think>

0",0.21104870000272058,6,1,
douyin-test-007154,douyin,test,7154,weixue0806,美容护肤,"我都快用完了,才知道怎么用",0,该用户想表达的含义是：自己在产品快用完时才掌握正确的使用方法，略带遗憾和感慨。  （结合前文弹幕中频繁出现的使用方法疑问和纠错内容，可推断用户可能因初期操作不当影响效果，如今才理解正确用法，隐含对产品效果的认可或对自身使用失误的懊恼。）,"[""泪沟很重,怎么办?泪沟很重,怎么办?泪沟很重,怎么办?泪沟很重,怎么办?泪沟很重,怎么办?"", ""原来我用错了"", ""敷之前要涂水乳吗"", ""之前敷错了"", ""胶原蛋白灌膜体好用""]",1,"<think>

</think>

1",0.21271779999369755,6,1,
douyin-test-007172,douyin,test,7172,weixue0806,美容护肤,鼻子塌怎么办,0,该用户可能是在询问直播间推荐的产品或美容方法能否改善鼻部塌陷的问题。,"[""修复用哪一款"", ""真能吹"", ""产后如何美白"", ""但是没见韦雪敷过"", ""多次回购了""]",0,"<think>

</think>

0",0.19875549999414943,6,1,
douyin-test-007210,douyin,test,7210,weixue0806,美容护肤,面膜有吗,1,该用户想询问直播间是否有面膜产品在售或推荐。,"[""5号链接讲一下"", ""2号面膜"", ""熬夜用哪个"", ""今天有水吗?"", ""刚才涂的什么唇釉?""]",1,"<think>

</think>

1",0.19888289998925757,6,1,
douyin-test-007215,douyin,test,7215,weixue0806,美容护肤,讲一下用法,1,该用户想表达的含义是：希望主播详细讲解当前展示产品的使用方法。,"[""面膜有吗"", ""没撕之前敷多久"", ""颈纹颈纹求救"", ""拍了雪姐"", ""不要相信""]",1,"<think>

</think>

1",0.19984980000299402,6,1,
douyin-test-007226,douyin,test,7226,weixue0806,美容护肤,祛斑祛斑,0,该用户想表达的是询问直播间是否有祛斑相关的产品或解决方案。,"[""讲讲美白"", ""又好看了"", ""睡衣好看推荐一下"", ""一直饱满"", ""有发展""]",1,"<think>

</think>

1",0.1952678000088781,6,1,
douyin-test-007233,douyin,test,7233,weixue0806,美容护肤,换地方了,0,该用户可能是在询问主播是否更换了直播场地或背景环境。,"[""大师面膜好用"", ""美白祛斑"", ""油推荐一下"", ""毛孔用哪个"", ""雪啊!脸上有斑用什么啊""]",0,"<think>

</think>

0",0.19775659999868367,6,1,
douyin-test-007250,douyin,test,7250,weixue0806,美容护肤,光子能一直做吗,0,该用户可能是在询问直播中提到的“光子”类产品或美容项目是否会长期持续提供或定期返场。,"[""雪姐怎样都好看[比心][比心]"", ""贵不贵"", ""洗头的推荐一下"", ""不管有货没货确实好用啊大师面膜"", ""口红上一下呗""]",1,"<think>

</think>

1",0.20287700000335462,6,1,
douyin-test-007264,douyin,test,7264,weixue0806,美容护肤,"要油,面霜",1,该用户想表达的含义是：询问或表示对直播间推荐的护肤油和面霜产品感兴趣。,"[""可乐嘛嘻嘻"", ""有泪沟怎么办姐姐"", ""祛斑怎么解决"", ""姐姐打的耳骨钉疼不疼"", ""aptaptapt""]",1,"<think>

</think>

1",0.20379030000185594,6,1,
douyin-test-007276,douyin,test,7276,weixue0806,美容护肤,5号面膜怎么用,1,该用户想询问5号面膜的具体使用方法，可能是对产品功效感兴趣或已购买需要指导。,"[""眼油说下"", ""韩束面膜讲一下"", ""防晒前你用的什么"", ""你用的什么口红"", ""推荐一下水乳霜""]",1,"<think>

</think>

1",0.20616149999841582,6,1,
douyin-test-007285,douyin,test,7285,weixue0806,美容护肤,洗头膏推荐,1,该用户希望主播能推荐一款适合自己使用的洗发产品。,"[""越看越好看"", ""澳白的防晒霜怎么这么油?"", ""防晒涂了用不用涂隔离"", ""眼袋眼纹用哪个"", ""雪可以推荐一个机构吗不懂[捂脸]""]",1,"<think>

</think>

1",0.21098780000465922,6,1,
douyin-test-007294,douyin,test,7294,weixue0806,美容护肤,"还有你推荐的防晒超级好用,谢谢",1,该用户想表达的含义是：对主播之前推荐的防晒产品表示认可和感谢，暗示对主播的信任和可能继续关注其推荐。,"[""眼霜推荐一下"", ""4号洗面奶"", ""2号跟5号推荐哪款[捂脸]"", ""雪,内服用什么"", ""童颜讲讲""]",1,"<think>

</think>

1",0.21717310001258738,6,1,
douyin-test-007322,douyin,test,7322,weixue0806,美容护肤,耳钉耳钉,0,该用户想表达的含义是：询问或催促主播介绍或展示耳钉产品。,"[""雪姐纹过发际线吗[比心][比心][比心][比心][比心][比心]"", ""@氟***哪个"", ""油推荐哪个"", ""姐姐,总是遇到绿茶怎么办啊,好烦"", ""身上睡衣""]",0,"<think>

</think>

0",0.21329649999097455,6,1,
douyin-test-007334,douyin,test,7334,weixue0806,美容护肤,眼周的个别脂肪粒怎么办,0,该用户想咨询如何解决眼部周围脂肪粒的问题，可能对相关护肤产品或护理方法感兴趣。,"[""皮肤黄还暗沉怎么改善[捂脸]"", ""小黄车两款油怎么选"", ""皮肤暗黄怎么办"", ""颈纹能去掉不"", ""12号讲一讲[爱心]""]",0,"<think>

</think>

0",0.20701080000435468,6,1,
douyin-test-007347,douyin,test,7347,weixue0806,美容护肤,大干皮用啥面膜,1,该用户是在询问适合干性皮肤使用的面膜推荐。,"[""有补水套装吗"", ""传奇女人"", ""姐姐感觉又变美了"", ""姐姐今天真的好好看!"", ""祛斑美白精华是哪款""]",1,"<think>

</think>

1",0.19712450000224635,6,1,
douyin-test-007383,douyin,test,7383,weixue0806,美容护肤,毛孔粗大用什么产品,0,该用户想表达的含义是：希望主播推荐针对改善毛孔粗大问题的护肤产品。,"[""好像妆比平时更精致"", ""雪姐防晒超级好用[比心][比心][比心]"", ""你这个衣服不好看"", ""眼睛下面有像脂肪粒似的怎么处理?"", ""毛孔粗大,出油,用哪款洗面奶""]",1,"<think>

</think>

1",0.20839329999580514,6,1,
douyin-test-007392,douyin,test,7392,weixue0806,美容护肤,胶原蛋白流失用什么,1,该用户可能在询问针对胶原蛋白流失问题的护肤产品推荐。,"[""30+有什么好推荐"", ""送的仿生皮面膜是什么功效的?"", ""洗面奶推一下"", ""你总咬口红以上不会吃到吗"", ""耳骨钉疼不疼啊啊啊啊啊啊""]",1,"<think>

</think>

1",0.204662099989946,6,1,
douyin-test-007399,douyin,test,7399,weixue0806,美容护肤,你口红是哪个链接[看],1,该用户想询问主播口红的购买链接，表达了对该产品的具体购买意向。,"[""20岁推荐做什么do脸项目呢"", ""今天好像不太对劲"", ""哪个淡斑"", ""脂肪粒怎么去"", ""美白淡斑精华有推荐吗?""]",1,"<think>

</think>

1",0.20413810000172816,6,1,
douyin-test-007468,douyin,test,7468,weixue0806,美容护肤,189几张面膜呢,1,该用户是在询问189元的价格对应包含多少片面膜。,"[""还想下一单,没了"", ""脸干用那个面膜亲"", ""特别喜欢雪,超级清醒"", ""黄褐斑也可以吗"", ""讲2号""]",1,"<think>

</think>

1",0.19751489999180194,6,1,
douyin-test-007511,douyin,test,7511,weixue0806,美容护肤,真的可以祛斑嘛[害羞],1,该用户是在询问产品的祛斑效果是否真实可靠，同时流露出对产品功效的期待和些许不确定的试探心理。,"[""拍了,怎么用呢"", ""祛斑有效果吗?"", ""补水效果怎么样"", ""买了买了"", ""怎么搭配使用精华""]",1,"<think>

</think>

1",0.19732779999321792,6,1,
douyin-test-007524,douyin,test,7524,weixue0806,美容护肤,可以和大师面膜同时敷吗,1,该用户想询问当前介绍的产品是否可以与之前提到的大师面膜一起使用。,"[""姐变样了啊"", ""几片啊"", ""拍了我想问那个全网推说你用的水光面霜你直播间怎么没有"", ""年龄有要求么"", ""这个和5好有什么差别""]",1,"<think>

</think>

1",0.20467510000162292,6,1,
douyin-test-007527,douyin,test,7527,weixue0806,美容护肤,我脸特别黄,0,该用户可能是在询问适合改善暗黄肤色的产品推荐。,"[""年龄有要求么"", ""这个和5好有什么差别"", ""可以和大师面膜同时敷吗"", ""能天天敷吗?天天敷会不会长痘?"", ""真能祛斑吗?""]",0,"<think>

</think>

0",0.2090131000004476,6,1,
douyin-test-007538,douyin,test,7538,weixue0806,美容护肤,项链是谁家的,1,该用户想询问当前展示的项链是哪个品牌或商家的产品。,"[""祛斑产品有吗"", ""超级喜欢听你说话,好好听"", ""打美白才能美白"", ""怎么用[比心][比心][比心]"", ""精华咋用""]",0,"<think>

</think>

0",0.20271300000604242,6,1,
douyin-test-007579,douyin,test,7579,weixue0806,美容护肤,一周贴几次?,1,该用户可能是在询问某款面膜或护肤产品的建议使用频率。,"[""怎么用[捂脸][捂脸]"", ""又是晒斑管用吗"", ""全身美白怎么弄"", ""大油皮适合什么面膜"", ""有香水吗?""]",1,"<think>

</think>

1",0.2009226999944076,6,1,
douyin-test-007584,douyin,test,7584,weixue0806,美容护肤,有祛斑功效吗,1,该用户是在询问直播推荐的产品是否具备淡化色斑的效果。,"[""一周贴几次?"", ""项链个性[赞]"", ""确实显示5片"", ""补水抗皱用什么面膜"", ""2和21有什么区别""]",1,"<think>

</think>

1",0.1976346999872476,6,1,
douyin-test-007615,douyin,test,7615,weixue0806,美容护肤,毛孔大出油,0,该用户可能在询问针对毛孔粗大和油性肌肤问题的护肤产品推荐。,"[""那个胶原蛋白面膜敷几个小时呀"", ""大油田买几号面膜"", ""rc多用膏"", ""唇部精华有啥活动"", ""经常在室外晒的,推荐哪一款面膜好一点??""]",0,"<think>

</think>

0",0.20324259999324568,6,1,
douyin-test-007679,douyin,test,7679,weixue0806,美容护肤,好想知道你女儿长什么样肯定被养得很好吧[流泪],0,该用户可能在表达对主播家庭生活的羡慕和情感共鸣，暗示对主播育儿方式的认可，而非直接的商品购买兴趣。,"[""你什么星座"", ""油霜油霜油霜油霜油霜油霜"", ""胶原面膜不卖了吗?"", ""亲爱的,眼睛怎么保持清澈干净呢?亲爱的,眼睛怎么保持清澈干净呢"", ""水光面膜不上了吗""]",0,"<think>

</think>

0",0.21610900000086986,6,1,
douyin-test-007727,douyin,test,7727,weixue0806,美容护肤,"眼底化妆了有细纹拍哪个链接,眼底化妆了有细纹拍哪个链接",1,该用户想询问针对眼部细纹问题的具体产品购买链接，表现出明确的购买意向和需求。,"[""雪～为什么没有贴贴霜了呀"", ""你有没有推荐的睫毛膏"", ""雪呀我想买油哪个链接"", ""有什么去纹纹的面膜或者产品"", ""眼膜没有么""]",1,"<think>

</think>

1",0.2095915999962017,6,1,
douyin-test-007736,douyin,test,7736,weixue0806,美容护肤,你的睡衣有链接吗,1,该用户是在询问主播身上穿的睡衣是否有对应的商品购买链接，表现出对睡衣款式的兴趣和潜在的购买意向。,"[""有白头发吗那是"", ""春夏用啥"", ""美瞳哪个牌子"", ""脱毛用什么比较好?想问一下"", ""怎么又变好看了""]",1,"<think>

</think>

1",0.20625750000181142,6,1,
douyin-test-007774,douyin,test,7774,weixue0806,美容护肤,用洗脸刷洗脸毛孔会越来越大吗,0,该用户担心使用洗脸刷会导致毛孔粗大，想确认产品的安全性或寻求护肤建议。,"[""想要胶原面膜"", ""爱宝贝"", ""黄褐斑有什么好办法吗"", ""新款油几号?"", ""起泡面膜洗的太干净了,能每天洗吗?""]",0,"<think>

</think>

0",0.21635339999920689,6,1,
douyin-test-007803,douyin,test,7803,weixue0806,美容护肤,6号讲下,1,该用户希望主播详细介绍一下6号产品的相关信息。,"[""40+暗黄有晒斑比较干用什么精华?"", ""5号敷完用洗嘛"", ""有没有好用的眼膜"", ""用这洗面奶,还需要卸妆油吗?"", ""好运连连""]",1,"<think>

</think>

1",0.21181130000331905,6,1,
douyin-test-007821,douyin,test,7821,weixue0806,美容护肤,queen女王皇后,0,"该用户可能在呼应主播展示的产品名称或品牌相关词汇，表达对""Queen""系列商品的关注或认同。","[""好不睡[捂脸]"", ""防晒上一下宝贝"", ""他说他困"", ""卓瑞宁～"", ""queen""]",0,"<think>

</think>

0",0.2143625000026077,6,1,
douyin-test-007822,douyin,test,7822,weixue0806,美容护肤,女王吧,0,该用户是在确认或强调主播提到的产品名称“Queen”对应的中文含义是“女王”。,"[""防晒上一下宝贝"", ""他说他困"", ""卓瑞宁～"", ""queen"", ""queen女王皇后""]",0,"<think>

</think>

0",0.196175699995365,6,1,
douyin-test-007854,douyin,test,7854,weixue0806,美容护肤,"今天用了一下洗面奶,挺清爽的",0,该用户想表达的含义是：对之前使用过的洗面奶表示满意，暗示可能考虑回购或推荐给他人。,"[""新品有吗?"", ""姐20多岁用什么眼霜好呢"", ""大师用完可以直接化妆吗"", ""姐姐姐防晒什么好用啊"", ""眼珠珠""]",0,"<think>

</think>

0",0.20443769999837968,6,1,
douyin-test-007876,douyin,test,7876,weixue0806,美容护肤,讲一下面霜,1,该用户希望主播详细介绍当前推荐的面霜产品的功效、适用肤质或使用方法。,"[""2号跟5号面膜哪个好用啊"", ""要白天用的护肤品"", ""洗头膏有吗"", ""补水面膜可以天天用吗?"", ""大师说一下""]",1,"<think>

</think>

1",0.19837359999655746,6,1,
douyin-test-007882,douyin,test,7882,weixue0806,美容护肤,为什么直播里有安敏优的面膜但是点进橱窗里没有呀,1,该用户想表达的含义是：对直播中提到的安敏优面膜感兴趣，但在商品橱窗里找不到购买链接而感到疑惑。,"[""没声音"", ""孩子怎么没在爸爸那里啊"", ""痘印怎么弄?"", ""面膜胶原蛋白那个面膜没有了?"", ""面膜有没有啊?姐姐""]",1,"<think>

</think>

1",0.20493290000013076,6,1,
douyin-test-007888,douyin,test,7888,weixue0806,美容护肤,今天这睡衣不错哟,1,该用户对直播展示的睡衣产生了购买兴趣，认为款式或品质值得关注。,"[""唇部精华唇炎能用吗"", ""防晒在几号"", ""润肤抗皱霜用哪个"", ""怎么淡化眼纹"", ""胶原面膜没有了吗""]",0,"<think>

</think>

0",0.20086350000929087,6,1,
douyin-test-007914,douyin,test,7914,weixue0806,美容护肤,关掉美颜看看,0,该用户可能是想确认主播的真实肤质或产品效果，对当前展示的美颜修饰存在疑虑，希望通过关闭美颜更客观地评估商品真实性。,"[""祛黑头用(⊙o⊙)啥?[捂脸]"", ""哪个面膜可以提亮肤色呀"", ""毛孔粗大,黑头多用什么啊?"", ""几号是防晒呀?"", ""妆前面霜""]",0,"<think>

</think>

0",0.20452020000084303,6,1,
douyin-test-007931,douyin,test,7931,weixue0806,美容护肤,2号面膜看一下,1,该用户想表达的含义是：请主播展示或详细介绍2号面膜的产品信息。,"[""毛孔粗大,黑头多用什么药"", ""雪油霜!!!讲讲"", ""防晒霜拍哪款"", ""dw什么色号"", ""保湿妆前乳用什么""]",1,"<think>

</think>

1",0.19971670000813901,6,1,
douyin-test-007948,douyin,test,7948,weixue0806,美容护肤,姐23岁是个什么面膜?,1,该用户想询问主播推荐适合23岁年龄使用的面膜产品。,"[""你刚刚说的是DW吗你用的粉底液"", ""平台不允许一人多号[捂脸]"", ""美瞳是哪个[比心][比心][比心]"", ""用大泡沫吗"", ""回我一下啊""]",1,"<think>

</think>

1",0.2056760999985272,6,1,
douyin-test-008025,douyin,test,8025,weixue0806,美容护肤,睫毛膏哪款,1,该用户想询问直播中推荐的睫毛膏产品款式。,"[""我已经有了"", ""长这么好看本身底子好,而且为了美丽肯对自己大力度保养的人真的很牛[比心]"", ""黄黑皮选唇部精华选有颜色的还是没颜色的黄黑皮选唇部精华选有颜色的还是没颜色的"", ""面霜推荐哪款"", ""睡眠面膜有吗""]",1,"<think>

</think>

1",0.22082019998924807,6,1,
douyin-test-008044,douyin,test,8044,weixue0806,美容护肤,以油养眼,0,该用户可能在询问主播是否有推荐的眼部护理油产品或想了解“以油养眼”的护肤方法。,"[""糖吃多了也会长脂肪粒"", ""你护肤用的什么水乳精华面霜"", ""有脸上用的油?"", ""28岁眼尾下垂怎么办"", ""沐浴露哪个更香""]",1,"<think>

</think>

1",0.21245909998833667,6,1,
douyin-test-008058,douyin,test,8058,weixue0806,美容护肤,要做什么Y美,0,该用户想询问如何进行医美项目来改善皮肤问题。,"[""如果又脂肪粒怎么办呢"", ""那就关了滤镜看一看[捂脸]"", ""用油了还用水乳霜吗"", ""痘痘怎么去"", ""眼沟严重""]",1,"<think>

</think>

1",0.19980840000789613,6,1,
douyin-test-008081,douyin,test,8081,weixue0806,美容护肤,孕妇颈纹霜有推荐吗?孕妇颈纹霜有推荐吗?孕妇颈纹霜有推荐吗?,1,该用户急切地想询问适合孕妇使用的颈纹护理产品推荐。,"[""毛孔粗大,黑头多怎么办啊?"", ""黑眼圈怎么弄?"", ""用了眼油还用不用眼霜"", ""去哪里做"", ""一天涂一次吗?""]",1,"<think>

</think>

1",0.20732570000109263,6,1,
douyin-test-008121,douyin,test,8121,weixue0806,美容护肤,有试用吗,1,该用户想询问产品是否提供试用装或试用服务。,"[""打熊喵是啥[比心][比心][比心][比心][比心][比心]"", ""这个可以每天用"", ""你不打能有用吗"", ""上眼皮松怎么办"", ""再说一下用法""]",1,"<think>

</think>

1",0.20329250000941101,6,1,
douyin-test-008208,douyin,test,8208,weixue0806,美容护肤,面膜是不是都有试用装,0,该用户想询问面膜产品是否提供小样试用装以便体验效果。,"[""雪姐胶原蛋白面膜用完要洗脸嘛"", ""香水喷在哪里留香更久"", ""脸下垂做什么项目"", ""求用胶原蛋白面膜"", ""10号上下""]",1,"<think>

</think>

1",0.20376519999990705,6,1,
douyin-test-008210,douyin,test,8210,weixue0806,美容护肤,你用的啥气垫,1,该用户可能是对主播使用的气垫产品产生了兴趣，想了解具体品牌或型号以便购买。,"[""脸下垂做什么项目"", ""求用胶原蛋白面膜"", ""10号上下"", ""面膜是不是都有试用装"", ""吃这个有啥好处""]",0,"<think>

</think>

0",0.19913649999944028,6,1,
douyin-test-008211,douyin,test,8211,weixue0806,美容护肤,最近脸特干用什么油,1,该用户想询问适合脸部干燥状况使用的护肤油产品推荐。,"[""求用胶原蛋白面膜"", ""10号上下"", ""面膜是不是都有试用装"", ""吃这个有啥好处"", ""你用的啥气垫""]",0,"<think>

</think>

0",0.20831279999401886,6,1,
douyin-test-008217,douyin,test,8217,weixue0806,美容护肤,法令纹用这个效果也好嘛,1,该用户是在询问当前直播推荐的产品对改善法令纹是否同样有效，表现出对产品功效的针对性关注和潜在购买意向。,"[""韦雪不仅美情商也高我也很喜欢你[比心]"", ""雀斑怎么"", ""面膜用完了"", ""鱼子酱发膜"", ""干敏皮面霜""]",1,"<think>

</think>

1",0.2174793000012869,6,1,
douyin-test-008236,douyin,test,8236,weixue0806,美容护肤,去痘印的[流泪]去痘印的,0,该用户急切地询问直播间是否有能祛痘印的产品，并流露出对解决皮肤问题的强烈需求。,"[""亲毛孔粗大怎么搞[比心][比心][比心][比心][比心][比心][比心][比心][比心][比心][比心][比心][比心][比心][比心][比心][比心]"", ""怎么可以去痘痘"", ""睫毛怎么保养的"", ""我吃过冲动消费的亏,用不完,还会过期"", ""美白的""]",1,"<think>

</think>

1",0.23492869999608956,6,1,
douyin-test-008252,douyin,test,8252,weixue0806,美容护肤,美白面膜几号,1,该用户想询问美白面膜的具体产品编号或链接以便购买。,"[""去黑头用什么"", ""面膜不能天天敷吧"", ""好焦虑啊,赚不到钱,雪雪"", ""啊啊啊能告诉我项链是哪家的吗[比心][比心][比心][比心][比心][比心][比心][比心][比心][爱心][爱心][爱心]"", ""百奈子比雏菊那个好吗?[比心][比心][比心]""]",1,"<think>

</think>

1",0.23886040000070352,6,1,
douyin-test-008280,douyin,test,8280,weixue0806,美容护肤,精华是分开发吗,1,该用户是在询问面膜和精华液是否需要分开步骤使用，或是否可以同时使用。,"[""韩束没有用过"", ""大师面膜有活动吗"", ""你口红有链接吗"", ""已拍,教一下用法,谢谢"", ""油性可以用吗""]",1,"<think>

</think>

1",0.20121519999520388,6,1,
douyin-test-008286,douyin,test,8286,weixue0806,美容护肤,水乳有推荐吗,1,该用户是在询问主播能否推荐适合自己使用的水乳产品。,"[""这里面的精华怎么用"", ""梅没有了"", ""真的假的啊!?!?!?!"", ""刚来,讲一下使用方法"", ""推荐干皮用的水乳""]",1,"<think>

</think>

1",0.20023740000033285,6,1,
douyin-test-008295,douyin,test,8295,weixue0806,美容护肤,这款拍了有没有补水的面膜,1,该用户是在询问购买这款面膜是否能起到补水效果。,"[""会闷痘么"", ""9999999999号9999999999号9999999999号"", ""晒斑能去吗"", ""相信你"", ""那个胶原蛋白面膜没有吗今天""]",1,"<think>

</think>

1",0.21018789999652654,6,1,
douyin-test-008296,douyin,test,8296,weixue0806,美容护肤,美白面膜后需要洗脸吗,1,该用户是在询问使用美白面膜后的具体护肤步骤，想确认是否需要额外清洁以避免残留或不适。,"[""9999999999号9999999999号9999999999号"", ""晒斑能去吗"", ""相信你"", ""那个胶原蛋白面膜没有吗今天"", ""这款拍了有没有补水的面膜""]",1,"<think>

</think>

1",0.20696509999106638,6,1,
douyin-test-008309,douyin,test,8309,weixue0806,美容护肤,就是的,0,该用户可能是在附和或赞同前面某条关于产品效果的讨论，表示认可或支持他人的观点。,"[""再说一下,洗面奶"", ""脖子上带了一个啥?"", ""长痘可以用吗?"", ""多久有效啊啊啊啊啊啊啊啊啊啊啊啊啊啊啊啊"", ""为啥吃彩椒?""]",0,"<think>

</think>

0",0.20613170000433456,6,1,
douyin-test-008313,douyin,test,8313,weixue0806,美容护肤,发膜发膜发膜发膜发膜,1,该用户急切地询问或催促主播介绍或上架发膜产品。,"[""为啥吃彩椒?"", ""就是的"", ""微笑唇大嘴"", ""敷完面膜之后就擦精油吗"", ""你为啥天天吃这个""]",1,"<think>

</think>

1",0.19721990000107326,6,1,
douyin-test-008342,douyin,test,8342,weixue0806,美容护肤,面膜敷完要洗脸吗,1,该用户是在询问使用面膜后的清洁步骤，表现出对产品使用方法的关注和潜在的购买顾虑。,"[""2号讲解一下"", ""小姐姐,洗面奶说一下,看到很多很便宜的"", ""天天用会不会长痘"", ""送的精华怎么用呢"", ""先用哪个""]",1,"<think>

</think>

1",0.20502559999295045,6,1,
douyin-test-008356,douyin,test,8356,weixue0806,美容护肤,极光四季精华油你有没有了,1,该用户是在询问主播“极光四季精华油”这款产品是否还有库存或能否购买。,"[""这个跟大师面膜有什么区别、这个跟大师面膜有什么区别、这个跟大师面膜有什么区别"", ""推荐干皮用的水乳推荐干皮用的水乳推荐干皮用的水乳"", ""手肘黑腋下黑怎么办"", ""显示5片"", ""化妆卡粉起皮要用什么,化妆卡粉起皮要用什么?化妆卡粉起皮要用什么?化妆卡粉起皮要用什么""]",1,"<think>

</think>

1",0.22276950000377838,6,1,
douyin-test-008382,douyin,test,8382,weixue0806,美容护肤,"卖,那么多单,我的天",0,该用户惊讶于商品销量之高，间接表现出对产品的兴趣和认可。,"[""主播这个面膜用完需要洗脸吗"", ""想要油"", ""那推荐一款防晒呗,偏干皮"", ""油敷面膜讲讲[比心][比心][比心]"", ""6号链接的面膜是不是不用洗""]",0,"<think>

</think>

0",0.21050110000942368,6,1,
douyin-test-008393,douyin,test,8393,weixue0806,美容护肤,已经拍了的怎么办,0,该用户可能是在询问已经下单的商品是否需要重新操作（如退款重拍）以享受当前活动优惠或更正购买信息。,"[""油敷面膜讲一下[比心][比心][比心]"", ""不重拍也没事吧"", ""雪,眼油怎么用?雪,眼油怎么用?"", ""那我拍的会不会少发?"", ""拍了,没注意看""]",1,"<think>

</think>

1",0.21095389999391045,6,1,
douyin-test-008407,douyin,test,8407,weixue0806,美容护肤,送的精华怎么用,1,该用户想询问赠品精华液的使用方法，可能是对产品功效或使用步骤存在疑问。,"[""孕妇能用吗孕妇能用吗孕妇能用吗孕妇能用吗"", ""我拍了,订单显示5片"", ""有没有推荐的防晒"", ""粉底有没有推荐的??"", ""油霜油霜油霜油霜油霜油霜油霜油霜油霜油霜油霜油霜油霜油霜油霜油霜油霜油霜油霜油霜油霜油霜油霜""]",1,"<think>

</think>

1",0.22374800000397954,6,1,
douyin-test-008413,douyin,test,8413,weixue0806,美容护肤,你做额头啦?,0,该用户可能在询问主播是否做了额头部位的医美项目或美容护理。,"[""下单后显示是五片"", ""好米啊姐姐好美好美"", ""是显示五片"", ""黑头粉刺毛孔粗大用什么黑头粉刺毛孔粗大用什么黑头粉刺毛孔粗大用什么黑头粉刺毛孔粗大用什么"", ""我之前买到假的胶原蛋白面膜了""]",1,"<think>

</think>

1",0.21388190001016483,6,1,
douyin-test-008429,douyin,test,8429,weixue0806,美容护肤,耳环是哪家的,1,该用户想询问直播中展示的耳环的品牌或购买渠道。,"[""防晒有卖嘛"", ""有美容仪推荐吗"", ""你的功效型面膜不挂小黄车嘛?"", ""我皮肤最近很长,胶原蛋白流失很快"", ""你在吃什么好吃的""]",1,"<think>

</think>

1",0.246389599997201,6,1,
douyin-test-008478,douyin,test,8478,weixue0806,美容护肤,是5片,0,该用户是在确认或质疑产品规格是否为五片装。,"[""胶原蛋白面膜,有没有"", ""整点身材管理的知识呗"", ""讲一下颈纹霜,和精华粒"", ""精华一支是一次的量吗"", ""精华跟面膜一起用吗?""]",0,"<think>

</think>

0",0.2548146000044653,6,1,
douyin-test-008482,douyin,test,8482,weixue0806,美容护肤,4号链接怎么用,1,该用户想询问4号链接商品的具体使用方法或操作步骤。,"[""精华跟面膜一起用吗?"", ""是5片"", ""不出门在家需要防晒吗"", ""姐,你生了三个怎么瘦身的"", ""拍了显示5片[捂脸]""]",1,"<think>

</think>

1",0.25228109999443404,6,1,
douyin-test-008489,douyin,test,8489,weixue0806,美容护肤,怎么瘦,0,该用户可能是在询问主播关于产后瘦身或快速减肥的方法。,"[""姐姐哪个对皱纹有效?我想给妈妈买"", ""怎么祛斑????"", ""讲一下6号"", ""美白面膜多久贴一次"", ""不用重新拍吧""]",0,"<think>

</think>

0",0.24306350000551902,6,1,
douyin-test-008491,douyin,test,8491,weixue0806,美容护肤,"要显示5片*3盒呀,就显示了5片",0,该用户可能是在疑惑或抱怨商品详情页显示的信息与实际不符，原本应该展示“5片×3盒”的规格却只显示了“5片”，担心自己购买时理解有误或商家标注不清晰。,"[""讲一下6号"", ""美白面膜多久贴一次"", ""不用重新拍吧"", ""怎么瘦"", ""已经拍了的还用重新再拍吗""]",1,"<think>

</think>

1",0.2553667000029236,6,1,
douyin-test-008527,douyin,test,8527,weixue0806,美容护肤,用了会变激素脸吗[捂脸][捂脸],1,该用户是在担忧产品的安全性，询问使用后是否会导致皮肤激素依赖等不良反应。,"[""精华怎么搭配顺序"", ""耳骨钉是什么牌子"", ""2号链接可以讲一下吗?"", ""5号链接看看吧"", ""敷了完要洗吗""]",0,"<think>

</think>

0",0.258245299992268,6,1,
douyin-test-008529,douyin,test,8529,weixue0806,美容护肤,"就显示五片,退了[捂脸]",0,该用户因对产品展示的规格（仅五片）不满意而决定取消购买意向。,"[""2号链接可以讲一下吗?"", ""5号链接看看吧"", ""敷了完要洗吗"", ""用了会变激素脸吗[捂脸][捂脸]"", ""怎么瘦我也想问""]",0,"<think>

</think>

0",0.2465276000002632,6,1,
douyin-test-008532,douyin,test,8532,weixue0806,美容护肤,口红上一下,1,该用户希望主播尽快展示或讲解口红的商品信息。,"[""用了会变激素脸吗[捂脸][捂脸]"", ""怎么瘦我也想问"", ""就显示五片,退了[捂脸]"", ""姐姐你是一点美颜没开吗"", ""黑头推荐什么""]",1,"<think>

</think>

1",0.2432215000008,6,1,
douyin-test-008570,douyin,test,8570,weixue0806,美容护肤,染眉膏有吗?,1,该用户是在询问直播间是否有染眉膏这一产品，表现出对购买或了解该商品的兴趣。,"[""发膜有吗?"", ""有没有一整套用的"", ""有祛痘的吗?"", ""有痘痘怎么办????"", ""敷了完要洗吗?精华怎么用在护肤完直接化妆""]",1,"<think>

</think>

1",0.24507929998799227,6,1,
douyin-test-008626,douyin,test,8626,weixue0806,美容护肤,"我要纯补水的面膜,拍哪个",1,该用户明确表达了想购买一款具有单纯补水功效的面膜，并希望主播直接推荐对应的商品链接。,"[""孕妇能用吗面膜孕妇能用吗面膜孕妇能用吗面膜孕妇能用吗面膜孕妇能用吗面膜"", ""你喝的蜜雪的什么"", ""防晒有嘛[流泪][流泪]"", ""怎么快速瘦啊?"", ""洗面奶用哪款""]",1,"<think>

</think>

1",0.2554041999974288,6,1,
douyin-test-008636,douyin,test,8636,weixue0806,美容护肤,美白精华涂完之后你,0,该用户可能在询问美白精华的使用效果或后续护肤步骤，表现出对产品的具体功效或使用方法的兴趣。,"[""敷完面膜涂精华?"", ""想要极光油"", ""油上不[捂脸]想睡了[捂脸]"", ""抗皱眼霜有吗"", ""双脚认可""]",1,"<think>

</think>

1",0.24398220000148285,6,1,
douyin-test-008640,douyin,test,8640,weixue0806,美容护肤,雪眼霜链接几,1,该用户想询问主播提到的“雪眼霜”产品购买链接是哪一个。,"[""双脚认可"", ""美白精华涂完之后你"", ""高级人员"", ""有斑斑"", ""眼袋大用产品有效吗?""]",1,"<think>

</think>

1",0.23797459999332204,6,1,
douyin-test-008652,douyin,test,8652,weixue0806,美容护肤,可以去痘印么,1,该用户想询问直播中推荐的产品是否具有淡化痘印的效果。,"[""你的耳环为啥都是两个坠坠的啊"", ""法令纹用哪个精华"", ""噶刚进来怎么用啊"", ""在卧室吗"", ""可以去痘印没""]",1,"<think>

</think>

1",0.24522319999232423,6,1,
douyin-test-008667,douyin,test,8667,weixue0806,美容护肤,听减肥,0,该用户想表达的含义是：询问直播间是否有关于减肥产品或方法的推荐。,"[""精华用完之后呢?"", ""10号链接开一下"", ""祛痘印"", ""1号几片"", ""那个面目没有了吗""]",0,"<think>

</think>

0",0.24468469999555964,6,1,
douyin-test-008683,douyin,test,8683,weixue0806,美容护肤,防晒在几号链接?,1,该用户想询问防晒产品对应的商品购买链接编号。,"[""美白精华涂完"", ""内服什么"", ""面膜多少片???"", ""孕妇能用这个面膜吗!!"", ""需要防晒""]",1,"<think>

</think>

1",0.2382240000006277,6,1,
douyin-test-008745,douyin,test,8745,weixue0806,美容护肤,有没有祛斑效果好的,1,该用户是在询问直播间推荐的产品中是否有针对祛斑问题效果显著的美容产品。,"[""黄皮怎么"", ""拍了这个面膜好用"", ""要洗面奶"", ""身体美白有推荐吗??????"", ""二号链接几岁能用""]",1,"<think>

</think>

1",0.2374615000007907,6,1,
douyin-test-008763,douyin,test,8763,weixue0806,美容护肤,姐姐能讲一下14号链接吗,1,该用户希望主播详细介绍14号商品的具体信息或使用体验。,"[""结束直接擦护肤品吗"", ""用完油还要用水乳吗"", ""选1号还是2号更好"", ""6666666666号[捂脸]"", ""补水的哪一款适合""]",1,"<think>

</think>

1",0.24914539999736007,6,1,
douyin-test-008768,douyin,test,8768,weixue0806,美容护肤,8号跟10号油有什么区别,1,该用户想询问8号和10号护肤油的功效差异或适用场景，以帮助自己做出购买决策。,"[""姐姐能讲一下14号链接吗"", ""刚进来,怎么用的"", ""睡前敷比较好了"", ""总共多少片"", ""用法再教一下刚刚进来""]",1,"<think>

</think>

1",0.25246319999860134,6,1,
douyin-test-008777,douyin,test,8777,weixue0806,美容护肤,3号说一下,1,该用户想表达的含义是：希望主播详细介绍3号产品的相关信息或使用体验。,"[""脂溢性皮炎可以敷吗"", ""有吃的美白丸吗?"", ""早上用,直接上妆可以吗"", "":沐浴露"", ""韦雪的商品橱窗店是你的吗?韦雪的商品橱窗店是你的吗?""]",0,"<think>

</think>

0",0.25332519999938086,6,1,
douyin-test-008815,douyin,test,8815,weixue0806,美容护肤,眼膜开一下,1,该用户希望主播重新介绍或上架眼膜产品的购买链接。,"[""美白内服我推荐吗?"", ""摸得这个唇膏是几号???????"", ""26可以用吗[捂脸]"", ""今天的妆不好看"", ""唇膏是几号啊""]",0,"<think>

</think>

0",0.2512614000006579,6,1,
douyin-test-008821,douyin,test,8821,weixue0806,美容护肤,怎么扣,0,该用户想询问商品的使用方法或操作步骤。,"[""今天第一次买"", ""多次复购"", ""讲讲用法吧"", ""白月光的面膜要洗掉吗"", ""水光还有没有""]",0,"<think>

</think>

0",0.23670949999359436,6,1,
douyin-test-008864,douyin,test,8864,weixue0806,美容护肤,眼睫毛是哪个,1,该用户想询问主播当前展示或提到的睫毛产品具体是哪一款或哪个品牌。,"[""雪姐姐,我脱发很严重"", ""我才来"", ""油价钱不一样"", ""水光没有吗"", ""晚上用还是白天用""]",1,"<think>

</think>

1",0.2400727999920491,6,1,
douyin-test-008887,douyin,test,8887,weixue0806,美容护肤,有什么功效的,1,该用户是在询问直播中提到的产品具体有哪些功能或效果。,"[""姐,你刚涂的是唇部精华吗"", ""嘴上涂的有吗"", ""卸妆产品"", ""啥时候和马小宇拍戏"", ""6666666号[捂脸]新粉丝讲下呗""]",1,"<think>

</think>

1",0.25072070000169333,6,1,
douyin-test-008924,douyin,test,8924,weixue0806,美容护肤,表示认同,0,该用户可能是在对主播之前介绍的某款产品或护肤建议表示赞同和认可。,"[""姐姐我想问你个问题初恋该怎么样去对待因为我很在乎他但是我感觉到他在乎我不是我作我有感应"", ""身体美白上下[比心][比心][比心][比心][比心][比心][比心][比心][比心]"", ""颗粒面朝外敷吗"", ""身体美白上下"", ""宝,可以推养发的吗""]",0,"<think>

</think>

0",0.2732684000075096,6,1,
douyin-test-008938,douyin,test,8938,weixue0806,美容护肤,白月夜的面膜敷完要洗吗,1,该用户想询问白月夜面膜的使用方法，以确认是否需要清洗，从而评估产品的使用便捷性和自身购买意向。,"[""小气泡核桃洁面"", ""清洁面膜"", ""那种内服"", ""内服有什么"", ""油还上吗""]",1,"<think>

</think>

1",0.24751149999792688,6,1,
douyin-test-008945,douyin,test,8945,weixue0806,美容护肤,请问美白内服什么?谢谢,1,该用户是在询问直播间推荐的美白内服产品具体是什么。,"[""有卖吗?"", ""可以推荐吗"", ""内服什么时候上"", ""奥伦纳素的面膜还有吗?"", ""回头霜效果好吗""]",1,"<think>

</think>

1",0.2473345999896992,6,1,
douyin-test-008992,douyin,test,8992,weixue0806,美容护肤,10号精油4月6号有吗?,1,该用户是在询问直播间是否会在4月6日提供10号精油的销售。,"[""有没有有去黑带的推荐?"", ""面膜敷了,就敷精华吗"", ""姐妹回复一下"", ""那个洗面奶可以推荐一下嘛?"", ""韩束这个补水面膜怎么样""]",1,"<think>

</think>

1",0.24608110000554007,6,1,
douyin-test-008999,douyin,test,8999,weixue0806,美容护肤,芭比粉,0,该用户可能在询问或评价某款产品（如口红、唇彩等）的“芭比粉”色号是否适合或好看。,"[""香水好闻吗[流泪][流泪][流泪]"", ""一号链接健康混油皮能用吗"", ""水光霜没有了吗"", ""香水好闻吗[流泪]"", ""唇部精华推荐一下""]",0,"<think>

</think>

0",0.24353190000692848,6,1,
