row_id,label,content,official_background,qwen_background,prediction,positive_probability
douyin-test-000018,1,紫砂壶,该用户可能是在询问或提醒主播展示或介绍紫砂壶产品。,有人在推荐或展示紫砂壶产品。,1,0.97021484375
douyin-test-000022,0,吃中午了,该用户可能在询问直播中展示的商品是否适合作为午餐食材。,当前弹幕表示说话人正在吃午饭，可能是在回应之前的商品询问，表达自己已经用餐。,0,0.041351318359375
douyin-test-000059,1,好吃么,该用户想询问该食品的口味如何，以评估是否值得购买。,询问商品的口感体验是否良好,1,0.99072265625
douyin-test-000066,0,卷钱跑路,该用户可能是在调侃或讽刺主播推销产品的行为过于急切，像是在急着敛财后离开。,当前弹幕可能是在表达对主播或商家不诚信行为的不满和失望。,0,0.07586669921875
douyin-test-000069,0,感觉他两个人好无聊,该用户觉得直播间的两位主播互动缺乏趣味性，观看体验比较乏味。,弹幕认为直播中的两位主播互动缺乏趣味性，显得单调乏味。,0,0.061431884765625
douyin-test-000081,1,好吃,该用户想表达的含义是：对当前展示的商品表示满意或认可其品质。,观众在确认商品是否美味，表达对产品的好奇和期待。,1,0.98779296875
douyin-test-000091,0,小贝好看,该用户想表达的含义是：称赞主播或商品的外观吸引人。,弹幕是在称赞主播的外貌。,1,0.96923828125
douyin-test-000094,1,贝贝，烤奶，空气炸锅烤多长时间？,该用户想询问主播用空气炸锅制作苹果烤奶的具体烹饪时间。,用户想知道用空气炸锅烤贝贝烤奶需要多长时间。,1,0.86279296875
douyin-test-000107,1,是净重五斤吗,该用户是在确认商品的包装规格是否为去掉包装后的实际重量五斤。,弹幕在询问商品的净重是否为五斤。,1,0.5556640625
douyin-test-000117,0,你尝一尝,该用户可能是想让主播现场试吃展示苹果的口感或品质。,让主播尝试产品，以确认味道或质量。,1,0.64013671875
douyin-test-000149,0,数字代表什么意思？,该用户可能在询问直播间提到的产品编号（如“72号”“9号”）所对应的具体品种或品质差异。,弹幕在询问之前提到的数字编号对应的商品信息。,0,0.36572265625
douyin-test-000160,1,烤肠,该用户可能是想询问直播间是否有售卖烤肠，或是表达对烤肠产品的兴趣。,弹幕在询问当前商品是否有烤肠口味。,1,0.86669921875
douyin-test-000164,1,这个是水果？,该用户可能是在询问当前展示的商品是否为水果类产品，或是想确认某种特定水果的品种或品质。,弹幕在询问当前展示的商品是否为水果。,1,0.9755859375
douyin-test-000181,1,请问宿舍没冰箱能放多久,该用户是在询问产品在无冷藏条件下的保质期限，以评估是否适合宿舍环境使用。,询问在没有冰箱的情况下腊排骨能存放多久。,1,0.6513671875
douyin-test-000234,1,麻辣香肠有吗麻辣香肠有吗,该用户急切地询问直播间是否售卖麻辣香肠，表现出明确的购买意向和重复强调的需求。,观众在重复询问是否有麻辣香肠，表现出对这款产品的强烈兴趣和购买意愿。,1,0.98583984375
douyin-test-000235,1,你们今年还卖西湖龙井茶吗？,该用户是在询问直播间是否会上架西湖龙井茶，表现出明确的购买意向和对该商品的兴趣。,弹幕在询问今年是否还有西湖龙井茶供应。,0,0.331787109375
douyin-test-000250,0,空气炸锅15分钟特别香,该用户想表达的含义是：空气炸锅烹饪的食物在短时间内就能散发出诱人香气，暗示对产品效果感兴趣或想确认使用体验。,用户分享使用空气炸锅烹饪后的美味体验，可能是在推荐或表达对产品效果的满意。,0,0.270751953125
douyin-test-000311,1,四季豆好吃,该用户是在认可或分享四季豆的食用体验，暗示对产品品质的满意或潜在的复购意向。,弹幕在表达对四季豆口感的认可，同时可能暗含对煮熟程度的肯定。,1,0.98291015625
douyin-test-000335,0,过了油的,该用户想表达的含义是：这道菜已经完成了油炸的烹饪步骤。  （结合前文语境，弹幕多围绕烹饪方法和食材讨论，如“微炸”“干煸豆角”等，用户可能是补充说明当前菜品制作状态或分享烹饪技巧。）,弹幕是在回应前面提到的过油情况，表示已经完成了油炸步骤。,1,0.90966796875
douyin-test-000362,1,咸鸭蛋,该用户可能是在询问或评论直播中提到的咸鸭蛋的口味或品质。,弹幕在回应关于咸鸭蛋的讨论，表达对产品本身的关注。,1,0.8935546875
douyin-test-000371,0,长春为啥不配送,该用户想表达的含义是：对所在地区无法购买商品感到疑惑和不满。,用户询问长春地区为何没有配送服务。,0,0.2034912109375
douyin-test-000383,1,60克和70克什么区别,该用户想询问产品在60克和70克规格之间的具体差异，可能是为了比较性价比或选择更适合自己的分量。,弹幕在询问两种不同重量产品之间的差异。,1,0.986328125
douyin-test-000433,1,什么时候有菜板？谢谢,该用户是在询问直播间是否会售卖菜板产品，并希望得到回复。,弹幕在询问什么时候能买到菜板，并表达感谢。,1,0.939453125
douyin-test-000466,1,衬衣真好看,该用户被直播中展示的衬衫款式吸引，产生了欣赏或潜在的购买意向。,弹幕在表达对商品外观的赞赏。,1,0.98681640625
douyin-test-000489,1,链接呢,该用户可能在询问商品的购买链接，表现出对直播中提到的某样产品有购买意向。,弹幕在询问商品的购买链接。,1,0.794921875
douyin-test-000503,1,保温杯,该用户可能是想询问或了解直播间正在介绍的保温杯产品信息。,弹幕在表达对保温杯的喜爱和关注。,1,0.98095703125
douyin-test-000532,1,米皮保质期,该用户是想询问米皮的保质期时长，以便决定是否购买。,弹幕在询问米皮的保质期信息。,1,0.9404296875
douyin-test-000540,1,想要这个碗呢,该用户表达了对直播中展示的碗有明确的购买意向。,弹幕在表达对碗的向往和购买意愿。,1,0.984375
douyin-test-000546,1,放点黄瓜,该用户可能是希望主播展示或介绍与黄瓜相关的产品，或是建议在当前的食品展示中加入黄瓜作为搭配。,弹幕可能是在表达对当前商品或直播内容的某种调侃或另类需求。,0,0.3583984375
douyin-test-000566,1,要碗,该用户想表达的是对直播中展示的碗感兴趣并希望购买。,弹幕“要碗”是在表达想要一份碗装的菜品。,1,0.85107421875
douyin-test-000681,0,小传熙下午好,该用户可能是在向主播或直播间其他观众打招呼，表达友好的互动意愿。,当前弹幕是向主播打招呼问好。,0,0.0390625
douyin-test-000701,1,烤肠什么时候上呢,该用户想询问直播中是否会上架烤肠产品并希望尽快购买。,观众在询问当前直播中烤肠的上架时间。,1,0.9765625
douyin-test-000706,1,贝贝南瓜面又甜非常好吃！,该用户想表达的含义是：对贝贝南瓜面的口感和品质表示高度认可，暗示有购买或推荐意向。  （分析依据：结合前文弹幕中频繁出现的食品类互动和具体产品询问，用户在此语境下更可能是通过夸赞产品来传递消费意愿，而非单纯评价。）,弹幕在表达对贝贝南瓜面味道的认可和喜爱。,1,0.943359375
douyin-test-000710,1,没有了，加单,该用户想表达的含义是：商品已经售罄，希望主播能追加库存或补货。,当前弹幕表示商品已经售罄，希望商家增加订单数量。,0,0.255859375
douyin-test-000737,1,发膜讲了吗？,该用户是在询问主播是否已经介绍过发膜产品的相关信息。,询问是否已经讲解了发膜的产品信息。,1,0.98876953125
douyin-test-000758,1,彩椒不辣吧,该用户是在询问彩椒的口味是否温和，以确认其是否符合自己的饮食偏好或烹饪需求。,弹幕在询问彩椒是否属于不辣的类型。,1,0.72802734375
douyin-test-000779,1,宽的有么,该用户可能在询问商品是否有更宽的规格或款式可选。,询问产品宽度是否有宽尺寸的选项。,1,0.990234375
douyin-test-000811,0,就哈吃，美滴很,该用户想表达的含义是：主播吃得很香，让人看了觉得非常美味和享受。,弹幕在表达对美食的享受和满足感，觉得吃得很开心。,0,0.383544921875
douyin-test-000812,1,馍怎么加热,该用户可能是在询问直播中展示的馍（如凉皮夹馍）的具体食用方法，想了解是否需要加热以及如何操作。,弹幕在询问如何让馍变得热乎。,0,0.448486328125
douyin-test-000853,0,付了,该用户想表达自己已经完成下单购买的行为。,前面的弹幕都在询问商品和表达需求，当前弹幕“付了”表示用户已经完成支付。,0,0.11492919921875
douyin-test-000922,1,酸吗？,该用户是在询问直播中展示的苹果是否口感偏酸。,询问苹果的酸甜程度。,1,0.865234375
douyin-test-000963,0,300g,该用户可能在询问商品的规格或重量是否合适，比如“这个产品的重量是300克吗？”或“300克的分量够用吗？”。,询问小番茄的分量是否为300克。,1,0.861328125
douyin-test-000979,1,讲一下小萨牛牛的口味吧！讲一下小萨牛牛的口味吧！讲一下小萨牛牛的口味吧！讲一下小萨牛牛的口味吧讲一下,该用户迫切希望主播详细介绍“小萨牛牛”这款产品的具体口味特点，可能因重复刷屏引起注意或对产品有强烈兴趣。,弹幕反复催促主播详细介绍小萨牛牛的味道。,1,0.8359375
douyin-test-000981,1,是不是预制菜,该用户可能是在询问直播中展示的食品是否为预先加工好的半成品，以此判断其新鲜度和购买价值。,询问当前售卖的商品是否为提前加工好的食品。,1,0.74755859375
douyin-test-000986,0,已拍,该用户想表达的含义是：我已经下单购买了（你们提到的某款产品）。,用户已经下单购买了商品。,0,0.06304931640625
douyin-test-000991,0,能拍的，都开过价的，放心拍,该用户想表达的含义是：商品都已明码标价且库存充足，大家可以放心下单购买。,当前弹幕是在确认商品已定价，可以放心购买。,0,0.060150146484375
douyin-test-000997,1,有啥区别,该用户想询问当前展示的产品与其他同类产品或在售的其他规格之间有什么不同之处。,想知道不同产品之间的差异。,1,0.822265625
douyin-test-001026,0,复合维生素,该用户可能是在询问直播间是否有售卖复合维生素产品，或想了解关于复合维生素的相关信息。,弹幕在询问是否有关于复合维生素的产品。,1,0.8642578125
douyin-test-001034,1,荸荠什么时候开卖？,该用户想询问荸荠这款商品的上架销售时间。,观众想知道荸荠产品的上架时间。,1,0.65673828125
douyin-test-001097,1,蓝莓还有吧今天,该用户是在询问直播间当前是否还有蓝莓库存可供购买。,询问今天是否有蓝莓库存。,1,0.8896484375
douyin-test-001107,0,欢迎蛇王,该用户是在以幽默调侃的方式欢迎直播间的主播或嘉宾，模仿前文“欢迎舞王”“欢迎帅鹏鹏”的互动风格，用“蛇王”作为戏谑称号表达轻松友好的围观态度。,弹幕是在表达对蛇王的欢迎和认可。,0,0.11676025390625
douyin-test-001109,1,红薯还是紫薯,该用户可能在询问主播推荐红薯或紫薯哪个更适合购买或烹饪。,观众在询问主播当前展示的红薯产品是普通红薯还是紫薯。,1,0.93115234375
douyin-test-001121,0,这才是小时候吃的烤地瓜,该用户想表达的含义是：这款烤地瓜的味道或外观唤起了他对童年回忆的共鸣。  （结合前文弹幕中频繁讨论红薯的烹饪方式、口感及怀旧氛围，用户通过类比童年体验，间接表达对当前商品的认可和情感认同。）,怀念小时候吃烤地瓜的味道,0,0.206787109375
douyin-test-001136,1,拔丝地瓜好吃,该用户是在认可并分享自己对拔丝地瓜美味的体验，暗示对当前直播中同类红薯产品的兴趣或认同。,弹幕在回应前文关于红薯的讨论，表达对拔丝地瓜这道美食的喜爱。,1,0.98291015625
douyin-test-001161,0,吉林拍不了,该用户想表达的含义是：自己所在的吉林地区无法下单购买直播间的商品。,吉林的观众无法观看直播。,0,0.1494140625
douyin-test-001178,0,绿色,该用户可能是在询问或确认直播中展示的商品（如彩椒）是否有绿色的款式或选项。,弹幕“绿色”是在回应前文提到的“灯笼椒”，表示对辣椒颜色的确认或补充说明。,0,0.497314453125
douyin-test-001193,0,妈呀,该用户想表达的含义是：对当前直播中展示的商品感到惊喜或意外。,观众被直播中的某个瞬间或产品效果惊讶到，表达出意外或兴奋的情绪。,0,0.088134765625
douyin-test-001195,0,生吃厉害了,该用户想表达的含义是：生吃这种吃法看起来非常新奇或令人印象深刻。,弹幕在称赞主播用生吃的方式处理食材很厉害。,0,0.458740234375
douyin-test-001224,1,芹菜胡萝卜苹果汁,该用户可能是在询问或提议用芹菜、胡萝卜和苹果榨汁的可行性或功效。,弹幕在询问是否可以用芹菜、胡萝卜和苹果制作汁饮。,1,0.962890625
douyin-test-001241,1,皮也可以吃吗,该用户可能是询问直播中展示的南瓜或其他食材的外皮是否可以食用，以确认其食用方式或安全性。,询问食物外皮是否可食用,1,0.978515625
douyin-test-001260,1,蒸多久？,该用户想询问蒸制该南瓜产品所需的具体时间。,询问食物的烹饪时间。,1,0.87744140625
douyin-test-001301,1,指甲刀,该用户可能在询问直播间是否有指甲刀这款商品，或是想了解主播对指甲刀的使用体验或推荐。,弹幕在询问主播是否使用指甲刀处理食材。,1,0.97802734375
douyin-test-001372,0,发现鹏鹏儿还是黑了～哈哈,该用户是在调侃主播“鹏鹏儿”肤色变黑，语气轻松幽默，更多是参与直播互动而非表达购买意向。,弹幕在调侃鹏鹏依然保持低调或神秘感，带有轻松幽默的语气。,0,0.0628662109375
douyin-test-001406,0,宇辉到杭州了,该用户是在询问或确认主播“宇辉”是否已经抵达杭州，可能出于对后续直播行程或商品上架的关注。,弹幕是在确认宇辉已经到达杭州，补充说明他去浙江的具体地点。,0,0.08843994140625
douyin-test-001452,0,鹏鹏切的挺好呀，会做饭吧,该用户是在夸赞主播的切菜技巧娴熟，并推测对方可能擅长烹饪。  （结合前文弹幕多围绕切洋葱的技巧讨论，用户通过观察主播操作给出正向反馈，隐含对主播专业性的认可，但未直接提及购买意向。）,当前弹幕是在夸赞鹏鹏的切菜技术好，并暗示他可能具备一定的烹饪能力。,0,0.09918212890625
douyin-test-001462,0,样样都新鲜,该用户可能是对直播中展示的商品或食材的新鲜度表示认可和赞赏。,弹幕是在回应关于商品新鲜度的疑问，表示对商品品质的认可。,1,0.52587890625
douyin-test-001475,1,这是什么肉,该用户想询问直播中展示的肉类产品的具体种类或名称。,弹幕在询问当前展示的商品中肉类的具体种类。,1,0.66015625
douyin-test-001478,1,可以生吃吗,该用户可能是在询问直播展示的产品是否适合直接生食，表达了对产品食用方式的兴趣和潜在的购买意向。,询问产品是否可以直接生吃。,1,0.958984375
douyin-test-001479,0,鹏鹏还是个双眼皮,该用户可能是在调侃或称赞主播鹏鹏的外貌特征，暗示对其形象的关注或好感。,弹幕在调侃鹏鹏的双眼皮特征，带有轻松幽默的语气。,0,0.08349609375
douyin-test-001480,0,支持,该用户想表达的含义是：对主播或产品表示赞同或鼓励。,弹幕是在表达对产品或服务的认可和支持。,0,0.17822265625
douyin-test-001514,1,刺梨汁，今天机制是最划算的一次,该用户认为当前促销活动中的刺梨汁价格是近期最优惠的，表现出明确的购买意向。,当前弹幕表示说话人认为今天购买刺梨汁的活动价格非常优惠，是近期最值得购买的一次。,1,0.57470703125
douyin-test-001534,0,没中[捂脸],该用户因未抢到直播间的福利或商品而感到遗憾和无奈。,没能抢到福袋，有点遗憾。,0,0.093505859375
douyin-test-001550,0,拍两单,该用户想表达的含义是：我已经下单购买了两件商品。,想多买几单参与活动,0,0.31640625
douyin-test-001598,1,这个好看,该用户被直播中展示的某款首饰（可能是老板娘佩戴的款式或水晶类商品）所吸引，认为其设计或外观符合自己的审美喜好。,弹幕在表达对当前展示商品的视觉认可和购买兴趣。,1,0.98974609375
douyin-test-001644,0,速度速度,该用户想催促主播加快节奏或尽快展示/上架当前热议的水晶商品（如黄水晶、兔毛水晶等）。  （分析依据：前文弹幕高频提及水晶品类且出现重复刷屏式需求，结合“速度速度”的紧迫语气，可推断用户急于看到商品开售或切换展示进度。）,催促主播加快节奏，希望尽快看到产品或回应。,0,0.41162109375
douyin-test-001653,1,老板娘的项链,该用户是在询问或关注老板娘佩戴的项链款式或材质。,弹幕在询问老板娘项链的相关信息。,1,0.96533203125
douyin-test-001668,0,连云港东海?,该用户可能在询问直播中提到的“连云港东海”是否指代某种特定商品（如东海产的水晶或珍珠）或其相关信息。,弹幕可能是在询问黄水晶的产地信息。,0,0.281982421875
douyin-test-001686,0,她家水晶很好,该用户想表达的含义是：这家店铺的水晶品质不错，值得购买。  （结合前文弹幕中频繁提及“老板娘”的饰品及水晶种类，用户可能是在认可商品质量或暗示自己也有兴趣入手。）,弹幕在称赞主播家的水晶产品质量好。,1,0.9775390625
douyin-test-001723,1,10mm黄水晶,该用户可能在询问或确认是否有10毫米规格的黄水晶商品可供购买。,弹幕在询问是否有10毫米的黄水晶产品。,1,0.99072265625
douyin-test-001729,1,好东西,该用户想表达的含义是：这件商品看起来品质不错，我有点心动想购买。,弹幕在表达对当前商品的满意和认可。,1,0.67431640625
douyin-test-001736,0,10m,该用户想询问或确认直播中展示的商品尺寸是否为10毫米。,询问是否有10米长的招财产品。,1,0.86328125
douyin-test-001773,1,好看的,该用户想表达的含义是：对当前展示的商品外观表示赞赏和喜爱。,弹幕在表达对商品外观的满意和赞赏。,1,0.9853515625
douyin-test-001786,1,多大的,该用户想询问主播展示的商品（可能是水晶或饰品）的具体尺寸或规格。,想知道产品的尺寸大小。,1,0.7578125
douyin-test-001804,1,紫水晶,该用户可能是在询问或指定想要紫色系的水晶产品，比如紫水晶或紫牙乌等。,弹幕希望主播多展示一些紫水晶产品。,1,0.9921875
douyin-test-001850,0,都好漂亮啊,该用户被展示的商品外观所吸引，流露出对商品的喜爱和潜在的购买意愿。,弹幕在表达对主播外貌或整体形象的赞赏。,0,0.2327880859375
douyin-test-001883,1,有男生带的吗,该用户可能是在询问直播展示的商品是否有适合男性佩戴的款式或类型。,询问是否有男性观众购买了该商品,1,0.9892578125
douyin-test-001894,0,翡翠叶子,该用户可能在询问直播间是否有翡翠材质的叶子造型饰品或想了解相关产品信息。,弹幕“翡翠叶子”是在描述直播间中展示的某种绿色植物或装饰物，可能与当前商品或场景相关。,1,0.88330078125
douyin-test-001919,1,什么时候有佛公[看],该用户想询问直播中何时会上架佛公吊坠或相关产品，并表现出对这类商品的兴趣和期待。,弹幕在询问佛公产品何时上架，并表达期待看到相关商品。,0,0.178466796875
douyin-test-002012,0,会长夫人更可爱,该用户是在调侃直播间的某位核心人物（会长）及其伴侣，通过对比表达对会长夫人性格或形象的喜爱。,弹幕在夸赞会长夫人看起来更可爱，可能是对主播或相关角色外貌的称赞。,0,0.08502197265625
douyin-test-002027,0,深夜福利[比心][比心][比心],该用户想表达的是对主播推出深夜促销活动的期待和兴奋之情。,当前弹幕是在回应“深夜福利”这一话题，表达对福利活动的喜爱和参与支持。,0,0.11151123046875
douyin-test-002044,0,刘媛媛这个状态真不错,该用户可能是通过夸赞主播的积极状态（如专业度、感染力等），间接表达对直播内容或推荐产品的认可与兴趣。,弹幕是在称赞刘媛媛当前的精神状态和表现。,0,0.066162109375
douyin-test-002059,1,叶黄素怎么吃,该用户想询问叶黄素产品的具体服用方法和注意事项。,当前弹幕是在询问叶黄素的服用方法。,1,0.904296875
douyin-test-002066,1,物美价廉,该用户想表达的含义是：商品性价比很高，值得购买。,观众在表达对商品性价比的认可，认为产品既便宜又质量好。,0,0.429931640625
douyin-test-002149,1,奶粉是澳洲产的吗?生产日期是什么时候?,该用户是在确认奶粉的产地和生产日期等关键商品信息，表现出对产品质量和新鲜度的关注，暗示潜在的购买意向。,弹幕想知道这款奶粉的产地和具体生产时间。,1,0.95947265625
douyin-test-002164,0,主播大气,该用户想表达的含义是：称赞主播慷慨大方或福利给力。,观众在称赞主播的优惠力度和产品性价比。,0,0.0855712890625
douyin-test-002196,0,长的好像曹颖,该用户可能是在感叹主播或展示的产品外观与明星曹颖相似，带有欣赏或惊讶的意味，但并未直接表达购买意向。,弹幕在评论主播的外貌，认为她长得像曹颖。,0,0.1610107421875
douyin-test-002207,1,多久见效果,该用户想询问产品使用后需要多长时间才能产生预期的效果。,观众想知道产品见效的时间。,1,0.50146484375
douyin-test-002228,1,口感好吃不,该用户想询问产品的味道是否令人满意，以此判断是否值得购买。,询问产品口感是否良好,1,0.98681640625
douyin-test-002229,0,一天吃,该用户想询问产品是否需要每天服用。,询问产品每日食用的频率或建议。,0,0.22021484375
douyin-test-002240,1,哺乳期能吃吗,该用户是在询问产品是否适合哺乳期女性食用，以评估自身或他人是否符合使用条件。,询问在哺乳期间是否可以食用该产品。,1,0.984375
douyin-test-002243,0,支持支持支持支持支持支持支持支持支持支持支持支持[打call][打call][比心],该用户想表达的含义是：对主播或产品表示强烈的喜爱和支持，但并未直接体现明确的购买意向。,弹幕在表达对商品的强烈支持和喜爱，同时通过表情符号增强互动和情感表达。,0,0.269775390625
douyin-test-002260,1,"这个维生素是连续吃几个月,需要停吗?",该用户是在询问这款维生素是否需要周期性停用以避免长期连续服用的潜在问题，表现出对产品使用细节的关切和潜在的购买顾虑。,观众想知道长期服用该维生素是否需要间断。,1,0.6884765625
douyin-test-002294,0,太给力了,该用户想表达的含义是：对直播间的优惠力度或产品效果感到非常满意和兴奋。,当前弹幕是在表达对商品或直播内容的强烈认可和赞赏。,0,0.09893798828125
douyin-test-002361,0,"好,上车",该用户想表达的是决定跟随直播间的推荐下单购买商品。,用户对产品表示满意并决定购买。,0,0.056549072265625
douyin-test-002411,1,有花椒吗,该用户是在询问直播间是否有售卖花椒产品，可能对天水花椒或其他相关商品产生了购买兴趣。,询问当前直播中是否有花椒这种食材。,1,0.98388671875
douyin-test-002416,1,西红柿有吗,该用户是在询问直播间是否有西红柿这一商品在售。,观众在询问当前商品是否包含西红柿。,1,0.98876953125
douyin-test-002458,1,陕西洛川苹果有吗?,该用户是在询问直播间是否有售卖陕西洛川产的苹果，表现出对该产品的购买兴趣。,询问是否有陕西洛川苹果可以购买。,1,0.974609375
douyin-test-002466,1,玫瑰花饼,该用户可能在询问直播间是否有售卖玫瑰花饼这款产品。,观众在询问是否有玫瑰花饼这种商品。,1,0.98486328125
douyin-test-002490,0,小明不务正业,该用户可能在调侃主播小明直播时表现不够专业或专注，偏离了卖货主题。,弹幕在调侃小明没有专注于自己的本职工作。,0,0.08099365234375
douyin-test-002537,0,一买刹不住车[捂脸],该用户想表达的含义是：在直播间购物时因商品吸引力太强而忍不住多次下单。,看到商品后忍不住想要购买，但又担心买太多，有点无奈和自嘲的心情。,0,0.10186767578125
douyin-test-002580,0,刚那个坏了吗,该用户是在质疑之前展示的某款商品（可能是鸡蛋类产品）是否存在质量问题或损坏情况。,担心之前提到的鸡蛋是否已经变质。,1,0.85546875
douyin-test-002632,0,鸡屎白是味中药材哦[捂脸],"该用户是在调侃直播间讨论鸡蛋时提及的""鸡屎""话题，以幽默方式指出鸡屎的药用价值，属于跟风玩梗而非真实购买意向。",弹幕在提醒主播鸡屎白作为中药材的特性，可能是在解释产品成分或回应关于颜色的疑问。,0,0.16748046875
douyin-test-002648,0,红的太可怕,该用户可能是在吐槽商品（如红心鸡蛋）的颜色过于鲜艳夸张，让人感到不适或怀疑其安全性。,弹幕在表达对红色颜色的强烈不适或惊恐情绪。,0,0.125244140625
douyin-test-002730,1,167108需要拍l不衬衣,该用户是在询问商品编号167108的衬衫是否需要抢购或是否容易售罄。,弹幕在询问是否需要购买一件适合167cm身高、108码的不衬衣款式。,1,0.96923828125
douyin-test-002732,1,娃娃领白色上衣上吗,该用户是在询问主播是否会展示或上架一款娃娃领设计的白色上衣。,弹幕在询问主播是否上架了娃娃领白色上衣。,1,0.9921875
douyin-test-002742,1,里面背心是哪个,该用户是在询问直播间里模特内搭的那件背心对应的商品链接或货号。,弹幕在询问之前提到的条纹背心的具体链接位置。,1,0.990234375
douyin-test-002743,1,牛仔外套是几号链接,该用户想询问牛仔外套对应的商品购买链接编号以便下单。,观众在询问牛仔外套的具体链接位置。,1,0.99169921875
douyin-test-002779,1,黑色蓝色?,该用户可能在询问商品是否有黑色或蓝色可选，表现出对颜色选择的关注和潜在的购买意向。,当前弹幕是在询问是否有黑色或蓝色的款式。,1,0.98388671875
douyin-test-002795,1,有没有原箱的,该用户是在询问商品是否有未拆封的整箱包装可供购买。,询问是否有未拆封的原装产品。,1,0.9775390625
douyin-test-002818,1,带链子?,该用户可能在询问主播是否会上架或展示带有链子的饰品（如项链、手链等），并希望获得购买链接或进一步了解产品信息。,弹幕在询问是否有带链子的款式。,1,0.96435546875
douyin-test-002821,0,我失明好了[舔屏],该用户想表达的含义是：这款产品让我眼前一亮，非常吸引我。,弹幕在表达一种夸张的羡慕和对商品的喜爱之情。,0,0.04522705078125
douyin-test-002832,0,"我是女娲,我来补",该用户想表达的含义是：我是来抢购补货商品的。  （结合直播间的玉石珠宝主题和频繁提及的“手串”“无事牌”等商品，用户用“女娲补天”的梗幽默暗示自己准备参与抢购，尤其是针对可能补货或热卖的商品。）,弹幕是在借用女娲补天的典故，表达对主播或直播内容的赞美和期待。,0,0.07171630859375
douyin-test-002839,1,直切和田玉手串上一下!,该用户急切希望主播尽快展示或上架直切款式的和田玉手串商品。,弹幕在催促主播直接展示和田玉手串的细节。,1,0.955078125
douyin-test-002859,1,跪求一千左右手镯,该用户急切地想要购买一款价格在一千元左右的玉镯，并希望主播能推荐或上架符合预算的产品。,弹幕希望以约一千元的价格购买一款手镯。,1,0.9736328125
douyin-test-002862,0,猫没活着[捂脸][捂脸][捂脸][捂脸],该用户可能是在调侃或自嘲自己没能抢到直播间里展示的某款商品（比如猫眼手链或其他饰品），用幽默的方式表达遗憾和无奈。,弹幕是在表达对之前提到的“猫没活着”的无奈和遗憾情绪。,0,0.09844970703125
douyin-test-002873,1,"老郑,男士介子",该用户是在询问主播“老郑”是否有适合男士佩戴的戒指款式。,老郑，这位男士在回应之前的互动。,1,0.607421875
douyin-test-002892,0,不服就干他,该用户想表达的含义是：支持主播强硬的态度或行动，鼓励直接采取对抗或竞争手段。  （结合前文弹幕中频繁出现的“支持”“说的对”“干就行了”等互动，可推断直播间氛围偏向激昂或对抗性场景，用户通过简短口号式弹幕附和主播立场，表达情绪共鸣而非具体购买意愿。）,当前弹幕表达的是对之前言论的不满，带有挑战和对抗的情绪。,0,0.0850830078125
douyin-test-002893,0,那个人两天没播了,该用户可能在表达对某位主播缺席直播的不满或担忧，暗示希望该主播尽快回归以继续带货或互动。,有人提到主播已经两天没有直播了。,0,0.06597900390625
douyin-test-002962,1,"千手观音红皮,郑总",该用户可能在询问主播（郑总）展示的“千手观音红皮”玉石商品的相关信息或表达购买意向。,弹幕在询问郑总是否拥有千手观音红皮这款产品。,1,0.97119140625
douyin-test-003006,0,已拍加急,该用户想表达的含义是：我已经下单并选择了加急配送服务。  （结合前文语境，直播间讨论的多是商品质量、种类和下单情况，用户用“已拍加急”简洁表明自己完成购买且对收货时效有需求，符合直播间的交易导向氛围。）,用户已经下单并选择了加急配送。,0,0.06158447265625
douyin-test-003010,0,把你上架,该用户想表达的含义是：催促主播尽快将提到的商品上架销售。,弹幕希望主播将商品上架。,0,0.1431884765625
douyin-test-003013,0,退运费,该用户可能是在询问或要求商家提供退货运费的相关政策或服务。,弹幕希望了解退货时的运费政策。,0,0.1016845703125
douyin-test-003041,0,"滚粗,见一次骂一次",该用户对主播或品牌方存在强烈不满，可能因产品质量、虚假宣传等问题产生抵触情绪，意图通过攻击性言论宣泄愤怒并抵制相关商品。,弹幕在表达对主播的不满和愤怒情绪。,0,0.0701904296875
douyin-test-003046,1,小块的呢,该用户可能在询问商品是否有更小规格的包装可选。,询问巧克力是否为小块分装的款式。,1,0.98388671875
douyin-test-003077,0,欣姐要放大招了,该用户可能在期待主播即将展示或推出令人惊喜的新品或优惠活动。,观众认为欣姐即将推出吸引人的优惠或惊喜活动。,0,0.1231689453125
douyin-test-003079,1,"矮个子的上衣,再加点",该用户想表达的含义是：询问是否有适合小个子穿的上衣款式，并希望主播多推荐一些类似的选择。,矮个子女生适合的上衣，希望款式能再显高一些。,1,0.98388671875
douyin-test-003100,0,牛仔裤没有了,该用户想表达的含义是：牛仔裤的库存已经售罄，希望商家能补货。,当前弹幕表示观众发现之前提到的牛仔裤已经售罄，无法购买。,1,0.98681640625
douyin-test-003116,0,裤子再加[捂脸]卡了没拍到,该用户因网络卡顿错过了裤子的抢购机会，感到遗憾和无奈。,弹幕表示自己再次尝试抢购裤子但依然没能成功，感到无奈和遗憾。,0,0.3623046875
douyin-test-003120,1,推荐啥色,该用户想询问主播推荐适合自己肤色的服装颜色。,弹幕在询问主播推荐的裤子颜色。,1,0.9892578125
douyin-test-003125,0,裤子上点没抢到,该用户想表达的含义是：想买裤子但没抢到合适的尺码或款式。,弹幕在表达对裤子上衣部分没抢到的遗憾。,1,0.8564453125
douyin-test-003198,1,是外套还是皮肤衣,该用户是在询问当前展示的商品属于外套类别还是更轻薄的防晒皮肤衣类别，想确认产品的具体属性和功能。,弹幕在询问主播当前展示的衣物是外套还是皮肤衣。,1,0.9873046875
douyin-test-003214,1,蕾丝美背有吗,该用户是在询问直播间是否有售卖带有蕾丝设计的露背款式服装。,询问是否有蕾丝材质的美背设计款。,1,0.99365234375
douyin-test-003247,0,欣儿穿啥都好看,该用户想表达的含义是：主播的穿搭效果很好，让人对展示的服装产生好感。,弹幕在表达对欣儿穿搭的赞赏，认为她无论穿什么都很好看。,0,0.49462890625
douyin-test-003250,0,私服什么时候上,该用户是在询问主播的日常穿搭服饰何时会上架售卖。,弹幕在询问服装款式上架的时间。,0,0.3359375
douyin-test-003256,0,什么时候能发货,该用户想确认商品的发货时效以评估是否值得立即下单。,想知道商品的发货时间。,0,0.313232421875
douyin-test-003260,0,又没抢到,该用户因商品抢购失败而感到遗憾和失落。,之前的产品已经售罄，现在再次尝试购买却依然没有成功。,1,0.7060546875
douyin-test-003361,1,黄黑皮能穿这个白色吗,该用户是在询问白色服装是否适合肤色偏黄黑的消费者穿着。,黄黑皮想知道这个白色衣服是否适合自己穿。,1,0.9716796875
douyin-test-003364,1,身上的美背,该用户想表达的含义是：询问主播身上穿的内搭背心是否有单卖或购买链接。  （结合前文弹幕中频繁出现对服装细节、单件购买和主播同款的讨论，用户很可能在关注主播的穿搭单品并希望购买同款。）,弹幕在评论主播的背部造型，表达对主播身材或穿搭的赞赏。,0,0.33056640625
douyin-test-003565,1,这个背心厚吗?,该用户可能在询问背心的厚度是否适合当前季节或自己的穿着需求，以判断是否值得购买。,这位观众在询问背心的厚度，可能是想了解是否适合搭配其他衣物或是否适合自己的体型。,1,0.93896484375
douyin-test-003604,1,白色连衣裙,该用户可能是在询问白色款式的连衣裙是否有货或适合自己穿着。,有人在询问白色连衣裙的相关信息，可能是在确认款式或颜色是否符合需求。,1,0.98388671875
douyin-test-003610,1,还可以搭什么衣服?,该用户想询问当前展示的服装款式还有哪些搭配建议或推荐。,想知道这款衣服可以搭配哪些其他服饰来穿。,1,0.97119140625
douyin-test-003635,1,上衣还可以搭其它的吗?,该用户想询问这件上衣是否有更多样的搭配方案，以评估其购买后的实用性和穿搭可能性。,询问上衣是否可以搭配其他服饰。,1,0.99072265625
douyin-test-003645,1,我喜欢你的项链配饰,该用户对主播佩戴的项链款式感兴趣，暗示想了解商品详情或购买方式。,弹幕是在表达对主播佩戴的项链配饰的喜爱。,1,0.8857421875
douyin-test-003665,1,164拍哪个码,"该用户是在询问身高164cm的人应该选择哪个尺码购买。  （结合前文弹幕中频繁出现的尺码、搭配、断货等关键词，可推测当前直播间正在讨论服饰类商品，且用户对具体尺码选择存在疑问。""拍哪个码""是电商直播中常见的购买咨询句式，而""164""通常指向身高数据，用于服装尺码参考。）",询问身高164cm应该选择哪个尺码的上衣。,1,0.97607421875
douyin-test-003685,0,还可以,该用户可能觉得当前展示的商品还算不错，但并未表现出强烈的购买意愿或明确偏好。,当前弹幕是在对之前提到的服饰款式进行补充评价，表示整体还可以，没有特别突出的偏好。,1,0.6533203125
douyin-test-003714,0,萝卜青菜各有所爱[赞],该用户想表达的含义是：每个人对商品的喜好和选择标准各不相同，表示理解并尊重他人的偏好。,弹幕在表达对不同风格的包容和认可。,0,0.10723876953125
douyin-test-003726,1,私服全部上,"该用户希望主播将所有私服款式尽快上架展示或开售。  （解析：结合前文多次出现""要私服""""上私服""等催促性表达，且当前弹幕用""全部""强调范围，""上""为直播场景高频动作指令，整体语境显示用户对私服品类有明确购买意向并急切等待上新）",弹幕是在表达希望主播上架所有私服款式。,0,0.125732421875
douyin-test-003727,1,想要短袖套装裙,该用户希望购买一套包含短袖上衣和配套裙子的夏季服装套装。,弹幕用户表达了对短袖套装裙的购买意愿。,1,0.990234375
douyin-test-003808,1,没背会下漏吗,该用户可能是在询问“这款衣服的背部设计是否会有走光的风险”。  （结合前文弹幕中频繁出现的关于服装细节、搭配和实用性的提问，如“袖子”“腰带”“配鞋子”等，可推测用户关注的是产品本身的设计和穿着效果。目标弹幕中的“背”和“漏”更可能是对服装版型的担忧，而非字面背诵或遗漏含义。）,弹幕在询问腰带是否在穿着时会下滑。,0,0.3369140625
douyin-test-003844,1,有没有短款,该用户是在询问主播展示的商品是否有更短的款式或尺寸可供选择。,询问商品是否有短款款式，方便根据身材或穿搭需求选择。,1,0.98876953125
douyin-test-003847,1,配下白色腰带看看,该用户希望主播展示当前服装搭配白色腰带的效果。,弹幕希望看到主播搭配白色腰带的效果。,1,0.98681640625
douyin-test-003862,1,袖子放下来吧,该用户希望主播将袖子的部分展示出来以便更清楚地查看服装款式或穿着效果。,弹幕希望看到袖子下垂的展示效果。,0,0.057586669921875
douyin-test-003867,1,皮带开下,该用户想表达的含义是：希望主播展示一下皮带的款式或上身效果。,弹幕是在询问是否有可以搭配腰带的裤子。,1,0.9755859375
douyin-test-003923,1,还可以搭什么鞋子,该用户想询问当前展示的服装可以搭配哪些类型的鞋子来提升整体穿搭效果。,想知道这款裙子搭配什么鞋子更合适。,1,0.9833984375
douyin-test-003940,0,咋没袖子,该用户可能是在询问或吐槽当前展示的服装款式为何是无袖设计。,弹幕在询问当前展示的商品是否没有袖子的设计。,0,0.0767822265625
douyin-test-003945,0,怎么都是白色的,该用户可能是在抱怨直播间展示的商品颜色过于单一，缺乏其他颜色的选择。,弹幕在表达对主播穿着颜色单一的疑惑或轻微不满。,1,0.59521484375
douyin-test-003950,0,"欣姐,播播间没有的仿版配饰在哪里买[捂脸]",该用户想表达的含义是：询问主播能否提供直播间未展示的同款配饰购买渠道。  （解析：结合前文弹幕高频出现的“好看”“买”等关键词及对具体商品的询问，用户显然对直播商品有购买兴趣，但当前目标弹幕提到“仿版配饰”未在直播间出现，其核心诉求是希望主播补充或推荐类似商品，[捂脸]表情则可能隐含对缺货/未上架的调侃或急切心态。）,弹幕想询问直播间没有的仿版配饰在哪里可以购买。,1,0.888671875
douyin-test-003962,1,这套好看气质,该用户认为当前展示的服装款式既美观又符合优雅大方的风格特点。,这套装扮看起来很气质，适合想要展现优雅风格的观众。,1,0.9853515625
douyin-test-003994,0,"不能看你直播,看到你直播啥都想买",该用户想表达的含义是：主播的带货能力太强，导致自己忍不住想购买直播中展示的所有商品。,因为看到直播内容受到刺激，产生了购物冲动。,0,0.0445556640625
douyin-test-004006,1,可以再穿下三号吗?,该用户希望主播再次展示3号款式的试穿效果以便进一步评估是否购买。,询问是否可以搭配三号尺码进行穿搭。,1,0.982421875
douyin-test-004057,0,我拍了7件加急发货,该用户想表达自己已经下单购买了7件商品，并希望商家优先处理自己的订单尽快发货。,用户已经下单并支付，希望尽快收到商品。,0,0.12103271484375
douyin-test-004107,1,一套吗,该用户是在询问当前展示的商品是否为成套出售的组合款。,询问是否有一整套的产品。,1,0.98583984375
douyin-test-004128,1,一套吗,该用户是在询问当前展示的商品是否为套装组合出售。,弹幕在询问是否提供整套搭配方案。,1,0.98583984375
douyin-test-004163,0,哎米生日快乐,该用户是在主播生日祝福氛围中表达对主播的喜爱和庆贺，属于互动型情感表达而非商品咨询。,弹幕是在表达对艾米生日的祝福。,0,0.04058837890625
douyin-test-004167,1,有险险吗,该用户可能在询问商品是否有运费险或其他保障服务。,弹幕在询问是否有风险或隐患。,1,0.55908203125
douyin-test-004172,1,"163拍小个子,还是高个子",该用户想询问商品尺码是否适合身高较矮或较高的人群。,弹幕在询问主播的身高情况，可能是出于好奇或者想了解主播的身材特点。,1,0.72802734375
douyin-test-004192,1,远一点看看,该用户希望主播将镜头拉远或调整角度，以便更全面地查看商品的外观或细节。,弹幕希望更清楚地看到商品细节。,0,0.4453125
douyin-test-004200,1,有口袋吗屁股后面,该用户是在询问裤子的后侧是否有设计口袋。,询问产品是否有口袋设计，以及是否在屁股后面的位置有口袋。,0,0.30859375
douyin-test-004236,1,美背大胸能穿不,该用户是在询问主播展示的服装款式是否适合身材较为丰满、胸部较大的女性穿着。,询问自己身材是否适合这款衣服。,1,0.98291015625
douyin-test-004242,1,单独的内搭蕾丝有吗?,该用户想询问直播间是否售卖可以单独搭配的蕾丝内搭单品。,询问是否有单独的内搭蕾丝款式。,1,0.99365234375
douyin-test-004287,0,没有了,该用户想表达的含义是：商品已经售罄或想要的尺码/款式没有了。,当前弹幕表示商品已经售罄，无法继续购买。,1,0.9404296875
douyin-test-004333,1,黄皮推荐什么颜色,该用户想询问适合黄皮肤人群使用的产品色号推荐。,黄皮用户询问适合自己的颜色选择建议。,1,0.98779296875
douyin-test-004358,1,"美背,胸大能穿不",该用户是在询问这款美背款式的内衣是否适合胸部较大的身材穿着。,询问这件衣服是否适合胸部较大的人群穿着。,1,0.9736328125
douyin-test-004381,1,身上衣服要,该用户可能是在询问主播身上穿的同款衣服是否有货或如何购买。,当前弹幕是在询问主播当前所穿的衣服款式或类型。,1,0.93017578125
douyin-test-004396,1,今天你身上穿的一身白的私服有吗,该用户是在询问主播身上穿的白色私服是否在直播间有售。,询问主播今天是否穿着一身白色私服。,1,0.818359375
douyin-test-004406,0,生日礼物,该用户可能在询问是否有适合作为生日礼物的商品推荐。,有人在寻找合适的礼物作为生日礼物。,0,0.04864501953125
douyin-test-004420,1,精华精华[色],该用户想表达的含义是：对精华产品表现出强烈的兴趣和喜爱。,弹幕在表达对产品效果的满意和喜爱。,1,0.984375
douyin-test-004439,1,等这个等好久了,该用户想表达的含义是：对当前直播中出现的商品期待已久，表现出强烈的购买意愿。,这单商品已经期待很久了,0,0.064697265625
douyin-test-004454,0,生日快乐啊,该用户是在直播间生日主题的互动氛围中，向主播或品牌方表达祝福并暗示对生日相关产品的兴趣。,当前弹幕是回应前文中的“生日快乐”，表达对生日祝福的认同和互动。,0,0.032318115234375
douyin-test-004460,1,"哥,泥膜呢,啥时候上啊",该用户急切询问主播泥膜产品的上架时间，表现出明确的购买意向和期待。,这位观众在询问泥膜的产品上架时间，可能是在等待购买或了解产品更新信息。,1,0.94677734375
douyin-test-004462,0,下午好下午好,该用户可能是在打招呼的同时融入直播间的互动氛围，并无明确购买意向。,当前弹幕是主播在直播开始时向观众打招呼，表达问候和欢迎。,0,0.039276123046875
douyin-test-004466,0,生日礼物生日礼物,该用户可能在询问直播间是否有适合作为生日礼物的产品推荐或促销活动。,弹幕在重复强调生日礼物，表达对礼物的重视和期待。,0,0.06988525390625
douyin-test-004501,1,没链接了,该用户想表达的含义是：商品购买链接失效或售罄，无法下单。,弹幕在表达当前商品已无购买链接，无法进行购买操作。,1,0.51904296875
douyin-test-004519,0,主播太给力了,该用户想表达的含义是：对主播的推荐或促销力度感到非常满意和赞赏。,观众对主播的直播表现表示认可和赞赏。,0,0.043212890625
douyin-test-004520,0,生日礼物生日礼物生日礼物,该用户可能在暗示主播推荐适合作为生日礼物的产品，或询问当前展示的商品是否适合当作生日礼物送人。,弹幕在表达希望主播送生日礼物的愿望。,0,0.09503173828125
douyin-test-004537,1,泥膜和控油乳,该用户可能在询问或关注直播间正在介绍的泥膜和控油乳产品的具体信息或使用效果。,当前弹幕是在补充说明之前提到的生日礼物，表示收到的礼物中还包括泥膜和控油乳。,1,0.99072265625
douyin-test-004658,1,洗发水洗发水洗发水洗发水洗发水洗发水洗发水洗发水洗发水洗发水洗发水洗发水,该用户可能是在强烈催促主播介绍或上架洗发水产品，表达迫切想要了解或购买的意愿。,当前弹幕是在重复强调对洗发水的关注和需求，可能是在表达对洗发水的喜爱或希望获得更多产品。,1,0.990234375
douyin-test-004679,1,黑玫瑰精油[比心][比心][比心]黑玫瑰精油[比心][比心][比心]黑玫瑰精油[比心][比心][比心],该用户想表达的含义是：对黑玫瑰精油产品表现出强烈的喜爱和购买意愿。  （结合前文弹幕中多次提及“黑玫瑰精油”且搭配[比心]表情，可推断用户高度关注该产品，并可能希望通过重复弹幕引起主播注意或强调需求。）,弹幕在表达对黑玫瑰精油的喜爱和推荐，通过重复提及产品名称并使用比心表情来强调情感倾向。,1,0.97802734375
douyin-test-004780,0,"福袋,福袋,福袋",该用户急切希望参与直播间发放的福利活动，期待获得福袋奖励。,弹幕在强调对福袋的期待和关注。,1,0.908203125
douyin-test-004784,1,有没有沐浴露啊?,该用户是在询问直播间是否会上架沐浴露产品，表达了对该商品的购买意向。,弹幕在询问当前是否有沐浴露产品。,1,0.9931640625
douyin-test-004790,1,之前的蓝面膜怎么办,该用户是在询问之前提到的蓝色面膜是否还会继续销售或使用，担心自己现有的蓝面膜与当前直播推荐的产品如何搭配或替代。,之前购买的蓝色面膜现在该如何处理。,1,0.96630859375
douyin-test-004887,0,生日礼物,该用户可能在询问直播间是否有适合作为生日礼物的产品推荐或优惠活动。,继续表达对生日礼物的期待和关注。,0,0.04864501953125
douyin-test-004914,1,啥时候上洗面奶,该用户是在询问直播间何时会上架洗面奶产品，表现出对该品类有明确的购买意向和期待。,弹幕在询问接下来是否会介绍洗面奶产品。,1,0.99169921875
douyin-test-004983,1,果酸身体乳,该用户可能是在询问或表达对果酸身体乳这款产品的兴趣，想了解其功效或购买方式。,观众在推荐一款含有果酸成分的身体乳产品。,1,0.99072265625
douyin-test-004997,0,没有了,该用户想表达的含义是：商品已经售罄或抢购结束了。  （结合前文弹幕中频繁提及的“蛋黄油”等商品关键词以及类似“没了……”的表述，可推断用户是在感叹或确认商品缺货状态。）,弹幕表示之前提到的内容已经全部说完，没有更多补充。,1,0.9404296875
douyin-test-004999,1,洗面奶,该用户可能在询问或提醒主播介绍当前正在讨论的洗面奶产品，或是表达对洗面奶的兴趣和关注。,有人在推荐洗面奶产品。,1,0.99267578125
douyin-test-005024,1,换包装了?,该用户可能是在询问产品是否更换了包装设计，暗示对产品本身的熟悉和持续关注，并想确认当前售卖的是否为新版本。,弹幕在询问产品是否更换了包装。,1,0.83544921875
douyin-test-005030,1,拍不到,该用户想表达的含义是：商品抢购速度太快，自己没能成功下单。,担心无法抢到商品，可能因为库存不足或抢购人数多导致。,0,0.1519775390625
douyin-test-005036,1,精华水,该用户可能是在询问或强调直播间正在介绍的精华水产品，表达对其功效或购买细节的关注兴趣。,当前弹幕是在补充之前提到的护肤品，表示对精华水的关注或需求。,1,0.9912109375
douyin-test-005048,1,咋么用,该用户想询问产品的具体使用方法或适用场景。,当前弹幕是在询问产品使用方法，可能是在确认是否是沐浴露或如何正确使用。,1,0.94140625
douyin-test-005054,1,蛋黄油,该用户可能是在询问或提及与“蛋黄油”相关的产品信息或使用效果。,当前弹幕是在回应前文提到的蛋黄霜，表达对蛋黄油产品的关注或期待。,1,0.9833984375
douyin-test-005109,1,去油吗,该用户是在询问产品是否具有控油或清洁油脂的效果。,当前弹幕是在询问产品是否具有去油效果。,1,0.81591796875
douyin-test-005110,1,油头适用吗,该用户想询问该产品是否适合油性发质使用。,询问这款产品是否适合油性头皮使用。,1,0.99072265625
douyin-test-005172,1,水乳霜三件套有吗?,该用户是在询问直播间是否有售卖水乳霜三件套护肤产品。,观众在询问是否有水乳霜三件套的产品。,1,0.994140625
douyin-test-005173,0,盛世炜虹文化,该用户可能在询问或催促某个名为“盛世炜虹文化”的产品是否会上架或何时开卖。,弹幕是在表达对主播的赞赏和支持。,0,0.29296875
douyin-test-005176,0,花了4000多了,该用户想表达的含义是：我已经在这场直播中消费了相当多的金额，可能有些犹豫或感慨。,弹幕在表达对商品价格的惊讶和对花费的感慨。,0,0.0823974609375
douyin-test-005182,1,香皂在哪里老板,该用户是在询问主播当前展示或提到的香皂产品的具体购买链接或位置，表现出明确的购买意向和急切想找到商品的心理。,弹幕在询问商品香皂的位置，希望主播能展示或引导查看。,1,0.98388671875
douyin-test-005245,1,牙膏牙膏牙膏牙膏,该用户想表达的含义是：强烈催促主播上架或介绍牙膏产品。  （结合前文弹幕中高频重复商品名的模式，如“洗面奶”“眼霜”“防晒”等，均属于用户急切要求提及或购买某产品的典型表达，因此“牙膏”的重复同样指向明确的购买意向或需求。）,当前弹幕可能是想询问产品是否适合用于牙齿清洁。,1,0.9921875
douyin-test-005268,1,能擦脸吗,该用户是在询问产品是否适合用于面部护肤。,询问产品是否适合用于面部清洁。,1,0.9833984375
douyin-test-005272,1,素颜霜,该用户可能是对素颜霜产品产生兴趣，想询问产品详情或表达购买意向。,当前弹幕是在直播中看到素颜霜产品后，表达出对产品的关注或购买意愿。,1,0.9921875
douyin-test-005278,0,让我中个福袋吧,该用户希望通过参与直播间的抽奖活动获得免费福利。,弹幕希望获得一个抽奖或福利机会。,0,0.0892333984375
douyin-test-005331,0,还没来得及,该用户想表达的含义是：还没赶上直播间的商品上架或抢购。,还在等待商品补货或上架。,0,0.11968994140625
douyin-test-005357,1,牙膏牙膏牙膏牙膏牙膏牙膏牙膏牙膏牙膏牙膏牙膏牙膏牙膏牙膏牙膏牙膏牙膏牙膏牙膏牙膏牙膏牙膏牙膏牙膏牙膏,该用户急切催促主播尽快介绍或上架牙膏产品。,弹幕在重复强调对牙膏的关注或需求。,1,0.9775390625
douyin-test-005364,0,"西藏不发货,中个福袋吧",该用户因所在地区无法收货而转向参与抽奖活动，表达了一种无奈妥协的心态。,弹幕在重复强调西藏地区不发货，并希望获得福袋奖励。,0,0.10870361328125
douyin-test-005453,1,清洁泥膜,该用户可能在询问直播间是否有清洁泥膜这款产品，或是想了解关于清洁泥膜的使用效果和推荐。,弹幕在询问之前提到的清洁泥膜产品。,1,0.986328125
douyin-test-005506,1,再说一遍好吗?来迟了不知道怎么用,该用户希望主播重新讲解产品的使用方法，因为自己刚进直播间没听到之前的介绍。,用户因错过前面的讲解，请求再次说明产品使用方法。,0,0.25439453125
douyin-test-005509,1,哪面往脸上敷,该用户想确认面膜的正确使用方法，询问应该将哪一面贴在脸上。,弹幕在询问面膜的正确使用方向，即应该将面膜的哪一面贴在脸上。,1,0.900390625
douyin-test-005563,1,这个多久敷一片啊,该用户是在询问这款面膜的使用频率，即每次敷面膜的间隔时间是多久。,用户想知道这款面膜单片的使用时长。,1,0.95849609375
douyin-test-005570,1,敷完还要擦水乳吗,该用户想询问使用当前产品后是否需要叠加其他护肤品来完成后续护肤步骤。,用户想知道使用面膜后是否还需要继续使用水乳产品。,1,0.98974609375
douyin-test-005576,1,衣服看看,该用户想表达的含义是：想看看主播展示或详细介绍衣服的款式和细节。,想了解当前上架的服装款式。,1,0.98779296875
douyin-test-005594,1,睡衣尺码,该用户想询问主播关于睡衣的尺码选择或是否有具体尺码表可供参考。,弹幕在询问睡衣的尺码信息。,1,0.990234375
douyin-test-005603,1,油霜还可以开团吗,该用户想询问油霜产品是否还能参与当前的团购活动。,弹幕在询问当前推荐的油霜是否可以进行团购。,1,0.9931640625
douyin-test-005607,1,哺乳期能用吗,该用户是在询问产品是否适合哺乳期女性使用，以确认安全性。,询问在哺乳期间是否可以使用该产品。,1,0.99267578125
douyin-test-005616,1,干皮能用油霜吗,该用户是在询问干性皮肤是否适合使用主播推荐的油霜产品。,弹幕在询问干性皮肤是否适合使用这款油霜。,1,0.9921875
douyin-test-005629,1,晚上敷完之后正常再用精华、眼霜、和面霜吗,该用户是在询问使用该面膜后是否还需要按照常规的晚间护肤步骤（精华、眼霜、面霜）进行后续护理。,观众想知道晚上使用面膜后是否还需要继续使用精华、眼霜和面霜。,1,0.97998046875
douyin-test-005662,0,姐姐减肥总减不下来怎么办啊啊啊一直在焦虑,该用户可能是在借减肥话题委婉询问直播间是否有相关瘦身产品或解决方案，同时表达对身材管理的焦虑情绪。,当前弹幕是观众在直播中表达自己因减肥不成功而产生的焦虑情绪。,0,0.042449951171875
douyin-test-005694,0,不洗脸会干嘛?,"该用户可能是想询问""如果不使用当前介绍的产品（如洁面产品）会有什么不良后果""，表达了对产品功效的关注和潜在的购买犹豫。",询问不洗脸后是否需要进行后续护肤步骤。,0,0.331298828125
douyin-test-005710,1,用法说一下,该用户想了解产品的具体使用方法或操作步骤。,想了解这款面膜的正确使用方法。,1,0.98291015625
douyin-test-005724,0,"又喝可乐又喝奶茶.不会胖,好羡慕",该用户可能在感叹主播保持身材的能力，并间接表达对主播推荐产品的信任或对健康生活方式的向往。,当前弹幕可能是表达对他人不胖的羡慕，同时暗示自己可能有类似饮食习惯但未增重。,0,0.08367919921875
douyin-test-005727,0,眼袋是不是只能割啊,该用户可能是在询问去除眼袋是否只能通过手术方式解决，暗示对相关美容产品或护理方法有潜在需求。,弹幕在询问眼袋问题是否有其他解决方法，而非只能通过手术解决。,0,0.11846923828125
douyin-test-005754,1,鼻翼鼻尖起皮的油有推荐吗,该用户想表达的含义是：想咨询适合解决鼻部干燥起皮问题的护肤产品推荐。,鼻翼和鼻尖干燥起皮的油性肌肤在寻找适合的护肤产品推荐。,1,0.9912109375
douyin-test-005755,1,讲讲油呗,该用户希望主播详细讲解关于护肤油产品的功效、适用肤质或使用方法等信息。,当前弹幕是希望主播详细介绍油类产品。,1,0.98876953125
douyin-test-005765,1,买了面膜想听下眼膜,该用户想表达的含义是：已经购买了面膜，现在想了解眼膜产品的相关信息以便考虑购买。,用户在购买面膜后，希望了解眼膜的相关信息。,1,0.98779296875
douyin-test-005782,1,推荐那款防晒,该用户希望主播详细介绍某款防晒产品的功效或使用体验，以便判断是否适合自己购买。,当前弹幕是在请求推荐具体的防晒产品。,1,0.99267578125
douyin-test-005787,1,求推荐防晒霜,该用户希望主播能针对防晒霜品类给出具体的产品推荐或使用建议。,当前弹幕是希望得到防晒霜的推荐。,1,0.9921875
douyin-test-005802,0,我没有,该用户想表达的含义是：自己没有使用或购买过当前讨论的产品（如防晒、面霜等）。,当前弹幕是在回应之前的关于防晒产品的问题，表示自己没有使用防晒。,0,0.31298828125
douyin-test-005809,1,不出门用涂吗?,该用户是在询问“如果不出门是否需要涂抹防晒产品”。,用户在询问是否在不出门的情况下也需要使用防晒产品。,1,0.98876953125
douyin-test-005847,0,"辣眼睛,碰到眼睛流眼泪",该用户可能在抱怨产品使用后对眼睛产生刺激不适感。,当前弹幕表示观众在观看直播时，因屏幕画面过于刺眼或有强烈光线反射，导致眼睛不适，甚至出现流泪的情况。,0,0.05126953125
douyin-test-005855,1,第一次刷到你.我想要你两半的面膜,该用户想表达的是：刚进入直播间就被主播推荐的面膜吸引，想购买主播展示的那款分片式面膜。,这位观众第一次看到直播，表达了对主播的喜欢，并希望得到主播一半的面膜。,0,0.498046875
douyin-test-005891,1,可以和水光霜一起用吗,该用户是在询问当前产品是否能与水光霜搭配使用，以确认产品的兼容性或使用顺序。,用户想知道这款产品是否可以搭配水光霜同时使用。,1,0.99365234375
douyin-test-005902,1,定妆喷雾有没有试用装啊,该用户想询问定妆喷雾是否有小样可供尝试购买。,弹幕在询问是否有定妆喷雾的试用装可以尝试。,1,0.9931640625
douyin-test-005910,0,刚收到挺好用的呢不输我之前用的大牌哦[比心],"该用户想表达的含义是：对产品效果表示满意，认为其品质可媲美高端品牌并给予正面反馈。  （分析依据：结合前文弹幕中多次出现的购买反馈（如“我买了,很好用”“防晒买了,真的好用”）及产品功效讨论，该用户通过对比大牌强调实用性，属于典型的使用后认可型评价，动机在于强化产品口碑并间接推荐。）",用户确认收到防晒产品并表示满意，认为其效果不输之前使用的大牌产品。,1,0.90673828125
douyin-test-005946,1,防晒霜需要卸吗?,该用户可能是在询问防晒霜的使用后是否需要额外卸妆步骤，以确认产品的使用方法和护理流程。,用户想知道使用防晒霜后是否需要进行卸妆步骤。,1,0.98876953125
douyin-test-005972,1,眼油真的能除皱吗?,该用户对眼油的实际功效存在疑虑，想确认其除皱效果是否属实。,观众想知道眼油产品是否具有淡化皱纹的效果。,0,0.304443359375
douyin-test-005994,1,衣服谁家的,该用户是在询问直播中展示的衣服是哪家品牌或店铺的，表现出对商品来源的关注和潜在的购买意向。,当前弹幕是在询问直播间中展示的衣服品牌。,1,0.97265625
douyin-test-006000,0,有点像杨幂,该用户可能是在评论主播的外貌或气质与明星杨幂相似，而非直接表达对产品的购买兴趣。,当前弹幕是在表达对产品质地或效果的直观感受，认为其与杨幂的某种特质相似。,0,0.1668701171875
douyin-test-006036,1,能讲一下眼油吗,该用户想询问主播详细介绍眼部精华油的功效或使用方法。,观众想了解主播对眼油产品的详细介绍和使用建议。,1,0.9873046875
douyin-test-006044,0,我也在边缘试探了,该用户想表达的含义是：我对某个产品有点心动但还在犹豫要不要下单。  （结合前文弹幕中频繁出现的产品咨询、使用反馈和购买意向，如“面膜还有没有”“12号链接有活动”等，可推断“边缘试探”是用户用调侃语气表达对某商品的潜在购买兴趣，但尚未完全下定决心。）,我也是在尝试寻找适合自己的产品。,0,0.061248779296875
douyin-test-006046,0,大爱,该用户想表达的含义是：对当前展示的产品或主播的表现非常喜爱和赞赏。,对产品非常喜爱和认可,0,0.11444091796875
douyin-test-006111,1,需要卸装不,该用户是在询问直播中提到的产品是否需要卸妆步骤。,弹幕是在询问是否需要卸妆和卸掉假睫毛。,1,0.578125
douyin-test-006142,0,"想想想,想想,想想,想想",该用户想表达的含义是：非常想要购买当前直播中推荐的产品。,弹幕在表达对主播或商品的强烈喜爱和期待。,0,0.11639404296875
douyin-test-006143,1,水光霜下链接了吗?,该用户是在询问主播是否已经上架了水光霜的购买链接，表现出明确的购买意向和急切想要下单的心理。,弹幕想知道主播是否已经发布了水光霜的购买链接。,1,0.9931640625
douyin-test-006160,1,雪啊!你说的油霜是哪个?,该用户是在询问主播刚才提到的某款油霜产品的具体名称或购买链接。,弹幕在询问之前提到的油霜具体是哪一款产品。,1,0.98828125
douyin-test-006180,1,有定妆粉么,该用户是在询问直播间是否有售卖定妆粉产品，表现出对这类美妆用品的具体购买意向。,询问是否有定妆粉产品可供推荐。,1,0.9931640625
douyin-test-006251,0,有黑头怎么处理雪雪[流泪][流泪][流泪][流泪][比心][比心][比心][比心][比心][比心][比心][比心][比心],该用户想表达的含义是：急切寻求解决黑头问题的方法，并希望通过主播的推荐获得有效产品。,弹幕用户正在表达自己有黑头的问题，并希望得到处理建议，同时通过表情传达出焦急和期待的情绪。,0,0.081298828125
douyin-test-006283,1,是六盒嘛?,该用户是在确认产品是否为六盒装规格。,弹幕在询问之前提到的艾克拉迪丹修护舒缓保湿水光面霜是否是六盒装。,1,0.99072265625
douyin-test-006318,1,你应该说一下怎么用,该用户希望主播详细讲解产品的具体使用方法或操作步骤。,弹幕希望了解产品使用方法的具体指导。,1,0.685546875
douyin-test-006334,1,三明治怎么用?[比心][比心][比心][比心],该用户可能是在询问直播中提到的“三明治”产品的使用方法，并附上表情符号表达对产品的兴趣或对主播的喜爱。,弹幕在询问三明治产品的使用方法，并表达了喜爱和认可。,1,0.9599609375
douyin-test-006373,1,口红有吗,该用户是在询问直播间是否有口红产品在售或推荐。,询问是否有口红产品出售,1,0.99169921875
douyin-test-006396,1,怎么没有你说的灌肤呢面膜,该用户想表达的含义是：主播之前提到的灌肤面膜为什么在直播中没看到或没介绍。,弹幕在询问之前提到的灌肤面膜为何没有出现。,1,0.9775390625
douyin-test-006406,0,你在吃什么呀,该用户可能是在询问主播正在展示或使用的产品是什么，暗示对当前直播内容感兴趣并想进一步了解产品细节。,弹幕在询问主播当前的饮食情况。,0,0.0780029296875
douyin-test-006414,1,胶原蛋白是哪一款,该用户想询问直播间正在介绍的胶原蛋白产品具体对应哪个商品链接或款式。,弹幕想知道主播正在介绍的胶原蛋白产品具体是哪一款。,1,0.9921875
douyin-test-006426,1,姐姐有没有推荐给高中生的补水面膜,该用户是在询问主播是否有适合高中生使用的补水面膜推荐，表现出明确的购买意向和需求。,这位观众在询问适合高中生使用的补水面膜推荐。,1,0.99267578125
douyin-test-006448,0,怎么那么好看呀,该用户是在夸赞直播展示的某款产品外观吸引人，暗示对产品产生了兴趣或购买意向。,弹幕在表达对产品外观的赞赏和好奇。,1,0.9140625
douyin-test-006461,0,姐姐姐姐黑眼圈怎么办,该用户是在询问主播推荐针对黑眼圈问题的护肤产品或解决方案。,弹幕在询问如何改善黑眼圈问题。,0,0.06451416015625
douyin-test-006471,0,"姐姐,真好看,那項鍊～",该用户被主播佩戴的项链吸引，流露出对商品的欣赏和潜在的购买兴趣。,弹幕在表达对主播佩戴的项链感到欣赏和赞美。,1,0.95458984375
douyin-test-006488,0,主打就是一个叛逆[捂脸],该用户是在用调侃的语气表达自己反常规的消费态度，可能是对直播间主推的某款产品或常规护肤流程提出幽默的异议。,当前弹幕表达的是对某种行为或态度的自嘲式认同，带有不按常理出牌的个性展现。,0,0.10528564453125
douyin-test-006500,1,外套有吗?,该用户是在询问直播间是否售卖外套类商品，表达了对该品类产品的购买意向。,询问是否有外套商品在售。,1,0.9921875
douyin-test-006515,1,法令纹严重用什么面膜,"该用户想表达的含义是：针对法令纹问题寻求适合的面膜产品推荐。  （结合前文弹幕中高频出现的护肤问题（如干皮、油痘肌、颈纹、黑眼圈等）和具体产品询问（如""1号面膜""""美白面膜""），可推断用户是在直播间主动提出自身护肤需求，并期待主播或品牌方提供解决方案，属于明确的购买兴趣导向提问。）",用户询问针对法令纹问题的面膜推荐。,1,0.99072265625
douyin-test-006542,0,黑眼圈大,该用户可能是在询问针对黑眼圈问题的护肤产品或解决方案。,弹幕在表达自己眼下有明显的黑眼圈。,0,0.1556396484375
douyin-test-006639,1,用完再有水乳霜吗,该用户想询问当前推荐的水乳霜产品使用完后是否有后续同系列的替代产品或推荐搭配使用的护肤品。,弹幕在询问使用完产品后是否还需要搭配水乳霜使用。,1,0.9931640625
douyin-test-006662,1,防晒真的好用,该用户是在认可主播推荐的防晒产品效果不错，可能暗示自己也有购买意向或已使用过同类产品。,弹幕是在表达对防晒产品使用效果的满意和认可。,1,0.978515625
douyin-test-006682,0,眼袋眼袋有好方法吗,该用户想询问是否有针对眼袋问题的有效解决方案或产品推荐。,询问缓解眼袋问题的方法,0,0.286376953125
douyin-test-006684,1,灌注面膜是什么品牌,该用户是想询问主播推荐的面膜品牌，表现出对产品具体信息的购买兴趣。,当前弹幕是在询问灌注面膜的具体品牌信息。,1,0.99267578125
douyin-test-006730,1,设这是睡衣吗,该用户想确认直播中展示的商品是否为睡衣款式。,弹幕在询问当前展示的产品是否为睡衣。,1,0.9912109375
douyin-test-006757,1,护手霜有货没有?,该用户是在询问护手霜的库存情况，暗示有购买意向并希望确认商品是否可下单。,当前弹幕是在询问护手霜是否有库存。,1,0.99072265625
douyin-test-006784,1,18号介绍一下,该用户想询问主播关于18号产品（可能是美容项目或商品）的详细信息。,当前弹幕是希望主播介绍18号产品。,1,0.99267578125
douyin-test-006801,1,面霜推荐一下,该用户希望主播能针对面霜产品给出具体的购买建议或推荐。,观众希望了解主播对面霜的推荐意见。,1,0.9931640625
douyin-test-006814,0,水蜜桃是个什么平台[捂脸],该用户可能是对直播中突然提到的“水蜜桃”平台感到困惑，误以为是与当前美容话题相关的新产品或机构，因此用调侃语气询问其含义。,弹幕在询问水蜜桃平台的具体情况，可能对平台不太了解或有疑虑。,1,0.78271484375
douyin-test-006837,0,受损了怎么办,该用户可能是在询问产品使用过程中出现损伤情况时的处理方法，隐含对产品安全性的顾虑或售后服务的需求。,当前弹幕是在询问皮肤受损后的处理方法。,0,0.067138671875
douyin-test-006855,1,痘印用什么好.美女,该用户想询问针对痘印问题的有效产品或解决方案，并可能希望主播推荐或演示相关产品。,询问痘印修复产品推荐，同时对主播表示赞美。,1,0.990234375
douyin-test-006866,0,你睫毛怎么这么长,该用户可能是对主播的睫毛效果产生兴趣，想询问使用的产品或护理方法。,弹幕在询问主播睫毛长度，可能对自身睫毛状态感到好奇或有美容需求。,0,0.048095703125
douyin-test-006869,1,姐姐长痘痘用哪个,该用户想询问主播推荐适合青春期或年轻肌肤使用的祛痘产品。,当前弹幕是询问姐姐在长痘痘的情况下适合使用哪种产品。,1,0.98974609375
douyin-test-006895,0,凹陷呢?,该用户可能在询问主播关于面部填充或皮肤凹陷改善的医美项目或产品。,当前弹幕是在询问关于凹陷肌肤的护理建议。,0,0.398681640625
douyin-test-006915,1,"新粉,介绍下面膜好用吗?",该用户作为新观众想了解主播推荐的面膜效果如何，是否有购买价值。,新入坑的用户想了解面膜的使用效果。,1,0.9931640625
douyin-test-006934,0,雪雪对我钱包比较友好[比心][比心][比心][比心][比心],该用户想表达的含义是：这款产品价格亲民，让我很心动。  （结合语境，“雪雪”可能指主播或产品昵称，“对钱包友好”是价格实惠的委婉表达，[比心]表情强化了积极情绪，整体透露出因性价比高而产生的购买倾向。）,弹幕是在表达对商品价格实惠的满意和感谢。,0,0.060150146484375
douyin-test-006937,0,肉毒弄[比心][比心][比心][比心][比心][比心][比心][比心][比心][比心][比心][比心],该用户通过高频的[比心]表情和产品简称，强烈表达了对主播推荐的肉毒类医美产品的兴趣和认可，可能是对产品效果满意或有意向购买。,弹幕在表达对肉毒毒素效果的满意和赞赏。,0,0.2435302734375
douyin-test-006946,1,眼膜什么时候有眼膜什么时候有,该用户急切询问眼膜产品的上架时间，表现出明确的购买意向和需求。,弹幕在询问眼膜的上市时间或何时能购买到眼膜。,1,0.84716796875
douyin-test-006988,0,眼部保养姐姐,该用户想询问主播推荐的适合眼部护理的产品或护理方法。,弹幕在询问关于眼部保养的相关产品或建议。,0,0.169921875
douyin-test-007000,0,脸垮脸凹怎么办、打什么,该用户想询问如何解决面部松弛和凹陷问题，并希望主播推荐相应的美容产品或治疗方法。,当前弹幕是在询问如何改善脸部下垂和凹陷的问题，并询问适合的治疗方法。,0,0.1639404296875
douyin-test-007007,1,衬衫哪里买,"该用户想表达的含义是：询问直播间展示的衬衫商品购买渠道或下单方式。  （结合前文语境，弹幕多为针对直播内容的即时提问，涉及产品推荐、使用方法和效果咨询，因此""衬衫哪里买""属于典型的购买意向表达，核心诉求是获取购买信息而非单纯讨论商品。）",弹幕在询问主播推荐或购买衬衫的渠道。,1,0.982421875
douyin-test-007019,0,今天刚打的皮贴骨,该用户可能是在询问主播使用的护肤品或医美项目，暗示自己也有类似的面部皮肤问题需要解决。,当前弹幕是在表达自己皮肤状态极差，可能暗示需要护肤产品或关注皮肤健康。,0,0.1151123046875
douyin-test-007050,0,刚做完轮廓三件套,该用户可能是在分享自己刚完成医美项目（如面部轮廓整形），暗示对相关美容产品或服务的潜在兴趣。,刚做完轮廓三件套，可能是在表达对之前弹幕中提到的护肤或医美问题的回应，暗示自己已经采取了相关措施。,1,0.86083984375
douyin-test-007060,0,"做提升啊,脸垮很正常",该用户是在询问面部提升项目的效果，并表达对皮肤松弛现象的困惑和寻求解决方案的意图。,当前弹幕是在回应关于面部松弛和下垂的问题，表达对改善脸部松弛状态的关注和需求。,0,0.05426025390625
douyin-test-007064,0,眉上面有个黑点,该用户可能在询问主播关于眉毛上方出现的黑点的美容处理方法或产品推荐。,弹幕在询问眉毛上方是否有黑点的问题。,0,0.1236572265625
douyin-test-007103,1,毛孔粗大的,该用户想询问针对毛孔粗大问题的护肤产品或解决方案。,当前弹幕是在询问关于毛孔粗大的相关问题。,0,0.156005859375
douyin-test-007114,0,很吃妆是什么原因?,该用户可能是在询问化妆品（如粉底或遮瑕产品）为何容易脱妆或持妆效果不佳的原因。,用户想知道自己上妆后出现“很吃妆”现象的原因。,0,0.144287109375
douyin-test-007125,0,口角囊袋怎么办,该用户想表达的含义是：咨询如何解决嘴角皮肤松弛或下垂的问题。,当前弹幕是在询问关于口角囊袋的处理方法。,0,0.06787109375
douyin-test-007135,1,唇膏你用的是粉色还是蓝色,该用户想询问主播正在使用的唇膏颜色，可能是为了参考选择或确认产品效果。,当前弹幕是在询问主播使用的唇膏颜色，可能是想了解产品颜色选择或确认自己是否需要该颜色。,1,0.98779296875
douyin-test-007145,0,有斑怎么办?有斑怎么办?有斑怎么办?有斑怎么办?有斑怎么办?有斑怎么办?,该用户急切寻求解决面部色斑问题的产品或方法，表现出较强的护肤需求和潜在购买意向。,当前弹幕是观众对皮肤问题的持续关注和焦虑表达，希望得到关于斑的解决方案和专业建议。,0,0.11395263671875
douyin-test-007154,0,"我都快用完了,才知道怎么用",该用户想表达的含义是：自己在产品快用完时才掌握正确的使用方法，略带遗憾和感慨。  （结合前文弹幕中频繁出现的使用方法疑问和纠错内容，可推断用户可能因初期操作不当影响效果，如今才理解正确用法，隐含对产品效果的认可或对自身使用失误的懊恼。）,用户现在才意识到正确使用方法，但产品已经快用完了。,0,0.2763671875
douyin-test-007172,0,鼻子塌怎么办,该用户可能是在询问直播间推荐的产品或美容方法能否改善鼻部塌陷的问题。,弹幕在询问如何改善鼻子塌的问题。,0,0.07000732421875
douyin-test-007210,1,面膜有吗,该用户想询问直播间是否有面膜产品在售或推荐。,观众在询问当前商品是否有面膜这一单品。,1,0.9931640625
douyin-test-007215,1,讲一下用法,该用户想表达的含义是：希望主播详细讲解当前展示产品的使用方法。,想了解产品如何正确使用,1,0.9873046875
douyin-test-007226,0,祛斑祛斑,该用户想表达的是询问直播间是否有祛斑相关的产品或解决方案。,当前弹幕是在询问是否有针对祛斑效果的产品或项目。,0,0.2491455078125
douyin-test-007233,0,换地方了,该用户可能是在询问主播是否更换了直播场地或背景环境。,主播可能暂时离开当前直播间，建议观众关注其他直播动态。,0,0.07708740234375
douyin-test-007250,0,光子能一直做吗,该用户可能是在询问直播中提到的“光子”类产品或美容项目是否会长期持续提供或定期返场。,观众在询问光子护理项目是否可以持续进行，关注治疗的连续性和效果。,0,0.126220703125
douyin-test-007264,1,"要油,面霜",该用户想表达的含义是：询问或表示对直播间推荐的护肤油和面霜产品感兴趣。,弹幕在询问是否需要推荐滋润型的护肤产品。,1,0.98193359375
douyin-test-007276,1,5号面膜怎么用,该用户想询问5号面膜的具体使用方法，可能是对产品功效感兴趣或已购买需要指导。,询问5号面膜的使用方法。,1,0.9931640625
douyin-test-007285,1,洗头膏推荐,该用户希望主播能推荐一款适合自己使用的洗发产品。,当前弹幕是在询问关于洗头膏的推荐。,1,0.99267578125
douyin-test-007294,1,"还有你推荐的防晒超级好用,谢谢",该用户想表达的含义是：对主播之前推荐的防晒产品表示认可和感谢，暗示对主播的信任和可能继续关注其推荐。,观众在感谢主播推荐的防晒产品，并表达对其效果的认可。,1,0.96728515625
douyin-test-007322,0,耳钉耳钉,该用户想表达的含义是：询问或催促主播介绍或展示耳钉产品。,弹幕在提醒主播注意耳钉的佩戴情况。,1,0.98828125
douyin-test-007334,0,眼周的个别脂肪粒怎么办,该用户想咨询如何解决眼部周围脂肪粒的问题，可能对相关护肤产品或护理方法感兴趣。,询问如何处理眼周出现的个别脂肪粒问题,0,0.11688232421875
douyin-test-007347,1,大干皮用啥面膜,该用户是在询问适合干性皮肤使用的面膜推荐。,大干皮的姐妹在询问适合自己肤质的面膜推荐。,1,0.99072265625
douyin-test-007383,0,毛孔粗大用什么产品,该用户想表达的含义是：希望主播推荐针对改善毛孔粗大问题的护肤产品。,当前弹幕是在询问针对毛孔粗大问题的产品推荐。,1,0.9892578125
douyin-test-007392,1,胶原蛋白流失用什么,该用户可能在询问针对胶原蛋白流失问题的护肤产品推荐。,当前弹幕是在询问针对胶原蛋白流失问题的解决方案。,1,0.9892578125
douyin-test-007399,1,你口红是哪个链接[看],该用户想询问主播口红的购买链接，表达了对该产品的具体购买意向。,弹幕在询问主播当前展示的口红对应的商品链接。,1,0.97314453125
douyin-test-007468,1,189几张面膜呢,该用户是在询问189元的价格对应包含多少片面膜。,当前弹幕是在询问面膜的单价。,1,0.99267578125
douyin-test-007511,1,真的可以祛斑嘛[害羞],该用户是在询问产品的祛斑效果是否真实可靠，同时流露出对产品功效的期待和些许不确定的试探心理。,弹幕在询问产品是否真的有祛斑效果，同时表达了一定的不确定和期待。,0,0.1534423828125
douyin-test-007524,1,可以和大师面膜同时敷吗,该用户想询问当前介绍的产品是否可以与之前提到的大师面膜一起使用。,观众想知道是否可以同时使用这款产品和大师面膜进行护理。,1,0.9921875
douyin-test-007527,0,我脸特别黄,该用户可能是在询问适合改善暗黄肤色的产品推荐。,用户希望了解产品对改善肤色的效果。,0,0.059661865234375
douyin-test-007538,1,项链是谁家的,该用户想询问当前展示的项链是哪个品牌或商家的产品。,弹幕在询问直播间中展示的项链品牌信息。,1,0.96435546875
douyin-test-007579,1,一周贴几次?,该用户可能是在询问某款面膜或护肤产品的建议使用频率。,用户想知道这款产品使用频率的建议。,1,0.7314453125
douyin-test-007584,1,有祛斑功效吗,该用户是在询问直播推荐的产品是否具备淡化色斑的效果。,弹幕想知道这款产品是否有淡化色斑的效果。,1,0.951171875
douyin-test-007615,0,毛孔大出油,该用户可能在询问针对毛孔粗大和油性肌肤问题的护肤产品推荐。,用户可能在询问如何改善毛孔粗大和出油的问题。,0,0.1251220703125
douyin-test-007679,0,好想知道你女儿长什么样肯定被养得很好吧[流泪],该用户可能在表达对主播家庭生活的羡慕和情感共鸣，暗示对主播育儿方式的认可，而非直接的商品购买兴趣。,弹幕在表达对主播女儿的关心和对其家庭幸福的祝福。,0,0.045440673828125
douyin-test-007727,1,"眼底化妆了有细纹拍哪个链接,眼底化妆了有细纹拍哪个链接",该用户想询问针对眼部细纹问题的具体产品购买链接，表现出明确的购买意向和需求。,弹幕在询问有细纹且眼底化妆的情况下适合使用哪个产品的链接。,1,0.9423828125
douyin-test-007736,1,你的睡衣有链接吗,该用户是在询问主播身上穿的睡衣是否有对应的商品购买链接，表现出对睡衣款式的兴趣和潜在的购买意向。,询问主播是否有睡衣产品的购买链接。,1,0.984375
douyin-test-007774,0,用洗脸刷洗脸毛孔会越来越大吗,该用户担心使用洗脸刷会导致毛孔粗大，想确认产品的安全性或寻求护肤建议。,用户想知道使用洗脸刷是否会导致毛孔变大。,1,0.62255859375
douyin-test-007803,1,6号讲下,该用户希望主播详细介绍一下6号产品的相关信息。,弹幕是在提醒主播接下来的讲解内容会在6号进行。,1,0.99267578125
douyin-test-007821,0,queen女王皇后,"该用户可能在呼应主播展示的产品名称或品牌相关词汇，表达对""Queen""系列商品的关注或认同。",当前弹幕是在回应前文中的“queen”，表达对主播的赞美和认可，带有支持和互动的意味。,0,0.43359375
douyin-test-007822,0,女王吧,该用户是在确认或强调主播提到的产品名称“Queen”对应的中文含义是“女王”。,弹幕在表达对主播身份的认可和追随。,1,0.6552734375
douyin-test-007854,0,"今天用了一下洗面奶,挺清爽的",该用户想表达的含义是：对之前使用过的洗面奶表示满意，暗示可能考虑回购或推荐给他人。,观众在分享自己使用洗面奶后的感受，表达对产品使用体验的满意。,1,0.98193359375
douyin-test-007876,1,讲一下面霜,该用户希望主播详细介绍当前推荐的面霜产品的功效、适用肤质或使用方法。,观众希望主播详细介绍面霜的产品信息。,1,0.9931640625
douyin-test-007882,1,为什么直播里有安敏优的面膜但是点进橱窗里没有呀,该用户想表达的含义是：对直播中提到的安敏优面膜感兴趣，但在商品橱窗里找不到购买链接而感到疑惑。,弹幕在询问直播中提到的安敏优面膜为何在橱窗里找不到。,1,0.9541015625
douyin-test-007888,1,今天这睡衣不错哟,该用户对直播展示的睡衣产生了购买兴趣，认为款式或品质值得关注。,当前弹幕是在称赞直播中展示的睡衣款式不错。,1,0.98876953125
douyin-test-007914,0,关掉美颜看看,该用户可能是想确认主播的真实肤质或产品效果，对当前展示的美颜修饰存在疑虑，希望通过关闭美颜更客观地评估商品真实性。,弹幕希望主播在直播中关闭美颜功能，以更真实地展示自己的状态。,0,0.244873046875
douyin-test-007931,1,2号面膜看一下,该用户想表达的含义是：请主播展示或详细介绍2号面膜的产品信息。,弹幕想了解2号产品是否有面膜类型。,1,0.99365234375
douyin-test-007948,1,姐23岁是个什么面膜?,该用户想询问主播推荐适合23岁年龄使用的面膜产品。,这位观众在询问23岁年龄段适合使用的面膜类型。,1,0.98095703125
douyin-test-008025,1,睫毛膏哪款,该用户想询问直播中推荐的睫毛膏产品款式。,询问睫毛膏推荐，希望找到适合自己的产品。,1,0.9921875
douyin-test-008044,0,以油养眼,该用户可能在询问主播是否有推荐的眼部护理油产品或想了解“以油养眼”的护肤方法。,弹幕在询问如何通过使用油类产品来改善眼部问题。,0,0.29296875
douyin-test-008058,0,要做什么Y美,该用户想询问如何进行医美项目来改善皮肤问题。,弹幕在询问主播当前推荐的Y美产品具体是哪个链接。,0,0.118896484375
douyin-test-008081,1,孕妇颈纹霜有推荐吗?孕妇颈纹霜有推荐吗?孕妇颈纹霜有推荐吗?,该用户急切地想询问适合孕妇使用的颈纹护理产品推荐。,当前弹幕是用户多次询问孕妇颈纹霜的推荐，表现出对孕妇适用的颈纹护理产品有较强的需求和关注。,1,0.9892578125
douyin-test-008121,1,有试用吗,该用户想询问产品是否提供试用装或试用服务。,询问是否可以试用产品。,1,0.98974609375
douyin-test-008208,0,面膜是不是都有试用装,该用户想询问面膜产品是否提供小样试用装以便体验效果。,弹幕想知道这款面膜是否有试用装可以尝试。,1,0.9892578125
douyin-test-008210,1,你用的啥气垫,该用户可能是对主播使用的气垫产品产生了兴趣，想了解具体品牌或型号以便购买。,询问主播正在使用的气垫产品型号或品牌。,1,0.984375
douyin-test-008211,1,最近脸特干用什么油,该用户想询问适合脸部干燥状况使用的护肤油产品推荐。,当前弹幕是在询问针对近期脸部干燥问题的护肤油推荐。,1,0.98779296875
douyin-test-008217,1,法令纹用这个效果也好嘛,该用户是在询问当前直播推荐的产品对改善法令纹是否同样有效，表现出对产品功效的针对性关注和潜在购买意向。,询问法令纹护理产品的效果是否良好。,1,0.9873046875
douyin-test-008236,0,去痘印的[流泪]去痘印的,该用户急切地询问直播间是否有能祛痘印的产品，并流露出对解决皮肤问题的强烈需求。,观众在表达对去痘印产品的强烈需求和期待，同时流露出因皮肤问题而产生的困扰情绪。,1,0.818359375
douyin-test-008252,1,美白面膜几号,该用户想询问美白面膜的具体产品编号或链接以便购买。,当前弹幕是在询问美白面膜的具体型号或编号。,1,0.99267578125
douyin-test-008280,1,精华是分开发吗,该用户是在询问面膜和精华液是否需要分开步骤使用，或是否可以同时使用。,弹幕想知道这款精华是否需要分批次购买。,1,0.98876953125
douyin-test-008286,1,水乳有推荐吗,该用户是在询问主播能否推荐适合自己使用的水乳产品。,弹幕在询问之前提到的干皮用的水乳推荐。,1,0.9931640625
douyin-test-008295,1,这款拍了有没有补水的面膜,该用户是在询问购买这款面膜是否能起到补水效果。,询问是否有补水功效的面膜产品。,1,0.9931640625
douyin-test-008296,1,美白面膜后需要洗脸吗,该用户是在询问使用美白面膜后的具体护肤步骤，想确认是否需要额外清洁以避免残留或不适。,用户想知道使用美白面膜后是否需要清洗脸部以保持效果或避免刺激。,1,0.9638671875
douyin-test-008309,0,就是的,该用户可能是在附和或赞同前面某条关于产品效果的讨论，表示认可或支持他人的观点。,其他用户说的都对,0,0.1806640625
douyin-test-008313,1,发膜发膜发膜发膜发膜,该用户急切地询问或催促主播介绍或上架发膜产品。,弹幕在反复强调对发膜的强烈需求和关注。,1,0.97412109375
douyin-test-008342,1,面膜敷完要洗脸吗,该用户是在询问使用面膜后的清洁步骤，表现出对产品使用方法的关注和潜在的购买顾虑。,用户想知道使用面膜后是否需要清洗面部以保持清洁和后续护肤步骤的顺利进行。,1,0.96337890625
douyin-test-008356,1,极光四季精华油你有没有了,该用户是在询问主播“极光四季精华油”这款产品是否还有库存或能否购买。,弹幕在询问主播是否还有极光四季精华油。,1,0.9912109375
douyin-test-008382,0,"卖,那么多单,我的天",该用户惊讶于商品销量之高，间接表现出对产品的兴趣和认可。,弹幕在表达对当前销量的惊讶和对产品受欢迎程度的感叹。,0,0.060302734375
douyin-test-008393,0,已经拍了的怎么办,该用户可能是在询问已经下单的商品是否需要重新操作（如退款重拍）以享受当前活动优惠或更正购买信息。,已经下单的用户想知道后续处理方式。,0,0.0872802734375
douyin-test-008407,1,送的精华怎么用,该用户想询问赠品精华液的使用方法，可能是对产品功效或使用步骤存在疑问。,弹幕在询问直播间赠送的精华产品使用方法。,1,0.98974609375
douyin-test-008413,0,你做额头啦?,该用户可能在询问主播是否做了额头部位的医美项目或美容护理。,弹幕是在询问主播是否已经处理了额头部位的问题。,0,0.06817626953125
douyin-test-008429,1,耳环是哪家的,该用户想询问直播中展示的耳环的品牌或购买渠道。,想知道主播佩戴的耳环品牌来源。,1,0.97314453125
douyin-test-008478,0,是5片,该用户是在确认或质疑产品规格是否为五片装。,前文提到的五片问题，当前弹幕是在确认产品实际包含的片数。,1,0.962890625
douyin-test-008482,1,4号链接怎么用,该用户想询问4号链接商品的具体使用方法或操作步骤。,用户想了解4号链接产品的使用方法。,1,0.974609375
douyin-test-008489,0,怎么瘦,该用户可能是在询问主播关于产后瘦身或快速减肥的方法。,观众想了解如何通过使用产品来达到瘦身的效果。,0,0.11395263671875
douyin-test-008491,0,"要显示5片*3盒呀,就显示了5片",该用户可能是在疑惑或抱怨商品详情页显示的信息与实际不符，原本应该展示“5片×3盒”的规格却只显示了“5片”，担心自己购买时理解有误或商家标注不清晰。,弹幕在提醒商品详情页的显示信息有误，实际应展示5片*3盒的组合信息。,1,0.83056640625
douyin-test-008527,1,用了会变激素脸吗[捂脸][捂脸],该用户是在担忧产品的安全性，询问使用后是否会导致皮肤激素依赖等不良反应。,担心使用产品后可能引发激素脸的问题，表达出对皮肤安全的顾虑。,1,0.68896484375
douyin-test-008529,0,"就显示五片,退了[捂脸]",该用户因对产品展示的规格（仅五片）不满意而决定取消购买意向。,弹幕用户看到产品只显示五片，觉得数量不够，因此选择退货。,0,0.12249755859375
douyin-test-008532,1,口红上一下,该用户希望主播尽快展示或讲解口红的商品信息。,弹幕希望看到主播在口红产品上进行试色或展示使用效果。,1,0.99169921875
douyin-test-008570,1,染眉膏有吗?,该用户是在询问直播间是否有染眉膏这一产品，表现出对购买或了解该商品的兴趣。,询问是否有染眉膏产品。,1,0.9931640625
douyin-test-008626,1,"我要纯补水的面膜,拍哪个",该用户明确表达了想购买一款具有单纯补水功效的面膜，并希望主播直接推荐对应的商品链接。,当前弹幕是询问在直播中应该选择哪个产品来满足纯补水的需求。,1,0.99267578125
douyin-test-008636,0,美白精华涂完之后你,该用户可能在询问美白精华的使用效果或后续护肤步骤，表现出对产品的具体功效或使用方法的兴趣。,美白精华涂完之后你可能想询问后续使用效果或搭配产品。,1,0.79736328125
douyin-test-008640,1,雪眼霜链接几,该用户想询问主播提到的“雪眼霜”产品购买链接是哪一个。,想了解雪眼霜的购买链接。,1,0.99169921875
douyin-test-008652,1,可以去痘印么,该用户想询问直播中推荐的产品是否具有淡化痘印的效果。,弹幕是在询问产品是否具有淡化痘印的效果。,1,0.64599609375
douyin-test-008667,0,听减肥,该用户想表达的含义是：询问直播间是否有关于减肥产品或方法的推荐。,弹幕在询问关于减肥相关的产品或信息。,0,0.1390380859375
douyin-test-008683,1,防晒在几号链接?,该用户想询问防晒产品对应的商品购买链接编号。,弹幕想知道防晒产品在哪个链接位置。,1,0.99169921875
douyin-test-008745,1,有没有祛斑效果好的,该用户是在询问直播间推荐的产品中是否有针对祛斑问题效果显著的美容产品。,观众在询问是否有针对祛斑效果较好的产品。,1,0.98388671875
douyin-test-008763,1,姐姐能讲一下14号链接吗,该用户希望主播详细介绍14号商品的具体信息或使用体验。,观众希望了解14号链接的产品信息，可能是想确认是否适合自己或有购买意向。,1,0.9921875
douyin-test-008768,1,8号跟10号油有什么区别,该用户想询问8号和10号护肤油的功效差异或适用场景，以帮助自己做出购买决策。,用户想知道产品8号和10号在油类成分或效果上的不同。,1,0.9912109375
douyin-test-008777,1,3号说一下,该用户想表达的含义是：希望主播详细介绍3号产品的相关信息或使用体验。,3号观众希望主持人讲解之前提到的某个内容。,1,0.99267578125
douyin-test-008815,1,眼膜开一下,该用户希望主播重新介绍或上架眼膜产品的购买链接。,弹幕希望主播展示眼膜产品。,1,0.9794921875
douyin-test-008821,0,怎么扣,该用户想询问商品的使用方法或操作步骤。,当前弹幕可能是对前面提到的护肤、睫毛膏等话题表示附和或回应，带有随意应和的语气。,0,0.39794921875
douyin-test-008864,1,眼睫毛是哪个,该用户想询问主播当前展示或提到的睫毛产品具体是哪一款或哪个品牌。,询问产品中眼睫毛部分的具体信息。,0,0.1458740234375
douyin-test-008887,1,有什么功效的,该用户是在询问直播中提到的产品具体有哪些功能或效果。,观众想知道产品具体有哪些功效。,1,0.9599609375
douyin-test-008924,0,表示认同,该用户可能是在对主播之前介绍的某款产品或护肤建议表示赞同和认可。,表示对前面提到的产品或服务的认可和支持。,0,0.106201171875
douyin-test-008938,1,白月夜的面膜敷完要洗吗,该用户想询问白月夜面膜的使用方法，以确认是否需要清洗，从而评估产品的使用便捷性和自身购买意向。,弹幕在询问使用白月夜面膜后是否需要清洗。,1,0.98828125
douyin-test-008945,1,请问美白内服什么?谢谢,该用户是在询问直播间推荐的美白内服产品具体是什么。,观众在询问适合美白的内服产品，并表达感谢。,1,0.96923828125
douyin-test-008992,1,10号精油4月6号有吗?,该用户是在询问直播间是否会在4月6日提供10号精油的销售。,询问10号精油的库存情况，想知道4月6号是否有货。,1,0.99267578125
douyin-test-008999,0,芭比粉,该用户可能在询问或评价某款产品（如口红、唇彩等）的“芭比粉”色号是否适合或好看。,弹幕在表达对主播推荐产品的认可和喜爱。,1,0.90625
