row_id,platform,split,source_index,live_id,species,content,label,official_background,all_sequence_index,context_json
douyin-train-000020,douyin,train,20,56697889278,生活日杂,大气,0,该用户可能在夸赞主播或商品的风格高端、有档次。,29,"[""有带蘸料吗？"", ""感觉好好吃"", ""家电什么时候返场"", ""下一站去哪？"", ""防晒喷雾上点，防晒喷雾上点，防晒喷雾上点""]"
douyin-train-000088,douyin,train,88,56697889278,生活日杂,中午好！,0,该用户可能是刚进入直播间，以问候的方式表示关注或参与互动。,133,"[""焯水吗"", ""产品有问题请先找商家售后，如果商家解决达不到您满意。可以再找与辉同行客服！"", ""可以放多久"", ""帅哥"", ""有没有蓝莓树苗""]"
douyin-train-000111,douyin,train,111,56697889278,生活日杂,什么馅的,1,该用户是在询问直播中展示的水饺具体有哪些馅料种类。,164,"[""传熙云南行唱了彩云之南"", ""这个馅不多见"", ""不是一袋十个吗"", ""一袋10个，一共40个"", ""一袋10 个不是40 个""]"
douyin-train-000147,douyin,train,147,56697889278,生活日杂,跟你哥发型一样,0,该用户可能在表达对主播当前发型的认可，暗示与某个熟悉的人（如主播的哥哥）相似，从而传递一种亲切感或赞赏。,212,"[""熙宝今天发型很乖"", ""传熙太可爱了"", ""防晒喷雾，防晒喷雾，防晒喷雾"", ""我就是"", ""乘宝贝""]"
douyin-train-000222,douyin,train,222,56697889278,生活日杂,苹果烤奶的杯子在几号？,1,该用户想询问苹果烤奶配套的杯子商品在直播间的上架序号或购买链接位置。,318,"[""苹果烤奶有成品吗？"", ""贝贝，烤奶，空气炸锅烤多长时间？"", ""折耳根好吃的很呀"", ""这个苹果好吃"", ""折耳根太好吃""]"
douyin-train-000264,douyin,train,264,56697889278,生活日杂,内蒙古怎么不发,1,该用户可能在询问为何没有内蒙古地区的商品或物流配送选项。,371,"[""小果多大"", ""我也是湖北咸宁赤壁人"", ""小米是那种黄金小米吗？"", ""苹果没有了吗？"", ""中果没有了""]"
douyin-train-000274,douyin,train,274,56697889278,生活日杂,看看衣服后面,1,该用户想表达的含义是：希望主播展示一下衣服的背面细节。,381,"[""鲜花还有吗"", ""买了中果"", ""小果是哪个？"", ""大连拍不了"", ""没了""]"
douyin-train-000306,douyin,train,306,56697889278,生活日杂,看一下小果,1,该用户想表达的含义是：请主播展示或详细介绍小规格的苹果产品。,427,"[""主播看一下烤奶，刚民吃的那个？"", ""没货"", ""中午好贝贝"", ""发什么快递"", ""小果也甜""]"
douyin-train-000377,douyin,train,377,56697889278,生活日杂,上一下核桃,1,该用户希望主播尽快上架或展示核桃商品以供购买。,526,"[""看一下衬衫"", ""我家猫也爱吃"", ""衬衣"", ""72号和9号哪个更甜？"", ""几号链接的瓜好吃""]"
douyin-train-000403,douyin,train,403,56697889278,生活日杂,看看衬衫,1,该用户想表达的含义是：让主播展示或详细介绍衬衫款式。,562,"[""没货了"", ""好看"", ""衬衣几号链接"", ""博洋几号更甜？"", ""主播最甜""]"
douyin-train-000412,douyin,train,412,56697889278,生活日杂,都甜,0,该用户是在询问主播当前展示的商品中哪一种口感更甜。,576,"[""没了没了没了"", ""保温杯看看"", ""拍不了"", ""没货了"", ""哪个更甜""]"
douyin-train-000602,douyin,train,602,56697889278,生活日杂,甜吗,1,该用户是在询问直播中展示的水果或甜食的口感是否足够甜。,845,"[""是新鲜的玉米吗？"", ""鲜花饼还上吗？"", ""我是重度玉米爱好者，宇辉家的玉米买过很多次了，都很好吃"", ""嫩吗？"", ""怎么购物车里没有牛肉了""]"
douyin-train-000704,douyin,train,704,56697889278,生活日杂,太快,1,该用户可能是在抱怨直播节奏过快，导致自己来不及看清或了解商品信息。,986,"[""大家加油点点赞 大家加油点点赞 大家加油点点赞 大家加油点点赞"", ""下次去哪里"", ""品质不错"", ""为什么你直播也和董一样口气"", ""贝贝南瓜好吃""]"
douyin-train-000706,douyin,train,706,56697889278,生活日杂,贝贝南瓜单果250g，五斤应该是在十个左右呀，怎么会是 4-8个呢？,0,该用户是在质疑主播关于贝贝南瓜数量的描述存在计算误差，认为五斤按单果重量推算应包含约10个而非主播宣称的4-8个，透露出对产品规格真实性的关注。,989,"[""为什么你直播也和董一样口气"", ""贝贝南瓜好吃"", ""太快"", ""南瓜好吃"", ""5斤有几个""]"
douyin-train-000809,douyin,train,809,56697889278,生活日杂,小贝衣服,1,该用户可能是在询问或提及主播“小贝”身上穿的衣服是否有购买链接或相关商品信息。,1131,"[""怎么小黄车里没有锅"", ""干煸豆角"", ""四季豆干煸，超好吃"", ""焖饭"", ""什么时候内蒙也能发货就好了，好多都拍不了""]"
douyin-train-000866,douyin,train,866,56697889278,生活日杂,大黄鱼好吃,1,该用户想表达的含义是：对直播中展示的大黄鱼产品表示认可并可能产生购买意向。  （结合前文弹幕中关于黄花鱼烹饪、新鲜度的讨论，以及“挺大一条”等对鱼品质的正面描述，可推断用户通过简短评价间接表达对商品的兴趣或认同。）,1210,"[""与辉同行值得信赖"", ""朋友们有空点赞点赞点赞点赞点赞"", ""鱼是新鲜的吗？"", ""中午好啊"", ""保温杯""]"
douyin-train-000886,douyin,train,886,56697889278,生活日杂,鲅鱼馅说说,1,该用户想询问直播中提到的鲅鱼馅产品的具体信息或特点。,1237,"[""小姐姐真漂亮"", ""咸鸭蛋"", ""黄花鱼好吃"", ""猪蹄啥时候有"", ""中午好""]"
douyin-train-000914,douyin,train,914,56697889278,生活日杂,中午好,0,该用户可能是在打招呼或活跃气氛，并未直接表达购买意向。,1272,"[""鱼要冷冻么"", ""漂亮"", ""鲜花鲜花"", ""还卖花吗"", ""管理，能不能把无聊的人踢出去""]"
douyin-train-000945,douyin,train,945,56697889278,生活日杂,你穿的是4号链接吗,1,该用户是在询问主播身上展示的服装是否对应商品链接中的4号款式。,1320,"[""啥时候说衣服"", ""都回家了，好好休息"", ""云南咋不发货"", ""东北的，买不了"", ""咸度如何?""]"
douyin-train-000957,douyin,train,957,56697889278,生活日杂,挺不错的,1,该用户觉得直播展示的商品或内容比较满意，有潜在的购买意愿。,1337,"[""流沙"", ""与金沙蛋（麻酱风味）的那个好吃"", ""点赞点赞点赞点赞点赞点赞点赞"", ""不盐吗"", ""甘肃不发货,咋回事？""]"
douyin-train-001308,douyin,train,1308,56697889278,生活日杂,裹个蛋清,0,该用户是在讨论烹饪带鱼时建议用蛋清裹鱼以提升口感或防止散开。,1807,"[""衬衣看看"", ""油要稍微多一点"", ""嘎嘎香"", ""介绍一款适合全家人用的洗发水呗"", ""一号链接带鱼段是几代""]"
douyin-train-001352,douyin,train,1352,56697889278,生活日杂,杯子,1,该用户可能是想询问杯子的购买链接或进一步了解杯子的相关信息。,1876,"[""看着很不错"", ""这个米皮今天刚到就吃了，特别好吃"", ""有不辣的那"", ""发膜，啥时候"", ""这个米皮看着都好吃""]"
douyin-train-001415,douyin,train,1415,56697889278,生活日杂,碗不错,1,该用户想表达的含义是：对这个碗感兴趣，希望购买或了解购买方式。,1969,"[""米皮没了"", ""碗可以做个链接吗"", ""没啦"", ""没了？"", ""没有了""]"
douyin-train-001437,douyin,train,1437,56697889278,生活日杂,这米皮好吃,1,该用户想表达的含义是：这款米皮的口味令人满意，产生了购买兴趣。,2009,"[""一吃一个不吱声"", ""挺好"", ""保质期多久"", ""几号链接没辣椒"", ""没了再加""]"
douyin-train-001438,douyin,train,1438,56697889278,生活日杂,孩子吃的不说话了,0,该用户想表达的含义是：这款食物味道很好，孩子吃得专注到顾不上说话。,2010,"[""挺好"", ""保质期多久"", ""几号链接没辣椒"", ""没了再加"", ""这米皮好吃""]"
douyin-train-001514,douyin,train,1514,56697889278,生活日杂,不错不错,1,该用户可能是在对主播展示的商品或当前直播内容表示认可和满意。,2119,"[""已拍加急发货"", ""小月龄保温杯有背带吗"", ""小贝明天好好休息下吧"", ""蓝碗蓝碗蓝碗蓝碗蓝碗"", ""醪糟酸奶""]"
douyin-train-001515,douyin,train,1515,56697889278,生活日杂,小贝吃一下南瓜好吃不,1,该用户想询问主播小贝对南瓜口感的评价，以此判断是否值得购买。,2120,"[""小月龄保温杯有背带吗"", ""小贝明天好好休息下吧"", ""蓝碗蓝碗蓝碗蓝碗蓝碗"", ""醪糟酸奶"", ""不错不错""]"
douyin-train-001560,douyin,train,1560,56697889278,生活日杂,回去要蒸一下好吃，煮了味会淡,0,该用户是在分享对玉米的烹饪建议，认为蒸的方式更能保留风味，暗示对产品品质的认可和潜在的购买意向。,2186,"[""5号杯子没有了吗？"", ""甜吗"", ""甜吗？？？"", ""小贝感冒了吗？"", ""空气炸锅多久可以吃？""]"
douyin-train-001569,douyin,train,1569,56697889278,生活日杂,内衣啥时候卖呢,1,该用户是在询问主播何时会上架或介绍内衣产品，表现出对该商品的购买兴趣和关注。,2199,"[""甜吗这个玉米"", ""蒸几分钟"", ""煮着好吃"", ""有没有甜玉米？"", ""这工作真好，爸妈天天能在直播间见一面孩子""]"
douyin-train-001596,douyin,train,1596,56697889278,生活日杂,有黑糯玉米吗,1,该用户是在询问直播间是否有售卖黑糯玉米这一特定品种的商品。,2242,"[""小贝状态越来越好了"", ""有香米吗"", ""保质期12个月"", ""佛手瓜是有没有"", ""西红柿啥时候有""]"
douyin-train-001621,douyin,train,1621,56697889278,生活日杂,已拍,0,该用户想表达的含义是：我已经下单购买了（玉米）。,2272,"[""拍完了"", ""小贝好好休息"", ""是今年当季的吧"", ""是冷藏还是冷炼"", ""这玉米煮着好吃""]"
douyin-train-001705,douyin,train,1705,56697889278,生活日杂,贝贝刚走,0,该用户想表达的含义是：主播贝贝刚刚离开直播间。,2398,"[""我要净水壶"", ""传熙中午好"", ""水果玉米好吃，上点水果玉米"", ""太累了吧"", ""玉米是熟的吗""]"
douyin-train-001737,douyin,train,1737,56697889278,生活日杂,紫薯有吗,1,该用户是在询问直播间是否有售卖紫薯产品。,2446,"[""今天没有番茄吗"", ""5斤有几个？"", ""非常好吃！面又甜"", ""有牛奶吗"", ""要牛奶""]"
douyin-train-001954,douyin,train,1954,56697889278,生活日杂,贝贝南瓜刚讲过，放心购买,0,该用户是在向其他观众确认主播刚刚介绍过贝贝南瓜的品质，可以放心下单购买。,2755,"[""要香油"", ""很方便"", ""玫瑰花系列啥时候上"", ""确实不辣，再回购"", ""用冷藏吗""]"
douyin-train-002025,douyin,train,2025,56697889278,生活日杂,我想做客服,0,该用户可能是被直播间的美食氛围感染，想参与互动或咨询产品详情，因此表达出希望加入客服团队或获取客服帮助的意愿。,2850,"[""米皮好吃"", ""我一南方人，汉中米皮吃过回购过好吃"", ""好吃不"", ""下午好"", ""真香""]"
douyin-train-002030,douyin,train,2030,56697889278,生活日杂,凉皮夹馍试一下,1,该用户想表达的是对凉皮夹馍这款产品的尝试意愿和购买兴趣。,2860,"[""可得劲儿"", ""不放辣椒 可以吃吗"", ""熙宝好吃吗？"", ""真带劲。吃"", ""真中""]"
douyin-train-002117,douyin,train,2117,56697889278,生活日杂,不能冷藏，常温保存,0,该用户是在询问或确认产品是否需要冷藏，并表达自己更倾向于常温保存的方式。,2974,"[""配个肉夹馍"", ""河南郑州的来了"", ""有儿童去屑的洗发水吗"", ""有染发膏吗？"", ""云南场结束了吗""]"
douyin-train-002146,douyin,train,2146,56697889278,生活日杂,好好吃呀,1,该用户想表达的含义是：对直播中展示的食品表示强烈的喜爱和认可。,3013,"[""饼子卖吗？"", ""短保食品，收到就早点吃完"", ""我都在放碗里后，在微波炉加热一下更好吃，微微辣，很香"", ""吃的真香啊"", ""这个好吃""]"
douyin-train-002206,douyin,train,2206,56697889278,生活日杂,送杯子吗？,1,该用户可能在询问直播间的促销活动是否包含赠送杯子的福利，以此判断是否值得参与购买。,3097,"[""不敢相信你们直播间了！不敢相信你们直播间了！不敢相信你们直播间了！不敢相信你们直播间了！"", ""熙宝云南行唱歌有点害羞，是吗？"", ""这是什么茶"", ""平安喜乐，万事胜意"", ""下午好""]"
douyin-train-002252,douyin,train,2252,56697889278,生活日杂,里面有茉莉花吗,1,该用户是在询问直播中展示的产品是否含有茉莉花成分或原料。,3153,"[""茶叶是属于那种的"", ""有砧板吗"", ""什么口感，介绍一下"", ""什么口感"", ""什么口感介绍一下""]"
douyin-train-002261,douyin,train,2261,56697889278,生活日杂,你是不是胖了,0,该用户可能在委婉地询问主播展示的某款商品（如茶具或容器）是否比之前看起来更厚重或容量更大。,3163,"[""银水杯好漂亮"", ""红薯片有？"", ""看看9号链接"", ""玻璃杯子"", ""是纯香味还是用香精了啊""]"
douyin-train-002262,douyin,train,2262,56697889278,生活日杂,太好吃了,1,该用户想表达的含义是：对当前展示的食品味道非常满意，产生了强烈的购买欲望。,3167,"[""是纯香味还是用香精了啊"", ""你是不是胖了"", ""苹果收到货和直播间一样吗"", ""看看6号链接"", ""苹果和直播间一样吗""]"
douyin-train-002266,douyin,train,2266,56697889278,生活日杂,下午好,0,该用户可能是在礼貌性地打招呼或表示自己刚进入直播间，尚未明确表达购买意向。,3175,"[""61/1.5=40.66666667"", ""能不能讲一下美早樱桃"", ""文和友酱板鸭还返场吗"", ""有没有安吉白茶？"", ""10号链接的贝贝南瓜是粉的吗？""]"
douyin-train-002289,douyin,train,2289,56697889278,生活日杂,拍不了呢,1,该用户可能是在表达自己所在的地区无法下单购买当前直播中提到的商品。,3213,"[""酸吗？"", ""东北地区发货吧"", ""没货了"", ""啥时候卖炒菜铁锅呢"", ""卖不到""]"
douyin-train-002301,douyin,train,2301,56697889278,生活日杂,主播就是吃呀吃,0,该用户想表达的含义是：主播一直在试吃展示的商品（苹果）。,3230,"[""筷子上一下"", ""你的衣服好好看在哪买的"", ""苹果东北地区不发货"", ""啥时候再来个珍珠专场"", ""补货啊""]"
douyin-train-002316,douyin,train,2316,56697889278,生活日杂,中果没货,1,该用户想表达的含义是：中等大小的苹果已经售罄了。,3255,"[""沈阳为啥拍不了呢"", ""朋友们，东北黑米句句好吃"", ""没了"", ""小果看看"", ""苹果好吃""]"
douyin-train-002345,douyin,train,2345,56697889278,生活日杂,在超市买的洛川苹果很好吃,0,该用户是在认可洛川苹果的品质，并暗示对直播间销售的同类产品感兴趣。,3292,"[""小米面 小米面 小米面小米面小米面小米面"", ""过年时沈阳发货了！"", ""东北是真不发呀"", ""芒果"", ""买不到苹果""]"
douyin-train-002387,douyin,train,2387,56697889278,生活日杂,有吃过的吗？好吃吗,1,该用户是在询问其他观众对产品的实际体验和评价，以判断是否值得购买。,3350,"[""发货太慢"", ""甜吗"", ""今天有小番茄吗"", ""不错不错"", ""黑玉米""]"
douyin-train-002393,douyin,train,2393,56697889278,生活日杂,这个海参和以前的海参一样吗,1,该用户是在询问当前展示的海参产品与之前售卖过的版本在品质或口感上是否有差异。,3359,"[""有玉米须吗"", ""300克"", ""有甜一点的水果玉米吗？"", ""需要放冰箱吗"", ""5天8小时，晚上不准加班""]"
douyin-train-002430,douyin,train,2430,56697889278,生活日杂,玉米,1,该用户可能在询问直播中提到的玉米的具体品种或口感特点。,3417,"[""有杂粮米有没有"", ""黄糯玉米是不是甜度高些，？"", ""红枣红枣红枣"", ""放心购买"", ""宇辉还在云南吗？""]"
douyin-train-002433,douyin,train,2433,56697889278,生活日杂,甜糯吗,1,该用户是在询问所提到的玉米是否具有甜味和软糯的口感。,3423,"[""红枣链接"", ""有甜玉米没"", ""米线还有吗云南米线"", ""这个玉米是熟的吗，可以用微波炉吗"", ""玉米是冷冻的吗""]"
douyin-train-002527,douyin,train,2527,56697889278,生活日杂,下午好,0,该用户可能是在礼貌性问候主播或观众，同时暗示自己刚进入直播间并准备参与互动。,3562,"[""荸荠什么时候开卖？"", ""这个豆角就是要烧熟"", ""不错"", ""大米"", ""香水""]"
douyin-train-002530,douyin,train,2530,56697889278,生活日杂,直接炖肉,0,该用户想表达的含义是：询问这款产品是否适合直接用于炖肉烹饪。,3565,"[""大米"", ""香水"", ""下午好"", ""这四季豆嫩"", ""看着真有食欲""]"
douyin-train-002595,douyin,train,2595,56697889278,生活日杂,啥时候有蒸锅,1,该用户是在询问直播间何时会上架蒸锅产品，表达了对购买蒸锅的明确需求和兴趣。,3651,"[""不粘锅什么时候有"", ""珂岸护唇膏今天还上吗"", ""具体的是怎么操作的"", ""有没有蒸锅"", ""啥时有平底锅煎锅""]"
douyin-train-002646,douyin,train,2646,56697889278,生活日杂,甜不,1,该用户是在询问直播展示的食品（可能是青团或其他甜点）的甜度如何。,3723,"[""米线还有吗"", ""牛奶小黄车和橱窗里都有"", ""甜不甜"", ""成都成都成都着急"", ""我们这里就是冷吃的""]"
douyin-train-002671,douyin,train,2671,56697889278,生活日杂,云南米线还有嘛,1,该用户是在询问直播间是否还有云南米线这款商品在售。,3756,"[""会太甜吗"", ""深航的机票什么上？"", ""啥时候能有砧板"", ""有纯牛奶吗？"", ""纯牛奶""]"
douyin-train-002768,douyin,train,2768,56697889278,生活日杂,我看下大果,1,该用户想表达的含义是：我想了解一下大果规格的具体情况。,3901,"[""血糖高的可以吃么？"", ""非常好"", ""小香薯的特点就是甜"", ""糯吗"", ""海南红薯老好吃了""]"
douyin-train-002776,douyin,train,2776,56697889278,生活日杂,比一下大小,1,该用户想表达的含义是：希望主播展示或比较不同规格产品（如大果和中果）的实际尺寸差异。,3913,"[""甜不"", ""口感酸不酸"", ""地瓜地瓜烤地瓜[呲牙]"", ""拔丝地瓜好吃"", ""珂岸护唇膏""]"
douyin-train-002830,douyin,train,2830,56697889278,生活日杂,沈阳拍不了,0,该用户想表达的含义是：沈阳地区不支持购买该商品。,3983,"[""有丝？"", ""感觉好多丝？"", ""看样子有筋，没关系啦"", ""鹏鹏，我要买昨天晚上宇辉身上穿的衣服"", ""不喜欢有丝＋1""]"
douyin-train-002897,douyin,train,2897,56697889278,生活日杂,红的,1,该用户想表达的含义是：询问或确认直播中展示的商品是否有红色款可选。,4076,"[""好吃不"", ""一天班算是白上了，买了好多"", ""绿色"", ""还有紫色也很少见，甚至物理色"", ""都不想""]"
douyin-train-002898,douyin,train,2898,56697889278,生活日杂,这个不错,1,该用户认为当前展示的商品符合自己的喜好或需求，表达了对商品的认可和潜在的购买意向。,4077,"[""一天班算是白上了，买了好多"", ""绿色"", ""还有紫色也很少见，甚至物理色"", ""都不想"", ""红的""]"
douyin-train-003029,douyin,train,3029,56697889278,生活日杂,细嚼慢咽,0,该用户可能是想表达“这个食物需要慢慢品尝才能体会它的美味”。,4262,"[""南瓜饼"", ""有抹茶粉吗"", ""蛋羹蒸南瓜"", ""鹏鹏，你昨天怎么不来元阳抓鱼"", ""舞王，来一个[呲牙][呲牙][呲牙]""]"
douyin-train-003102,douyin,train,3102,56697889278,生活日杂,里面有籽没,1,该用户是在询问产品（可能是南瓜或玉米）内部是否含有籽粒。,4363,"[""有的人真无语，东西降价了还有话说，不知道货卖当时的道理吗"", ""可以的 热量低"", ""下单"", ""保质期多久"", ""甜玉米有么？""]"
douyin-train-003132,douyin,train,3132,56697889278,生活日杂,你们不给答复一下吗 ？ ？ ？,0,该用户可能在催促主播尽快回答之前关于商品储存或配送问题的疑问，表达了对未获及时回应的不满和急切心情。,4407,"[""拍马蹄了，煮了吃"", ""东西还是不错的"", ""上指甲刀"", ""荸荠"", ""生吃 炖汤都可以 清甜的""]"
douyin-train-003139,douyin,train,3139,56697889278,生活日杂,这个是我的最爱，我就生吃,0,该用户想表达的含义是：我非常喜欢这种产品，尤其偏好直接生吃的方式。,4418,"[""山西发货吗"", ""一定要冷藏保存？"", ""熟吃怎么吃"", ""可以 炖椰子鸡"", ""他不是水果吗""]"
douyin-train-003206,douyin,train,3206,56697889278,生活日杂,肉馅里放马蹄很好吃,1,该用户是在分享一种提升肉馅口感的烹饪技巧，暗示对马蹄作为食材的认可和购买兴趣。,4507,"[""通风阴凉处保存"", ""清甜"", ""就像削苹果一样去皮"", ""八珍糕有吗？"", ""微甜""]"
douyin-train-003242,douyin,train,3242,56697889278,生活日杂,芹菜的链接弹下,1,该用户希望主播提供芹菜的购买链接以便下单。,4557,"[""荸荠没了吗？"", ""好便宜"", ""东北玉米好吃的"", ""挖完累的啥也不想干了"", ""玉米""]"
douyin-train-003244,douyin,train,3244,56697889278,生活日杂,甜糯吗,1,该用户是在询问直播中提到的某种食品（可能是玉米或其他甜味食材）的口感是否香甜软糯。,4559,"[""东北玉米好吃的"", ""挖完累的啥也不想干了"", ""玉米"", ""芹菜的链接弹下"", ""主播叫鹏鹏""]"
douyin-train-003360,douyin,train,3360,56697889278,生活日杂,这鱼看起来好好吃啊,1,该用户被直播中展示的鱼所吸引，表达了对产品品质的认可和潜在的购买欲望。,4707,"[""指甲刀"", ""还有玉米吗"", ""红烧，清蒸"", ""哪里发货"", ""玉米收到就能吃吗""]"
douyin-train-003444,douyin,train,3444,56697889278,生活日杂,还在云南吗？,0,该用户可能在询问主播是否仍在云南进行直播带货活动，暗示对云南相关产品的持续关注或购买意向。,4831,"[""有没有儿童成长奶粉"", ""鹏鹏[一起加油][一起加油][一起加油][一起加油][一起加油][一起加油][一起加油][一起加油][一起加油][一起加油][一起加油][一起加油][一起加油][一起加油][一起加油][一起加油][一起加油][一起加油][一起加油][一起加油][一起加油][一起加油][一起加油][一起加油][一起加油][一起加油][一起加油]吖"", ""没休息，又上班了？"", ""今天有宇辉讲坛吗？"", ""竹笋也买了，买回去做清明粿""]"
douyin-train-003513,douyin,train,3513,56697889278,生活日杂,梗王哈哈哈哈,0,该用户是在调侃主播的幽默表现，表达被逗乐的互动情绪而非购买意向。,4924,"[""要流泪了"", ""胡鹏鹏，帅气"", ""准备开工了"", ""东北不发货[流泪]"", ""来，眼镜拿掉，切时靠近点哈""]"
douyin-train-003538,douyin,train,3538,56697889278,生活日杂,因为他戴了眼镜,0,该用户是在调侃主播戴眼镜切洋葱时不会流泪，暗示洋葱的刺激性不够强。,4964,"[""洋葱炒鸡蛋，炒肉，做咖喱饭，生吃"", ""洋葱炒肉[爱心]"", ""戴着眼镜"", ""根切掉"", ""洋葱很耐放，这里比菜市场便宜多了""]"
douyin-train-003604,douyin,train,3604,56697889278,生活日杂,鹏鹏的眼镜蛇不见了,0,"该用户可能在幽默地调侃主播切洋葱时因辣眼睛而表现出的慌乱状态，暗示主播像""眼镜蛇""一样突然失去了之前的灵活敏捷。",5065,"[""啥时候上可复美胶原棒"", ""云南不发货[流泪]"", ""主播下午好！主播讲的很不错了！支持你们！"", ""放水里泡几分钟切就不辣眼睛了"", ""先放冰箱一晚上，刀沾水""]"
douyin-train-003623,douyin,train,3623,56697889278,生活日杂,还放香菜,0,该用户可能是在对主播展示的菜品或食材提出调味偏好，暗示希望增加香菜的用量或询问是否已包含香菜。,5092,"[""这个里面带芥末和生抽，而且味道老好了，我都多次回购了"", ""蒲公英饺子好吃吗"", ""鹏鹏憔悴了"", ""米线"", ""阿鹏好[爱心][爱心][爱心][爱心][爱心][爱心][爱心][爱心][爱心]""]"
douyin-train-003684,douyin,train,3684,56697889278,生活日杂,上新货啦,0,该用户可能是在提醒主播或观众注意直播间刚上架的新商品，表达了对新品的关注和兴趣。,5187,"[""茴香"", ""把答案说出来了"", ""傣徒舞，月光下的响尾蛇[微笑][微笑][微笑][微笑][微笑][微笑]"", ""有黄糯玉米吗"", ""煎也好吃""]"
douyin-train-003803,douyin,train,3803,dongfangzhenxuan,生活日杂,奶酪包最好吃的是哪个口味,1,该用户想询问直播间推荐的奶酪包最佳口味，有意向根据推荐下单购买。,5355,"[""看看冻干苹果脆"", ""免单还抽吗"", ""拍两单"", ""很甜吗"", ""桑葚干 干净吗""]"
douyin-train-003819,douyin,train,3819,dongfangzhenxuan,生活日杂,坚果的还有吗,1,该用户是在询问直播间是否还有坚果类商品库存可供购买。,5381,"[""已免单"", ""拍二单，是分二次拍的"", ""现在的福袋是什么"", ""下一个福袋免单"", ""坚果没有了""]"
douyin-train-003877,douyin,train,3877,dongfangzhenxuan,生活日杂,我已经下单了,0,该用户想表达的含义是：确认自己已完成购买行为并参与互动。,5468,"[""免單"", ""东方甄选大气"", ""拍了"", ""奶酪包热量高吗"", ""大气""]"
douyin-train-003973,douyin,train,3973,YDSZB666,珠宝首饰,黄水晶黄水晶黄水晶黄水晶,1,该用户迫切希望主播展示或介绍黄水晶产品，可能是对之前询问“黄水晶有吗”未得到回应的重复催促。,5606,"[""老板娘脖子上带的"", ""老板娘项链"", ""老实人"", ""有美颜吗"", ""黄水晶有么""]"
douyin-train-004082,douyin,train,4082,YDSZB666,珠宝首饰,7m的,1,该用户想表达的是询问或确认商品中是否有7毫米尺寸的水晶饰品。,5769,"[""配件是什么"", ""你给卖爆啦"", ""大的粉水晶"", ""她家水晶很好"", ""超七超七超七超七超七超七超七超七超七超七超七超七超七超七超七超七超七超七超七超七超七超七超七超七超七""]"
douyin-train-004240,douyin,train,4240,YDSZB666,珠宝首饰,水晶老板娘脖子上的项链,1,该用户可能对主播佩戴的项链款式或材质产生了兴趣，暗示想了解商品详情或表达购买意向。,5999,"[""对比一下嘛"", ""粉水晶"", ""谢谢东哥,中福袋了[比心][比心][比心][比心][比心][比心][比心][比心][比心][比心]继续买买买"", ""源头珠宝市场,福袋18k金项链"", ""和11的对比下""]"
douyin-train-004253,douyin,train,4253,YDSZB666,珠宝首饰,这紫牙乌真好看,1,该用户被紫牙乌的饰品所吸引，表达了对这款商品的喜爱和潜在的购买意愿。,6018,"[""东哥累了吧"", ""刚刚对比一下啊"", ""紫牙乌![比心]"", ""超七!"", ""眉毛哥姐姐吗""]"
douyin-train-004422,douyin,train,4422,YDSZB666,珠宝首饰,粉水晶,1,"该用户可能是在询问或表达对直播间展示的粉水晶产品的兴趣，暗示想了解详情或有意购买。  （结合前文弹幕中频繁提及水晶类商品如""黄水晶球""""紫牙乌""等，且存在具体规格讨论，可推断当前语境为珠宝玉石类带货，""粉水晶""大概率是用户针对商品的主动提及，而非无关内容。）",6268,"[""甜甜圈"", ""莆田人吧.老板娘"", ""好我就看到天亮"", ""好漂亮[爱心][爱心][爱心][爱心][爱心]"", ""紫色的紫牙乌要8m的紫色的紫牙乌要8m的紫色的紫牙乌要8m的紫色的紫牙乌要8m的紫色的紫牙乌要8m的""]"
douyin-train-004562,douyin,train,4562,YDSZB666,珠宝首饰,来个男士的吧,1,该用户可能是希望主播推荐或展示适合男性佩戴的饰品款式。,6454,"[""K金上高货[捂脸][捂脸][捂脸][捂脸][捂脸][捂脸][捂脸][捂脸]"", ""来个福利吧[捂脸][捂脸][捂脸][捂脸][捂脸]"", ""超七超七超七"", ""藕粉高货"", ""东哥好辛苦""]"
douyin-train-004848,douyin,train,4848,YDSZB666,珠宝首饰,老板娘脖子上的,1,该用户可能是在询问或称赞老板娘脖子上佩戴的珠宝款式或材质。,6843,"[""方糖方糖方糖方糖"", ""平安扣"", ""方糖再加点"", ""美人条"", ""单珠单珠单珠单珠""]"
douyin-train-005014,douyin,train,5014,liuyuanyuan1991,健康养生,怀孕了能吃吗,1,该用户是在询问该产品是否适合孕妇食用，以评估自身情况下的购买安全性。,7076,"[""买了买了"", ""iphone16"", ""能瘦吗?"", ""性价比非常高哦"", ""晚上好[鼓掌][鼓掌][鼓掌]""]"
douyin-train-005026,douyin,train,5026,liuyuanyuan1991,健康养生,"已拍,什么时候可以发货?",0,该用户想确认自己下单后商品的预计发货时间，表现出对交易流程的跟进需求。,7089,"[""澳洲进口女性多维,太棒了,太棒了"", ""男的可以吃吗"", ""男土可以吃吗"", ""许愿树一发入魂"", ""交税不""]"
douyin-train-005035,douyin,train,5035,liuyuanyuan1991,健康养生,@好***[爱心],0,该用户想表达的含义是：对主播或商品表示喜爱和支持。,7108,"[""服用方法是怎样的呢?"", ""哺乳期可以吃么"", ""媛媛太美啦[打call][打call][打call][打call]"", ""真的是物超所值呀"", ""我想买一瓶""]"
douyin-train-005152,douyin,train,5152,liuyuanyuan1991,健康养生,好物分享,0,该用户可能是想询问主播能否推荐一些值得购买的产品或分享使用心得。,7264,"[""主播太帅了"", ""太给力了"", ""头发真好"", ""有有有!"", ""大数据""]"
douyin-train-005159,douyin,train,5159,liuyuanyuan1991,健康养生,上面说孕妇和哺乳期不能吃,0,该用户是在询问产品是否适合特定人群使用，并表达了对产品适用范围的疑虑。,7274,"[""主播加油"", ""头发好"", ""有这么神奇"", ""录播?"", ""嗯""]"
douyin-train-005206,douyin,train,5206,liuyuanyuan1991,健康养生,晚上好,0,该用户可能是在礼貌性地打招呼，同时暗示自己刚进入直播间并开始关注直播内容。,7346,"[""一瓶多少颗?"", ""日期是新的吗?"", ""非常好[赞][赞][赞]"", ""日期什么时候"", ""为什么还要实名认证""]"
douyin-train-005269,douyin,train,5269,liuyuanyuan1991,健康养生,跟上节奏,0,该用户想表达的含义是：催促主播加快节奏或提醒其他观众抓紧时间参与抢购活动。,7441,"[""补充营养"", ""好运连连"", ""商品质量很好"", ""男士可以吃吗"", ""吃出来的健康""]"
douyin-train-005639,douyin,train,5639,1706638111,生鲜水果,没意见[捂脸],0,该用户是在用调侃或随声附和的方式表达对当前讨论话题的轻松认同。,7965,"[""有意见"", ""没有意见"", ""没意二"", ""没意见!"", ""还在直播,休息一下吧""]"
douyin-train-005645,douyin,train,5645,1706638111,生鲜水果,市场规律没意见,0,该用户想表达的含义是：对当前商品的价格或促销方式表示认可，没有异议。,7977,"[""没有没有[赞][赞][赞]"", ""这也不便宜啊"", ""有没有小黄米"", ""之前买的补一袋"", ""今天再补一袋.六代""]"
douyin-train-005691,douyin,train,5691,1706638111,生鲜水果,一炮以后也要5袋,0,该用户想表达的含义是：即使这次促销活动结束后，下次也要多囤几袋。,8048,"[""打有的上次都没有买的"", ""这也正常"", ""这些人竟扯犊子[捂脸]"", ""再补一包"", ""加拿大包邮吗""]"
douyin-train-005761,douyin,train,5761,1706638111,生鲜水果,牛腱子肉,1,该用户可能是在询问或表达对直播中提到的牛腱子肉产品的兴趣，想了解详情或表示购买意向。,8164,"[""要橙子"", ""上天水花椒"", ""要生姜"", ""谁玩传琦我出装"", ""牛肉面[赞][赞][赞][赞][赞][赞][赞][赞][赞][赞]""]"
douyin-train-005772,douyin,train,5772,1706638111,生鲜水果,已拍加急、,0,该用户想表达的含义是：我已经下单购买了商品并且选择了加急配送服务。,8180,"[""上天水椒"", ""天气真好"", ""谁玩传奇,跟我混"", ""小明正能量"", ""以前拍的东西还可以,现在不怎的…""]"
douyin-train-005952,douyin,train,5952,1706638111,生鲜水果,有没有橙子啊?,1,该用户是在询问直播间是否有橙子这一商品上架或售卖。,8453,"[""新鲜蒜苔"", ""这个怎么吃"", ""小米小米小米"", ""这个味道不错"", ""新鲜蒜苔有吗?""]"
douyin-train-006007,douyin,train,6007,1706638111,生鲜水果,"辛苦了,累死了",0,该用户想表达的含义是：对主播长时间直播的辛苦表示关心和慰问。,8536,"[""昨晚开03真准,懂得来点点关注"", ""这是直播几个小时了,,,我都睡一觉醒了"", ""酸菜河北拍不了吗"", ""小明哥,尝尝花椒"", ""天水姜伯约""]"
douyin-train-006009,douyin,train,6009,1706638111,生鲜水果,最好的大红袍花椒在陇南武都,0,该用户是在强调陇南武都的花椒品质优越，可能意在推荐或认可产品，同时暗示自己有购买意向或希望主播重点介绍该产地的商品。,8540,"[""天水姜伯约"", ""辛苦了,累死了"", ""花椒之乡在陇南"", ""小明哥收徒弟不"", ""要乌鸡蛋乌鸡蛋乌鸡蛋""]"
douyin-train-006089,douyin,train,6089,1706638111,生鲜水果,小宝宝可以吃?,1,该用户是在询问直播中展示的产品是否适合婴幼儿食用，表现出对产品适用人群的具体关注和潜在的购买意向。,8652,"[""在明哥这买的乌鸡蛋特别新鲜,品质真好[赞]"", ""甘肃通渭苦荞茶好喝[赞][赞][赞]"", ""武汉周黑鸭上车"", ""昨晚开03真准,懂得来点点关注"", ""甘肃人实在,产品质量好[赞]""]"
douyin-train-006105,douyin,train,6105,1706638111,生鲜水果,"尝尽人间百味,卖货天南海北[捂脸][捂脸][捂脸][捂脸][捂脸]",0,该用户可能是以调侃的语气表达对主播卖货范围广、商品种类繁多的感叹，同时用表情符号暗示对某些商品质量或宣传方式的无奈或幽默吐槽。,8674,"[""你卖出去的东西商家寄过来了就不一样全是次品的"", ""你可别吃了"", ""今天来的甘肃人没见到有小苹果脸的[色]"", ""看着你一天天长胖哦"", ""蛋黄太红了!""]"
douyin-train-006114,douyin,train,6114,1706638111,生鲜水果,红的不正常,0,该用户是在质疑直播中展示的食品（可能是鸡蛋或类似产品）颜色过于鲜艳，怀疑存在人工染色或添加剂问题。,8685,"[""为了苏丹红吗?"", ""不要时间长的"", ""不吃煮熟的看看"", ""小明哥夏天来皋兰卖卖我们的白凤桃"", ""蛋黄不正常""]"
douyin-train-006191,douyin,train,6191,1706638111,生鲜水果,可以你们买,0,该用户可能是在认可商品价格实惠，并鼓励其他观众下单购买。,8792,"[""鸡腿上连接"", ""很好的"", ""5角一个要多少有多少"", ""坏了包赔吗"", ""实惠实惠""]"
douyin-train-006224,douyin,train,6224,1706638111,生鲜水果,可以试吃吗?,1,该用户是在询问商品是否支持先品尝再购买的服务，表现出对产品实际体验的关注和潜在的购买意向。,8838,"[""买不起"", ""这个营养丰富"", ""这个价钱优惠"", ""鸡蛋最好的在恩施不用质疑,要分水土[呲牙][呲牙][呲牙][呲牙][呲牙]"", ""我要鹅蛋""]"
douyin-train-006276,douyin,train,6276,1706638111,生鲜水果,有鸡屎好,0,该用户是在用反讽的语气调侃直播中展示的不卫生食品，暗示“这东西脏得跟鸡屎一样还好意思说好”。,8904,"[""这不能吃呀"", ""还是别吃,身体第一"", ""鸡爱你,小明哥[捂脸]"", ""真吃了哥"", ""别吃了,不卫生""]"
douyin-train-006379,douyin,train,6379,577894592,服饰鞋履,这是四平针吗,1,该用户可能在询问当前展示的商品是否采用了四平针的针织工艺。,9055,"[""成年人不做选择"", ""红色t有吗"", ""白色能搭皮衣吗?"", ""卫衣卡码怎么拍"", ""红色格子上了吗""]"
douyin-train-006385,douyin,train,6385,577894592,服饰鞋履,红色短袖,1,该用户可能是在询问或表达对直播间展示的红色短袖款式的兴趣，想确认是否有货或了解具体细节。,9062,"[""红色背心上吗"", ""裤子几码"", ""格子衬衫"", ""卫衣厚吗娜姐"", ""福袋都抽不到""]"
douyin-train-006399,douyin,train,6399,577894592,服饰鞋履,露肩的娃娃领,1,该用户可能是在询问或评论当前展示的娃娃领款式是否带有露肩设计，表达了对这款服装细节的关注和兴趣。,9079,"[""白月光呀"", ""快过吧"", ""过款吧[捂脸]"", ""玩不明白"", ""露肩的""]"
douyin-train-006426,douyin,train,6426,577894592,服饰鞋履,梳子有吗,1,该用户想询问直播间是否有梳子这款商品在售。,9120,"[""好多主播都是这样"", ""在哪里积"", ""从什么时候开始累积"", ""红色T"", ""好好看""]"
douyin-train-006490,douyin,train,6490,577894592,服饰鞋履,又没抢到,1,该用户因多次尝试购买直播间的商品却未能成功抢到而感到失望和焦急。,9208,"[""以后一件衣服三个穿搭,然后再过新款"", ""衣服容易皱吗?"", ""衣服买越多越不会穿搭了[捂脸][捂脸][捂脸][捂脸]"", ""配裤子试试"", ""背心在几号""]"
douyin-train-006499,douyin,train,6499,577894592,服饰鞋履,颜色好看呢,1,该用户对当前展示商品的配色产生了兴趣，认为其色彩搭配令人满意。,9221,"[""没买到"", ""没抢到,大码没有了吗"", ""今年这种松弛的衬衫多吗?"", ""娃娃领"", ""然后我们就咔咔咔,截图,抄作业就行""]"
douyin-train-006564,douyin,train,6564,577894592,服饰鞋履,裤子几号?,1,该用户是在询问主播展示的裤子的具体尺码信息。,9312,"[""先开剩下的呗[舔屏][舔屏][调皮]"", ""条纹针织背心"", ""红色马甲有跑单"", ""内搭几号"", ""吊带上衣""]"
douyin-train-006633,douyin,train,6633,577894592,服饰鞋履,红色背心,1,该用户可能在询问红色背心款式的库存情况或表达对这款商品的购买意向。,9415,"[""常规版怎么没有M啦"", ""衬衫加"", ""就等这个红色呢"", ""简单大方[比心][比心][比心][比心][比心]"", ""露肩的先上喽""]"
douyin-train-006660,douyin,train,6660,577894592,服饰鞋履,衣服上,1,该用户可能在催促主播尽快展示或上架当前提到的服装款式。,9453,"[""红色背心跑单加一下吧"", ""这节奏难受"", ""鞋子什么时候有"", ""红色显黑吗?"", ""外套外套外套外套外套外套外套""]"
douyin-train-006705,douyin,train,6705,127652977,生鲜水果,是原味的吗,1,该用户是在询问直播中展示的商品是否保持了原本的风味或配方，没有添加其他调味料。,9515,"[""咋加会员"", ""这盘吃一口"", ""没抢到"", ""用放盐吗?"", ""真6666""]"
douyin-train-006711,douyin,train,6711,127652977,生鲜水果,看着好吃,1,该用户被直播中展示的食品外观所吸引，产生了品尝欲望和潜在的购买意向。,9522,"[""须子好吃还是头好吃"", ""腿上有吸盘吗"", ""有没有小黄鱼"", ""给给杨叔点个赞"", ""烤箱可以做吗?""]"
douyin-train-006846,douyin,train,6846,xinjiangheti27,珠宝首饰,郑总男粉的戒指有吗,1,"该用户是在询问主播是否有适合男性粉丝佩戴的戒指款式。  （解析：结合前文多次出现""男戒""""戒圈""等询问，且直播间主打珠宝首饰品类，用户延续了商品咨询的购买意向，同时用""郑总男粉""的称呼表明自己是主播粉丝群体中的男性消费者，核心诉求是确认是否有适配自己性别属性的商品。）",9717,"[""美女坐下"", ""有啥区别"", ""南红呢"", ""能抓老鼠就是好猫[赞]"", ""老郑：你把别人的桌子掀了…""]"
douyin-train-006904,douyin,train,6904,xinjiangheti27,珠宝首饰,支持你,0,该用户想表达的含义是：对主播的认可和鼓励，希望继续支持其直播内容或商品推荐。,9799,"[""不服就干他"", ""老郑变成老头了"", ""那个人两天没播了"", ""戒止还上吗"", ""戒指戒指再上""]"
douyin-train-006928,douyin,train,6928,xinjiangheti27,珠宝首饰,高端项链,1,该用户可能在询问或暗示对直播间即将展示的高端项链产品感兴趣。,9832,"[""有烟兜没"", ""玉帝威武"", ""郑总手上的戒圈"", ""手上手串"", ""郑总,多宝""]"
douyin-train-006976,douyin,train,6976,xinjiangheti27,珠宝首饰,太漂亮啦[赞][赞][赞][赞][赞][赞][赞][赞][赞][赞][赞],1,该用户被直播展示的商品外观深深吸引，通过夸张的赞美表情符号强烈表达对产品颜值的喜爱和惊叹。,9895,"[""老郑手上的戒指"", ""看出来了"", ""威震八方[赞]"", ""见识了"", ""大炸一个""]"
douyin-train-007097,douyin,train,7097,xinjiangheti27,珠宝首饰,男士无事牌,1,该用户想表达的含义是：询问直播间是否有适合男性佩戴的无事牌款式。  （结合前文弹幕中频繁出现的珠宝品类询问（如手镯、挂坠、扳指等）以及颜色、材质的偏好，可推断用户是在主动寻求特定商品信息，且语境偏向玉石文玩类直播，因此“男士无事牌”更可能是明确的需求表达而非单纯感叹。）,10064,"[""老郑最值得信赖[赞]"", ""说得太对了"", ""有二三百的挂坠吗"", ""说的太好了"", ""大实话啊""]"
douyin-train-007146,douyin,train,7146,xinjiangheti27,珠宝首饰,哼哈二将,0,该用户可能是在调侃主播或直播间的氛围，用“哼哈二将”比喻直播间里活跃的两位核心人物（如主播和助手）或频繁互动的观众，暗指他们配合默契或存在感强烈。,10128,"[""有蜜蜡大大吊坠"", ""怎么鉴别"", ""无事牌没抢到"", ""学习了[比心]老郑哥[比心]"", ""开水锅煮的[捂脸]""]"
douyin-train-007162,douyin,train,7162,elslk001,美食饮料,没有了,1,该用户想表达的含义是：商品已经卖完了或库存没有了。,10147,"[""味道好,但有异味"", ""克洛文兄弟把好东西带进中国品质保证你会发大财"", ""收到了,好吃"", ""中文说得很流利[赞][赞]"", ""中文厉害!刚收到刚吃了各2粒""]"
douyin-train-007167,douyin,train,7167,elslk001,美食饮料,2号链接的糖可以给孩子吃吗?,1,该用户是在询问2号链接的糖果是否适合儿童食用，表现出对产品安全性和适用年龄的关切。,10153,"[""好好想想吧,俄罗斯他是巧克力的产地吗?巧克力主要原材料是可可可可,生长在热带"", ""独立包装加分"", ""真抢得到福袋吗[捂脸]"", ""孕妇能不能吃[捂脸]"", ""能不能送我一颗尝尝[看][看]""]"
douyin-train-007229,douyin,train,7229,elslk001,美食饮料,"包装啥样,是中文吗",1,该用户是在询问产品包装的语言版本，担心进口商品没有中文标识而影响使用体验。,10233,"[""都是进口的吗拍了几个款[比心][比心][比心]"", ""巳拍2单"", ""推歀巧克力"", ""太漂亮了!中文说的真棒![玫瑰][玫瑰][玫瑰][玫瑰][玫瑰][玫瑰]"", ""有AK不[呲牙][呲牙][呲牙]""]"
douyin-train-007267,douyin,train,7267,elslk001,美食饮料,主播能不能卖俄罗斯荞麦汁?,1,该用户想表达的含义是：询问主播是否会上架俄罗斯荞麦汁这款产品，表现出对该商品的购买兴趣。,10280,"[""有提拉米苏"", ""血糖高可以吃吗"", ""农业没有对手???"", ""俄罗斯有没有抽脂技术"", ""卖点紫金呀""]"
douyin-train-007289,douyin,train,7289,elslk001,美食饮料,流心巧克力,1,该用户可能是在询问或感叹直播中展示的巧克力产品具有流心内馅的特点。,10312,"[""好像整个欧洲都种不了可可豆吧,但是人家吃巧克力啊,他们应该是世界上最大的可可豆进口国"", ""巧克力好"", ""普通话还牛的很"", ""这是啥"", ""无糖威化""]"
douyin-train-007342,douyin,train,7342,elslk001,美食饮料,你家的东西卖的贵啊!,0,该用户可能是在对比价格后觉得商品性价比不高，委婉表达对定价的质疑或希望获得优惠。,10399,"[""换短袖吧主播"", ""你是不是中国人戴了面具"", ""主播那里人"", ""是不是代可可"", ""好吃吗?[赞]""]"
douyin-train-007367,douyin,train,7367,Jing1000086,服饰鞋履,短皮衣短皮衣短皮衣,1,该用户急切希望主播尽快展示或介绍短款皮衣这款商品。,10433,"[""短皮衣"", ""防晒霜今晚上不"", ""刚才不破洞牛仔裤"", ""先上美背,要洗澡了[捂脸]"", ""上衣没有小个小版吗""]"
douyin-train-007378,douyin,train,7378,Jing1000086,服饰鞋履,上衣没有,1,该用户想表达的含义是：当前展示的上衣款式或尺码不符合自己的需求，希望主播能补充其他选择。,10446,"[""美背发福利[比心][比心]"", ""有没有短裤"", ""身上的牛仔裤有弹力吗"", ""矮个子上衣加一点"", ""好好看裤子""]"
douyin-train-007391,douyin,train,7391,Jing1000086,服饰鞋履,破洞的还上吗?,1,该用户是在询问之前展示过的破洞款式商品是否会再次补货或上架。,10464,"[""有弹力吗"", ""碎花连衣裙有吗"", ""裤子是高腰吗"", ""有没有小个子穿的裤子?????"", ""能搭配黄色短袖不""]"
douyin-train-007582,douyin,train,7582,Jing1000086,服饰鞋履,怎么摔的,0,该用户可能在询问主播展示商品时意外掉落或测试产品抗摔性能的具体情况，暗示对商品质量或使用场景存在兴趣。,10748,"[""破洞牛仔裤在上一波破洞牛仔裤在上一波"", ""注意安全"", ""艾米给力"", ""今天有衬衫上吗"", ""裤子没有""]"
douyin-train-007678,douyin,train,7678,Jing1000086,服饰鞋履,短皮衣短皮衣,1,该用户急切地催促主播上架或展示短款皮衣商品，表达强烈的购买意向。,10882,"[""裤子卡码怎么拍"", ""你穿的是什么码?"", ""89.9牛仔黑色短裤不上了吗?"", ""好喜欢,都想买"", ""没有了""]"
douyin-train-007681,douyin,train,7681,Jing1000086,服饰鞋履,艾米生日快乐[蛋糕][礼物],0,该用户是在参与直播间的生日祝福互动，表达对主播艾米的生日祝贺而非购买意向。,10885,"[""好喜欢,都想买"", ""没有了"", ""短皮衣短皮衣"", ""艾半生日快乐[礼物]"", ""欣姐美背""]"
douyin-train-007685,douyin,train,7685,Jing1000086,服饰鞋履,背心亲,0,该用户可能在询问主播身上穿的背心款式或品牌，表达对这款商品的兴趣和购买意向。,10889,"[""欣姐美背"", ""艾米生日快乐[蛋糕][礼物]"", ""卡码买什么码"", ""配别的裤子呢"", ""远看裤子""]"
douyin-train-007751,douyin,train,7751,Jing1000086,服饰鞋履,里面的背心有吗,1,该用户是在询问直播间展示的服装搭配中是否包含同款或类似款式的背心可供购买。,10989,"[""小个子"", ""没有码数"", ""断码了"", ""没有码"", ""有没有小西装外套""]"
douyin-train-007784,douyin,train,7784,Jing1000086,服饰鞋履,怎么Xs老是缺货啊,0,该用户是在抱怨某款商品（可能是Xs型号或系列）频繁缺货，表达了对无法及时购买到心仪产品的失望和不满。,11046,"[""有沐浴露嘛?"", ""125斤能穿吗"", ""又没抢到"", ""刚刚说下一款私服了,一直等到现在"", ""裤子看看""]"
douyin-train-008009,douyin,train,8009,Jing1000086,服饰鞋履,好好看[比心][比心],1,该用户想表达的含义是：对当前展示的服装款式表示强烈的喜爱和赞赏。,11363,"[""只要质量好"", ""这是裙子吗?"", ""好看,但是穿不了"", ""直接胖穿不了无袖的啊"", ""真好看""]"
douyin-train-008034,douyin,train,8034,Jing1000086,服饰鞋履,项链有吗,1,该用户是在询问直播间是否售卖项链产品，并可能对款式或细节有进一步了解的兴趣。,11400,"[""这套矮个子适合不"", ""美背为什么那么久不发货"", ""可以搭什么外套[比心]"", ""高到什么程度?[捂脸]"", ""身上美背""]"
douyin-train-008058,douyin,train,8058,Jing1000086,服饰鞋履,这种要瘦的人穿好看,0,该用户可能是在委婉表达自己因体型原因不适合这件衣服，暗示对产品兴趣不大或希望主播推荐更适合微胖人群的款式。,11434,"[""裙子是之前的百褶裙吗"", ""要身上的美背身上的美背身上的美背[比心]"", ""物超所值"", ""后站看一下"", ""上套装吧""]"
douyin-train-008063,douyin,train,8063,Jing1000086,服饰鞋履,我以为裙子[捂脸],0,该用户可能想表达对裙子款式或效果的失望或意外，认为实物与预期不符而无奈调侃。,11444,"[""白色外套私服今天上吗"", ""要包包"", ""包包有吗?????"", ""有袖子就好"", ""裙子没了""]"
douyin-train-008064,douyin,train,8064,Jing1000086,服饰鞋履,我1.50小个子能不能穿,1,该用户想询问自己身高较矮（1.5米）是否适合穿着当前展示的服装款式。,11446,"[""包包有吗?????"", ""有袖子就好"", ""裙子没了"", ""我以为裙子[捂脸]"", ""上衣卡码怎么拍""]"
douyin-train-008089,douyin,train,8089,Jing1000086,服饰鞋履,高个子裤子长多少,1,该用户想询问裤子的长度是否适合高个子身材的人穿着。,11486,"[""包包也要"", ""好看,肩膀宽适不适合穿"", ""做黑色吗"", ""胳膊粗穿是不是不合适"", ""可以配牛仔裤吗""]"
douyin-train-008112,douyin,train,8112,Jing1000086,服饰鞋履,110能不能穿,1,该用户是在询问自己体重110斤的情况下能否穿得下主播展示的服装款式。,11523,"[""不要黑色"", ""腰带什么材质?"", ""配裤子好看不??欣儿"", ""欣儿穿的什么码?[比心][比心][比心][比心][比心][比心][比心]"", ""配上次的百褶裙可以吗""]"
douyin-train-008115,douyin,train,8115,Jing1000086,服饰鞋履,加个袖子,0,该用户希望主播展示的服装款式能增加袖子的设计。,11529,"[""主播穿的什么码?"", ""我肩宽合适穿吗"", ""白色好看"", ""死气沉沉"", ""我也不喜欢黑色了[捂脸][捂脸][捂脸]""]"
douyin-train-008127,douyin,train,8127,Jing1000086,服饰鞋履,112斤能穿吗,1,该用户是在询问自己112斤的体重是否适合穿直播展示的服装款式。,11545,"[""这个白压肤色不"", ""120斤能穿吗"", ""衣服是奶白色吗"", ""你的手表是什么的,很漂亮"", ""白色对胖的不友好""]"
douyin-train-008197,douyin,train,8197,Jing1000086,服饰鞋履,夏天穿不知道会不会热,1,该用户是在担心这件夏装的透气性和舒适度，犹豫是否适合在炎热季节穿着。,11638,"[""矮个子没了"", ""没有呢"", ""套装为什么分开呢"", ""太快了吧"", ""这衣服配裤子好看吗""]"
douyin-train-008209,douyin,train,8209,Jing1000086,服饰鞋履,姐妹们你们咋那么瘦呀[捂脸][捂脸][捂脸],0,该用户可能是看到其他观众讨论穿搭效果时，通过调侃他人身材的方式间接表达对直播商品的兴趣，暗示自己也想通过购买同款达到类似的显瘦效果。,11656,"[""没没没没没没没没了"", ""衣服配其他裤子好看不"", ""没码子了"", ""没有抢到"", ""除了搭这个裙子还可以怎么搭""]"
douyin-train-008251,douyin,train,8251,Jing1000086,服饰鞋履,推荐一套西裤,1,该用户希望主播能针对当前讨论的服装款式推荐一套完整的西裤搭配方案。,11710,"[""什么时候发货"", ""可以配上次那款百褶裙嘛?"", ""要包包"", ""搭配一下其他的"", ""120的不能穿吗[捂脸]没有码""]"
douyin-train-008254,douyin,train,8254,Jing1000086,服饰鞋履,主播现在有多少斤?,0,该用户是在询问主播展示的服装适合多少体重的人穿着，以判断自己是否合适购买。,11714,"[""120的不能穿吗[捂脸]没有码"", ""推荐一套西裤"", ""没上小个子啊"", ""买一套[比心][比心]"", ""裙子上一波""]"
douyin-train-008326,douyin,train,8326,Jing1000086,服饰鞋履,有短袖款的吗,1,该用户是在询问主播当前展示的商品是否有短袖款式可供选择。,11823,"[""做个短一点的"", ""加大码[比心][比心]"", ""套装多会上"", ""想买包包"", ""要大码""]"
douyin-train-008358,douyin,train,8358,Jing1000086,服饰鞋履,裤子没了,0,该用户想表达的含义是：询问直播中展示的裤子是否已经售罄或没有库存了。,11867,"[""裙裤开一下"", ""上衣卡吗怎么拍"", ""欣姐防晒的什么时候出欣姐防晒的什么时候出欣姐防晒的什么时候出欣姐防晒的什么时候出欣姐防晒的什么时候出"", ""卡码拍大?"", ""裤裙裤裙""]"
douyin-train-008366,douyin,train,8366,Jing1000086,服饰鞋履,为什么,0,该用户可能是在询问主播之前提到的某个商品或活动的具体原因或细节，比如为什么某个款式缺货、为什么这样搭配、为什么选择某个颜色等。,11879,"[""腰带一起的吗"", ""148可以穿吗"", ""我155"", ""好美啊"", ""162,110斤能穿吗,上衣""]"
douyin-train-008394,douyin,train,8394,Jing1000086,服饰鞋履,我要152,1,该用户想表达的是自己身高152厘米，询问是否有适合自己尺码的服装。,11920,"[""后来的想要包包"", ""上衣还可以怎么搭吖"", ""150穿的"", ""裤子上一下"", ""116斤大码能穿吗[捂脸]""]"
douyin-train-008454,douyin,train,8454,Jing1000086,服饰鞋履,什么时候有美背,1,该用户想询问直播中展示的“美背”款式服装何时会再次上架或补货。,12011,"[""配黑色裤子可以不[互粉]"", ""衣服码子小了"", ""加大码"", ""155个子,110斤穿瘦吗"", ""155买哪个裤子""]"
douyin-train-008643,douyin,train,8643,Jing1000086,服饰鞋履,我就喜欢这类型[捂脸],0,该用户想表达的含义是：虽然对这类风格很感兴趣，但可能因自身条件（如手臂较粗）有些顾虑和无奈。,12289,"[""裤子卡码怎么拍"", ""美背美背美背"", ""裤子卡码拍大还是拍小"", ""我喜欢你的项链配饰"", ""皮肤黑,可以穿吗""]"
douyin-train-008702,douyin,train,8702,Jing1000086,服饰鞋履,看一下,1,该用户想表达的含义是：希望主播展示一下当前商品的具体搭配效果或细节。,12368,"[""断货了"", ""164拍哪个码"", ""换一个上衣看看"", ""这种衣服穿上显高级"", ""想要包包""]"
douyin-train-008711,douyin,train,8711,Jing1000086,服饰鞋履,裤子搭下别的衣服[捂脸][捂脸][捂脸],1,该用户想表达的含义是：希望主播展示这条裤子与其他上衣的搭配效果。,12383,"[""裤子还可以搭什么"", ""我买了裤子"", ""想知道这个裤子还能搭配什么上衣"", ""衣服没了"", ""西裤可以在上吗""]"
douyin-train-008716,douyin,train,8716,Jing1000086,服饰鞋履,牛仔裤的长度能再看一下吗,1,该用户想进一步确认牛仔裤的具体尺寸细节以便评估是否适合自己购买。,12391,"[""153,100斤怎么拍"", ""裙子开价了吗"", ""丫头你好甜"", ""鞋子能穿小白鞋吗"", ""上小个子衣服""]"
douyin-train-008724,douyin,train,8724,Jing1000086,服饰鞋履,裤裙子好看,1,该用户想表达的含义是：这条裤裙的款式很吸引人，我有购买意向。,12406,"[""鞋子能搭配小白鞋吗"", ""西裤可西裤在上一波"", ""可以搭黑色西裤吗"", ""前面好看"", ""多久发货""]"
douyin-train-008928,douyin,train,8928,Jing1000086,服饰鞋履,艾米生日快乐[比心][比心][比心],0,该用户是在主播生日祝福的互动氛围中，表达对主播的友好问候与情感支持，而非针对商品本身的购买意向。,12690,"[""艾米生日快乐[比心][比心]"", ""短才不会热"", ""艾米生日快乐[比心]"", ""艾米生日快乐呀"", ""[比心]艾米生日快乐""]"
douyin-train-008982,douyin,train,8982,Jing1000086,服饰鞋履,没码啦,0,该用户想表达的含义是：想要的尺码已经售罄了。,12777,"[""裤子没抢到"", ""裙裤价格开好了的吗"", ""好穿好穿"", ""已拍"", ""欣姐有没有黑色阔腿裤""]"
douyin-train-009035,douyin,train,9035,Jing1000086,服饰鞋履,腰带一起的吗亲亲,1,该用户想询问当前展示的商品是否包含配套的腰带。,12852,"[""衣服又买了几套,就缺鞋子了[爱心][爱心][爱心][爱心][爱心]"", ""美背大胸能穿不"", ""买不完你家衣服了[流泪][流泪][流泪][流泪][流泪]"", ""有夏天穿的喇叭裤么?"", ""白色腰带""]"
douyin-train-009051,douyin,train,9051,Jing1000086,服饰鞋履,有运费险吗,0,该用户是在确认商品的售后保障，以此评估购买风险并决定是否下单。,12875,"[""价格没改"", ""上点白色腰带"", ""卡吗怎么拍"", ""身上腰带更好看"", ""可以配小白鞋吗,穿不了高跟鞋""]"
douyin-train-009139,douyin,train,9139,Jing1000086,服饰鞋履,卡码怎么拍?,1,该用户想询问如何根据自身身材选择合适的服装尺码进行购买。,13001,"[""要是搭配这个腰带更好看"", ""可以搭休闲鞋吗可以搭休闲鞋吗可以搭休闲鞋吗"", ""夏天穿的吗"", ""试下黑色腰带"", ""身高154.90斤怎么拍""]"
douyin-train-009157,douyin,train,9157,Jing1000086,服饰鞋履,@好***冬天穿,0,该用户想询问主播展示的服装是否适合在冬季穿着。,13032,"[""多做一些气质款,好看"", ""助理回复下,可以搭休闲鞋吗可以搭休闲鞋吗"", ""16号白色裤子加[比心][比心][比心][比心][比心]"", ""一米五五穿着到哪里??????"", ""怎么不开运费险呢?[比心]""]"
douyin-train-009177,douyin,train,9177,Jing1000086,服饰鞋履,说的对,0,该用户想表达的含义是：认同主播刚才介绍的产品卖点或观点。,13061,"[""喜欢高品质的价格美丽的"", ""主要是没有那身材[捂脸]"", ""我贷款买的[捂脸][捂脸][捂脸][捂脸][捂脸]"", ""没毛病[比心][比心][比心]"", ""矮个子的试下""]"
douyin-train-009225,douyin,train,9225,Jing1000086,服饰鞋履,"对,终于转变了",0,该用户可能是在对主播更换展示的服装款式或风格表示认可和期待，认为之前的搭配不够理想而现在终于有了改进。,13136,"[""袖子多长啊"", ""你的唇膏什么时候有"", ""这款优带没有刚才那个好看"", ""袖子放下看看"", ""七分袖吗""]"
douyin-train-009276,douyin,train,9276,Jing1000086,服饰鞋履,终于等到她,0,该用户想表达的含义是：一直在等待某款心仪的商品或主播展示特定产品，现在终于出现了。,13214,"[""适合多少度天气穿"", ""黄色腰带截图一下"", ""短皮衣有没有?"", ""欣姐,播播间没有的配饰在哪里买[捂脸]"", ""蓝色衬衣,马甲""]"
douyin-train-009283,douyin,train,9283,Jing1000086,服饰鞋履,全部都这个好看,1,该用户想表达的含义是：直播展示的所有商品款式都很吸引人。,13227,"[""怎么全部白色"", ""怎么全都是白色的"", ""手表可以看下吗手表可以看下吗手表可以看下吗手表可以看下吗手表可以看下吗"", ""蓝色衬衣马甲都上一点"", ""这个好好看""]"
douyin-train-009285,douyin,train,9285,Jing1000086,服饰鞋履,气质款,1,该用户想表达的含义是：这件衣服的设计风格很符合自己的审美偏好，显得优雅有品位。,13229,"[""手表可以看下吗手表可以看下吗手表可以看下吗手表可以看下吗手表可以看下吗"", ""蓝色衬衣马甲都上一点"", ""这个好好看"", ""全部都这个好看"", ""那个皮带有吗?那个皮带有吗?""]"
douyin-train-009312,douyin,train,9312,Jing1000086,服饰鞋履,46号在开一下欣姐,1,"该用户希望主播重新展示46号商品（可能是服装或配饰），并表示对""欣姐""（可能是模特或主播）的偏好。",13269,"[""第一个气质的在上一下"", ""鞋子有吗"", ""什么时候发货"", ""整个长袖"", ""仙气飘飘[捂脸][捂脸]""]"
douyin-train-009461,douyin,train,9461,Jing1000086,服饰鞋履,带子可以不要吗?,1,该用户希望商品能去掉装饰带的设计。,13481,"[""飘带可以取吗"", ""胸大可以穿吗"", ""做到120斤的"", ""不是每个人都有你这么好的手臂"", ""黑黄皮的拍什么颜色比较好""]"
douyin-train-009485,douyin,train,9485,Jing1000086,服饰鞋履,没码了,1,该用户想表达的是商品缺货或断码，自己想要的尺码已经售罄了。,13516,"[""做点120斤的"", ""有飘带日常不方便"", ""带子能剪掉吗"", ""我还以为看错了呢"", ""带袖的裙子有吗""]"
douyin-train-009489,douyin,train,9489,Jing1000086,服饰鞋履,"不知道腰围,只知道体重",1,该用户可能是在询问服装尺码时因不清楚腰围数据，试图通过体重信息来推测合适的尺寸。,13521,"[""没码了"", ""想要好一点,但是不想要飘带的"", ""不要带子可以不"", ""白色西裤加一点"", ""什么颜色好看""]"
douyin-train-009495,douyin,train,9495,Jing1000086,服饰鞋履,"有没有袖子款的,手臂粗这穿不了",1,该用户是在询问是否有带袖的款式可供选择，因为自己手臂较粗不适合穿无袖款。,13533,"[""腰围没写啊"", ""想要好一点,但不想要飘带的"", ""你身上那个裙子是现货吗?"", ""麒麟臂穿不了"", ""带孩子,不要飘带""]"
douyin-train-009508,douyin,train,9508,Jing1000086,服饰鞋履,可以不要飘带,0,该用户希望商品能够去掉飘带的设计。,13548,"[""没枪到"", ""要高端"", ""真丝是很好真丝的容易勾丝"", ""为什么要飘带"", ""做男装""]"
douyin-train-009537,douyin,train,9537,Jing1000086,服饰鞋履,后面看看,1,该用户想表达的含义是：先观望一下后续展示的商品再决定是否购买。,13594,"[""西装裤还有吗"", ""有没有运费险"", ""远看一天"", ""太好看了"", ""还上私服了吗""]"
douyin-train-009557,douyin,train,9557,Jing1000086,服饰鞋履,CK36-1,0,"该用户是在询问商品编号为""CK36-1""的款式是否会在这场直播中上架销售。",13621,"[""短皮衣有没有?"", ""我90斤,腰围64,买什么码?"", ""海派甜心价格开一下嘛"", ""海派甜心开一下"", ""穿下白色""]"
douyin-train-009561,douyin,train,9561,Jing1000086,服饰鞋履,腰围79穿不了体重104[捂脸][捂脸],1,该用户想表达的含义是：虽然喜欢这件衣服，但自己的腰围和体重与商品尺码不匹配，感到遗憾和无奈。,13626,"[""CK36-1"", ""看看后面"", ""这条很好看,我喜欢,可是我120斤呀穿不了[捂脸][捂脸][捂脸]"", ""这个包包好喜欢"", ""有袖子的上点[捂脸]""]"
douyin-train-009616,douyin,train,9616,Jing1000086,服饰鞋履,包好看,1,该用户想表达的含义是：这款包的设计很吸引人，让人有购买欲望。,13709,"[""什么时间上私服套装"", ""手表好好看"", ""@荷***2223号"", ""后期来真丝的"", ""刚进来看下后面""]"
douyin-train-009671,douyin,train,9671,Jing1000086,服饰鞋履,防晒衣可不可以带播,1,该用户是在询问主播能否现场展示并讲解防晒衣的款式和功能。,13781,"[""没有包边吗[爱心][爱心][爱心]"", ""有亮色吗"", ""胸大能穿吗"", ""透视吗"", ""还想买袜子""]"
douyin-train-009674,douyin,train,9674,Jing1000086,服饰鞋履,要等很久吗,1,该用户可能在询问商品发货周期是否会影响使用时效，担心等待时间过长导致错过最佳穿着季节。,13785,"[""还想买袜子"", ""防晒衣可不可以带播"", ""好好看[捂脸][捂脸][捂脸][比心][比心][比心][比心]"", ""怎么搭配"", ""美呆了""]"
douyin-train-009677,douyin,train,9677,Jing1000086,服饰鞋履,上了一节课错过了好多,0,该用户因中途离开直播间而遗憾错过了部分商品展示或优惠活动，暗示对直播内容有持续关注和潜在购买兴趣。,13790,"[""要等很久吗"", ""蕾丝单卖就好了[比心]"", ""要有质感的"", ""上次买的到现在还没发货……"", ""现货吗""]"
douyin-train-009690,douyin,train,9690,Jing1000086,服饰鞋履,个头卡码拍大?,1,该用户是在询问商品的尺码是否偏小，建议选择大一号的尺寸购买。,13809,"[""就是要等好久"", ""海派甜心价格开一下嘛"", ""能搭白色的裙子吗"", ""14号开好价的吗"", ""5.5[捂脸][捂脸][捂脸]""]"
douyin-train-009727,douyin,train,9727,Jing1000086,服饰鞋履,加小没有了[捂脸],1,该用户想表达的含义是：想购买的商品已经售罄，感到遗憾和无奈。,13864,"[""裙子在几号"", ""有运费险吗"", ""裤子几号啊"", ""卡码怎么怕"", ""没买到""]"
douyin-train-009757,douyin,train,9757,Jing1000086,服饰鞋履,他的意思是人少到人多,0,该用户可能是在调侃直播间人气变化，暗示主播从早期观众稀少发展到现在人气旺盛的状态。,13907,"[""大概什么时候发货"", ""那是人家有能力承认别人优秀有那么难吗"", ""裙子看看"", ""[捂脸][捂脸][捂脸]因为你真诚啊"", ""白色裤子能配吗""]"
douyin-train-010123,douyin,train,10123,Jing1000086,服饰鞋履,配裙子好看还是裤子好看,1,该用户是在询问主播推荐的穿搭建议，想了解展示的服装更适合搭配裙子还是裤子来提升整体效果。,14432,"[""破产了"", ""裙子搭别的"", ""[比心][比心][比心]海派甜心价格再开一波嘛"", ""两件套卡码怎么拍呀"", ""碎花连衣裙今天上吗""]"
douyin-train-010283,douyin,train,10283,Jing1000086,服饰鞋履,有连衣裙吗?,1,该用户是在询问直播间是否会上架或展示连衣裙款式，表达了对这类商品的潜在购买兴趣。,14686,"[""刚穿的白t有吗???"", ""当然算"", ""30号晚上八点吗"", ""我知道了,30号坐等"", ""说啥了?刚进来""]"
douyin-train-010363,douyin,train,10363,achun1999,美容护肤,洗发水是开了价的吗?,1,该用户可能在询问洗发水的价格是否已经公布或开始促销。,14800,"[""双面霜"", ""生日礼物生日礼物"", ""防晒霜"", ""玫瑰精油"", ""有没有纯面霜链接""]"
douyin-train-010510,douyin,train,10510,achun1999,美容护肤,支持国产,0,该用户想表达的含义是：对国产品牌表示认同并有意愿购买相关产品。,15023,"[""明白啦"", ""能搭配仪器一起用吗?"", ""中福袋"", ""[比心]主播下午好"", ""生日礼物""]"
douyin-train-010597,douyin,train,10597,achun1999,美容护肤,泥膜嘛,1,该用户是在询问直播间是否有售卖泥膜产品。,15153,"[""老板生日礼物"", ""加加油"", ""生日礼物生日礼物"", ""有泪沟怎么办"", ""主播下午好""]"
douyin-train-010675,douyin,train,10675,achun1999,美容护肤,就等他了,0,该用户想表达的含义是：一直在等待当前介绍的产品/福利上线，迫不及待想要购买或参与。,15256,"[""生日礼物生日礼物生日礼物"", ""所谓擅长,就是日复一日"", ""一周几次"", ""生日礼物生日礼物"", ""效果咋样""]"
douyin-train-010714,douyin,train,10714,achun1999,美容护肤,没抢到,1,该用户因商品抢购失败而感到遗憾和不甘心。,15306,"[""晚上还有吗"", ""没抢到啊"", ""洗面奶上了吗"", ""蛋黄油"", ""@青青青青""]"
douyin-train-010768,douyin,train,10768,achun1999,美容护肤,全程在线,0,该用户想表达的是自己从直播开始一直持续观看没有离开。,15379,"[""水光乳是什么活动?"", ""一直在"", ""我都看了一天了"", ""我跟了三小时[泪奔]"", ""开播看到现在""]"
douyin-train-010788,douyin,train,10788,achun1999,美容护肤,主播鼻子还没有干净,0,该用户可能在委婉提醒主播注意仪容细节，暗示对主播专业形象或产品展示效果的关注。,15410,"[""现在上"", ""以为抢光了[捂脸]"", ""以为没抢到呢"", ""面膜面膜面膜面膜面膜面膜面膜面膜面膜面膜面膜面膜面膜面膜面膜面膜面膜面膜生日礼物生日礼物生日礼物面膜"", ""以为抢完了""]"
douyin-train-010811,douyin,train,10811,achun1999,美容护肤,洗发水不上吗,1,该用户是在询问直播间是否会上架洗发水产品，表现出对这款商品的期待和购买意向。,15436,"[""黄金皂黄金皂"", ""生日礼物"", ""没有抢到啊"", ""面膜面膜面膜"", ""玫瑰精油了?????""]"
douyin-train-010813,douyin,train,10813,achun1999,美容护肤,蛋黄霜还有吗,1,该用户是在询问直播间此前推荐过的蛋黄霜是否还有库存或是否会再次上架售卖。,15438,"[""没有抢到啊"", ""面膜面膜面膜"", ""玫瑰精油了?????"", ""洗发水不上吗"", ""从你开播看到现在""]"
douyin-train-010927,douyin,train,10927,achun1999,美容护肤,不送那个金手链吗,1,该用户可能在询问直播间是否会有赠送金手链的促销活动，暗示对该商品有兴趣并希望获得优惠。,15614,"[""蛋黄有吗?"", ""香皂今天还有吗"", ""蛋黄霜"", ""蛋黄油,蛋黄油,蛋黄油"", ""买得太快啊""]"
douyin-train-011099,douyin,train,11099,achun1999,美容护肤,我进5级了,0,该用户想表达的含义是：我的账号等级升到5级了，说明我是直播间常客或忠实粉丝。,15851,"[""蛋黄油![咒骂]"", ""等手镯的"", ""玫瑰精油"", ""好长时间没刷到阿纯了"", ""搞快点,看了一下午""]"
douyin-train-011102,douyin,train,11102,achun1999,美容护肤,生日礼物,0,该用户可能在询问是否有适合作为生日礼物的产品推荐。,15855,"[""搞快点,看了一下午"", ""我进5级了"", ""胶原桶没有了吗"", ""等了3个多小时了"", ""提亮面膜""]"
douyin-train-011137,douyin,train,11137,achun1999,美容护肤,家里面膜都是你家买的,0,该用户想表达的含义是：我是你们家的忠实顾客，一直在购买并使用你们的面膜产品。,15899,"[""积雪草面膜很好用[比心][比心][比心]"", ""面霜面霜面霜面霜面霜面霜面霜"", ""刚睡醒,没抢上"", ""我乡下人这么高级的不会用啊"", ""冰莲面膜""]"
douyin-train-011206,douyin,train,11206,achun1999,美容护肤,我要绿的,1,该用户想表达的是自己希望购买绿色款或绿色包装的产品。,16004,"[""不够不够"", ""巨补水"", ""没抢到"", ""积雪草成分很好的"", ""再加3盒""]"
douyin-train-011272,douyin,train,11272,achun1999,美容护肤,鼠标都按冒火星了,0,该用户想表达的含义是：自己抢购商品时点击鼠标的速度和频率极高，表现出强烈的购买意愿和急切心态。,16102,"[""再来两盒"", ""要不就弄两个链接"", ""蛋黄油,蛋黄油,蛋黄油"", ""继续加"", ""在来二盒""]"
douyin-train-011400,douyin,train,11400,achun1999,美容护肤,保湿霜,1,该用户可能在询问直播间是否有保湿霜产品，或对主播提到的保湿霜表现出兴趣和关注。,16269,"[""哥,洗发水还有吗?"", ""还没买呢"", ""阿纯太给力了[捂脸][捂脸][捂脸]5000没挡住[捂脸][捂脸]阿纯永远的神[比心][比心][比心][比心][比心]"", ""下午好"", ""生日礼物""]"
douyin-train-011435,douyin,train,11435,achun1999,美容护肤,小红书看过你,0,该用户想表达的含义是：我之前在小红书平台关注过你（或看过你的内容），现在来直播间支持你。  （结合语境：用户提及其他社交平台，暗示对主播有一定了解，可能是因内容种草而来，带有潜在兴趣或信任感。）,16318,"[""给我中"", ""痘痘肌能不能用防嗮?"", ""蛋黄油蛋黄油蛋黄油蛋黄油蛋黄油蛋黄油蛋黄油蛋黄油"", ""洗发水"", ""生日礼物""]"
douyin-train-011458,douyin,train,11458,achun1999,美容护肤,洗面奶现在可以拍吗,1,该用户是在询问当前是否可以立即下单购买洗面奶产品。,16351,"[""蛋黄油蛋黄油蛋黄油蛋黄油"", ""孕妇能用吗"", ""活动到啥时候?"", ""儿童能用不"", ""就不能多我一个人中奖吗""]"
douyin-train-011501,douyin,train,11501,achun1999,美容护肤,上链接,1,该用户急切催促主播尽快将当前讨论的产品（可能是蛋黄油或蛋黄面霜）上架销售链接。,16402,"[""会不会假白"", ""洗面奶咋卖"", ""蛋黄面霜上呀"", ""人参水乳"", ""洗发水直接拍吗""]"
douyin-train-011509,douyin,train,11509,achun1999,美容护肤,不看了再看还得买生日快乐,0,该用户想表达的含义是：担心继续观看直播会忍不住消费，所以决定退出直播间来克制购买冲动。,16415,"[""中下午好"", ""生日礼物生日礼物"", ""老男人有没有什么推荐的?秃头,油性皮肤,肤色暗...!!!"", ""果酸精华"", ""有刚刚那个胶原蛋白面膜吗""]"
douyin-train-011510,douyin,train,11510,achun1999,美容护肤,给力!!,0,该用户想表达的含义是：对直播中推荐的产品或促销活动感到兴奋和认可。,16416,"[""生日礼物生日礼物"", ""老男人有没有什么推荐的?秃头,油性皮肤,肤色暗...!!!"", ""果酸精华"", ""有刚刚那个胶原蛋白面膜吗"", ""不看了再看还得买生日快乐""]"
douyin-train-011584,douyin,train,11584,achun1999,美容护肤,爱出大汗能用吗?,1,该用户是在询问当前直播中推荐的产品是否适合容易大量出汗的人群使用。,16524,"[""福袋还有没有,没有走啦"", ""这个什么品牌来的"", ""主播讲的特别好,支持支持[比心][比心]"", ""果酸精华"", ""下午好""]"
douyin-train-011610,douyin,train,11610,achun1999,美容护肤,黄金皂,1,该用户可能在询问或确认直播间是否还有“黄金皂”这款产品在售。,16562,"[""蛋黄油蛋黄油"", ""沐浴露,牙膏什么时候能上啊?等了一下午了"", ""挺好的"", ""防晒衣"", ""平衡霜平衡霜""]"
douyin-train-011772,douyin,train,11772,achun1999,美容护肤,链接没用弄好,0,该用户想表达的含义是：商品购买链接尚未生效或无法正常打开。,16789,"[""姜黄面膜"", ""在上点"", ""早都没有了"", ""会不会粘"", ""没上吗""]"
douyin-train-011777,douyin,train,11777,achun1999,美容护肤,没上链接[流泪][流泪][流泪][流泪][流泪][流泪][流泪][流泪][流泪][流泪][流泪][流泪],1,该用户急切地想要购买当前商品，但因链接未及时上架而感到极度失望和焦急。,16799,"[""再上一次"", ""熬夜面膜啥时候上"", ""用了一年了.抢不到啊"", ""净肤哲学洗面奶"", ""抢不到""]"
douyin-train-011791,douyin,train,11791,achun1999,美容护肤,我儿子也在用,0,该用户想表达的含义是：这款产品在我家已经有实际使用体验，且效果值得信赖。,16818,"[""我昨天买了一罐[捂脸][捂脸][捂脸][捂脸]"", ""防晒霜怎么卖"", ""13岁有痘痘可以用蛋黄油吗"", ""玫瑰皂玫瑰皂玫瑰皂玫瑰皂玫瑰皂玫瑰皂玫瑰皂玫瑰皂玫瑰皂玫瑰皂玫瑰皂玫瑰皂玫瑰皂玫瑰皂玫瑰皂玫瑰皂[流泪][流泪]"", ""秒没没赶上""]"
douyin-train-011795,douyin,train,11795,achun1999,美容护肤,有隐藏机制吗?,0,该用户可能在询问产品是否存在未公开的促销活动或特殊购买方式（如隐藏优惠券、限时秒杀等）。,16822,"[""秒没没赶上"", ""我儿子也在用"", ""一直在屯这个"", ""没有抢到生日礼物"", ""熬夜面膜""]"
douyin-train-011823,douyin,train,11823,achun1999,美容护肤,眼霜眼霜眼霜眼霜眼霜眼霜眼霜眼霜眼霜眼霜眼霜眼霜眼霜眼霜眼霜眼霜眼霜眼霜眼霜眼霜眼霜眼霜眼霜眼霜眼霜,1,该用户想表达的含义是：强烈要求主播重点介绍或上架眼霜产品。  （分析依据：结合前文弹幕中重复关键词如“玫瑰皂”“生日礼物”的模式，此类密集重复通常表达用户对某一产品的急切需求或催促；且直播间存在抢购、产品提问等互动行为，用户可能通过刷屏引起主播注意。）,16859,"[""手机发烫,付款还要选择发货时间,没抢到"", ""想中福袋呜呜呜"", ""让我中福袋好嘛抖音"", ""生日礼物"", ""是小孩用的吗""]"
douyin-train-011826,douyin,train,11826,achun1999,美容护肤,洗面奶,1,该用户可能在询问或暗示对直播中提到的洗面奶产品感兴趣，想了解其详情或价格。,16866,"[""精华水"", ""酷毙了"", ""姜黄面膜"", ""我家几个月的婴儿宝宝也天天用蛋黄油呢,非常好,老大老二俩娃一起用"", ""没抢到""]"
douyin-train-011853,douyin,train,11853,achun1999,美容护肤,买的停不下了,0,该用户想表达的含义是：对商品的购买热情高涨，已经连续下单多次无法自控。,16901,"[""这个我是真想要"", ""洗发水"", ""脸黑,能涂吗"", ""上吧,我赶紧拍"", ""抽中我""]"
douyin-train-011973,douyin,train,11973,achun1999,美容护肤,多送点,1,该用户希望直播间能增加赠品数量或提高福利力度。,17089,"[""头皮有红点的能用吗"", ""控油吗油头适合吗"", ""洗面奶,水乳"", ""今天主打陪伴了生日礼物"", ""怎么用""]"
douyin-train-012089,douyin,train,12089,achun1999,美容护肤,男的可以用么????,1,该用户可能在询问当前介绍的产品是否适合男性使用，表现出对产品适用性的潜在购买兴趣。,17248,"[""睡觉睡觉睡觉"", ""黑玫瑰精油了"", ""阿纯我想要之前那个摸身上的没抢到上点吧"", ""洗面奶呢?"", ""冷凝胶""]"
douyin-train-012099,douyin,train,12099,achun1999,美容护肤,生日礼物,0,该用户可能在询问直播间是否有适合作为生日礼物的推荐商品，或是暗示自己需要挑选生日礼物。,17266,"[""呜呜呜我就是"", ""@阿纯（正在生日盛典院线开业黑玫瑰多会上"", ""洗面奶是开价了的吗"", ""不买都可惜不买都可惜不买都可惜不买都可惜不买都可惜不买都可惜"", ""苏苏午好""]"
douyin-train-012199,douyin,train,12199,achun1999,美容护肤,敏敏肌能用吗,1,该用户是在询问产品是否适合敏感肌肤使用。,17402,"[""保质期呢"", ""油皮呢?"", ""西藏不发货,中个福袋吧西藏不发货,中个福袋吧"", ""这个超级好用的生日礼物"", ""亏死啦""]"
douyin-train-012325,douyin,train,12325,achun1999,美容护肤,主播加油,0,该用户想表达的含义是：对主播的支持和鼓励，希望直播顺利进行。,17574,"[""生日礼物生日礼物"", ""让我中一次"", ""生日快乐"", ""京都哲学冰莲面膜还有吗"", ""人参面霜""]"
douyin-train-012335,douyin,train,12335,achun1999,美容护肤,小朋友能用吗,1,该用户想询问产品是否适合儿童使用。,17590,"[""生日礼物生日礼物"", ""大秀也来助播了"", ""哎呦我太绝了"", ""护发精油"", ""嗡嗡嗡～""]"
douyin-train-012352,douyin,train,12352,achun1999,美容护肤,柔肤水,1,该用户可能是在询问或关注直播间正在介绍的柔肤水产品信息，表达了对这款护肤品的潜在兴趣。,17616,"[""又要一哆嗦了"", ""人参面霜"", ""我用什么,不生产什么呢"", ""让我中一次"", ""生日礼物生日礼物""]"
douyin-train-012479,douyin,train,12479,achun1999,美容护肤,西瓜霜,1,该用户可能在询问直播间是否有售卖西瓜霜产品或相关使用信息。,17799,"[""人参面霜"", ""买了好多了[比心][比心][比心]"", ""能抹头皮吗"", ""过完了吗"", ""磨砂膏""]"
douyin-train-012506,douyin,train,12506,achun1999,美容护肤,我居然看了五小时,0,该用户想表达的含义是：没想到自己为了抢购牙膏竟然坚持观看了这么久的直播。,17835,"[""牙膏没看见牙膏,没看见牙膏没看见能不能上一下牙膏"", ""没抢到"", ""陪五个小时就等着牙膏呢"", ""没有呀"", ""干啥呢""]"
douyin-train-012539,douyin,train,12539,achun1999,美容护肤,休息会,0,"该用户可能是想建议主播暂停产品介绍稍作休息，或是看到其他观众频繁刷""休息""后跟风互动。",17882,"[""休息休息休息休息休息休息休息休息休息休息休息休息休息休息休息休息休息休息"", ""坐下更帅了"", ""把阿纯上架"", ""生日礼物生日礼物"", ""我都躺着啦""]"
douyin-train-012591,douyin,train,12591,achun1999,美容护肤,毛毯毛毯毛毯毛毯毛毯毛毯毛毯毛毯毛毯毛毯毛毯毛毯毛毯毛毯毛毯毛毯毛毯毛毯毛毯毛毯毛毯毛毯毛毯毛毯毛毯,1,该用户可能是在急切询问或催促主播展示/补货毛毯，或是强调自己参与活动满足条件后应获得的赠品毛毯。,17964,"[""洗发膏还有吗?"", ""接你的好运,让我中个奖[比心][比心][比心]"", ""面膜啊"", ""没有沐浴露吗?"", ""毛孔大的怎么办""]"
douyin-train-012597,douyin,train,12597,achun1999,美容护肤,人参霜人参霜人参霜人参霜人参霜人参霜人参霜人参霜人参霜人参霜人参霜人参霜人参霜人参霜人参霜人参霜人参,1,该用户急切催促主播介绍或上架人参霜产品，可能是对其功效感兴趣或想抢购。,17972,"[""牙膏牙膏牙膏牙膏牙膏牙膏牙膏牙膏牙膏牙膏牙膏牙膏牙膏牙膏牙膏牙膏牙膏牙膏牙膏牙膏牙膏牙膏牙膏牙膏"", ""控油霜上一下"", ""买了2000多了"", ""男生可用吗"", ""一开始上洗面奶阿纯动情了感恩哭了都""]"
douyin-train-012612,douyin,train,12612,achun1999,美容护肤,值得看这个,0,该用户可能是在询问当前展示的产品是否值得关注或购买。,17993,"[""中福袋[送心][送心][送心]"", ""卸妆油卸妆油卸妆油卸妆油卸妆油卸妆油"", ""生日礼物生日礼物生日礼物"", ""五号开价了吗?"", ""防晒上了吗""]"
douyin-train-012615,douyin,train,12615,achun1999,美容护肤,生日礼物,0,该用户可能在询问直播间是否有适合作为生日礼物的商品推荐，或是希望主播介绍当前展示的产品是否适合当作生日礼物送出。,17996,"[""五号开价了吗?"", ""防晒上了吗"", ""值得看这个"", ""想中一次福袋,阿纯最帅!生日礼物"", ""西瓜霜""]"
douyin-train-012682,douyin,train,12682,achun1999,美容护肤,一直用,0,该用户想表达的含义是：我一直都在使用这款产品（对其效果满意并持续回购）。,18083,"[""素颜霜素颜霜素颜霜素颜霜素颜霜"", ""人参面霜"", ""超级好用"", ""特别好用"", ""人参霜上啊""]"
douyin-train-012715,douyin,train,12715,achun1999,美容护肤,素颜霜,1,该用户可能是在询问或催促主播介绍/上架素颜霜产品，或是表达自己对这款商品的兴趣和需求。,18142,"[""人参水乳啥时候上"", ""买了一下午福袋一次没中[捂脸][捂脸][捂脸]"", ""阿纯洗面奶我洗头可好了![呲牙][呲牙][呲牙]"", ""21干啥的"", ""卸妆油是什么机制""]"
douyin-train-012783,douyin,train,12783,achun1999,美容护肤,洗发水呀,1,该用户可能是想确认或询问主播是否正在介绍或即将推荐洗发水产品。,18235,"[""生日礼物"", ""果酸身体乳有吗"", ""这个洗面奶卸妆效果好吗?能代替卸妆油不???"", ""中一次"", ""御颜霜""]"
douyin-train-012848,douyin,train,12848,weixue0806,美容护肤,1号和四号胶原蛋白哪个好用?,1,该用户想询问1号和4号胶原蛋白产品的效果对比，以帮助自己做出购买决策。,18339,"[""赠品也好用"", ""什么粉底液好用"", ""再讲一遍"", ""1、4已拍,叠用?怎么用?"", ""淡斑补水面膜祛颈纹淡斑补水面膜祛颈纹淡斑补水面膜祛颈纹淡斑补水面膜祛颈纹淡斑补水面膜祛颈纹""]"
douyin-train-012875,douyin,train,12875,weixue0806,美容护肤,有没有合适的化妆水推荐,1,该用户希望主播能根据当前讨论的护肤产品推荐一款适合自己需求的化妆水。,18388,"[""油啊油"", ""是哪面贴脸上[捂脸]"", ""姐发缝大有什么好方法"", ""没听懂,再讲一遍[比心]"", ""喜欢这个外套[流泪]""]"
douyin-train-012881,douyin,train,12881,weixue0806,美容护肤,刚没听清楚～再讲一遍用法行吗?,1,该用户对产品的使用方法没完全理解，希望主播能重新详细讲解一遍操作步骤。,18401,"[""用法再讲一遍"", ""水光可以打吗"", ""一共多少片"", ""有眼膜么"", ""下单了""]"
douyin-train-012885,douyin,train,12885,weixue0806,美容护肤,咋用?,1,该用户想询问产品的具体使用方法。,18406,"[""刚没听清楚～再讲一遍用法行吗?"", ""再讲一次"", ""油霜啊油霜"", ""防晒怎么样"", ""淡斑讲讲""]"
douyin-train-012889,douyin,train,12889,weixue0806,美容护肤,项链哪里买的,1,该用户想表达的含义是：询问项链的购买渠道或商品链接。,18412,"[""面霜面霜"", ""精华油推荐一个"", ""再讲解一下"", ""在说一下吧"", ""身体乳哪个味道好闻呀""]"
douyin-train-013012,douyin,train,13012,weixue0806,美容护肤,"第一次买了,感觉很好用",1,该用户想表达的含义是：之前尝试购买了产品，使用体验不错，对产品表示认可和满意。,18585,"[""颈纹重,有没有推荐"", ""一周几次尼"", ""天天用一周用几次"", ""精华油还有吗"", ""大师面膜是真的好用[赞][赞][赞][赞][赞][赞]""]"
douyin-train-013021,douyin,train,13021,weixue0806,美容护肤,大师面膜一周用几次?,1,该用户想询问这款面膜的使用频率是否有限制或推荐次数。,18600,"[""你猜下"", ""脱发和白发怎么办?"", ""项链上链接[捂脸]"", ""那敷完不洗脸,后续还涂水乳吗"", ""眼部精华油""]"
douyin-train-013089,douyin,train,13089,weixue0806,美容护肤,你怎么保持身材啊!这么瘦,0,该用户可能是对主播的身材管理方法产生兴趣，并隐含对相关瘦身产品或健康食品的潜在购买意向。,18692,"[""颈纹霜"", ""不洗脸直接护肤吗,还是什么都不用抹了"", ""雪儿好美哦"", ""那要是没这些问题提前用可以预防吗"", ""这彩椒难吃死了,你咋吃的下去""]"
douyin-train-013090,douyin,train,13090,weixue0806,美容护肤,是睡衣吗,1,该用户可能在询问当前展示或讨论的商品是否为睡衣款式。,18695,"[""那要是没这些问题提前用可以预防吗"", ""这彩椒难吃死了,你咋吃的下去"", ""你怎么保持身材啊!这么瘦"", ""油霜还可以开团吗"", ""男朋友呢?""]"
douyin-train-013193,douyin,train,13193,weixue0806,美容护肤,灌注面膜上吗?,1,该用户是在询问直播间是否会上架或推荐“灌注面膜”这款产品。,18836,"[""瘦脸面膜在哪里啊"", ""精华有吗"", ""大干皮有啥推荐吗"", ""8号是啥"", ""香水是正品吗""]"
douyin-train-013208,douyin,train,13208,weixue0806,美容护肤,"眼睛凹陷,眼睛下垂怎么办",0,该用户可能在询问针对眼部问题的护肤产品或解决方案，表现出对改善眼周肌肤状况的潜在购买兴趣。,18858,"[""面膜有紧致的效果吗?"", ""广西的"", ""有没有补水水光面膜"", ""你嘴上涂的什么?"", ""姐姐想要衬衫链接[流泪][流泪]""]"
douyin-train-013300,douyin,train,13300,weixue0806,美容护肤,这个洗面奶怎么跟你小号的价格不一样,1,该用户发现同一款洗面奶在主播不同账号的售价存在差异，因此提出质疑并希望得到解释。,18982,"[""我为啥怎么贴面膜还是脸干"", ""油今天还会有货吗"", ""推荐款防晒霜吧"", ""你有烦恼吗[发呆]"", ""口红是哪个?""]"
douyin-train-013331,douyin,train,13331,weixue0806,美容护肤,三明治法怎么用,1,该用户想询问主播详细讲解“三明治护肤法”的具体操作步骤。,19033,"[""大师用法"", ""怎么使用"", ""一号用法再说一下[捂脸]"", ""敷两遍是什么意思"", ""用完要抹面霜吗?""]"
douyin-train-013364,douyin,train,13364,weixue0806,美容护肤,面膜怎么使用,1,该用户想询问面膜的具体使用方法，可能是对产品功效或操作步骤存在疑问。,19081,"[""姐姐减肥总减不下来怎么办啊啊啊啊一直在焦虑"", ""防晒有隔离效果吗!"", ""美白淡斑用什么"", ""七号油怎么用"", ""七号链接讲解一下""]"
douyin-train-013378,douyin,train,13378,weixue0806,美容护肤,夏娃诱惑香水有吗?夏娃诱惑香水有吗?,1,该用户急切询问直播间是否有售卖“夏娃诱惑”这款香水，表现出明确的购买意向和重复确认的需求。,19099,"[""淡斑那个效果好"", ""眼袋用什么"", ""不用洗脸的话那后续的护肤还用涂抹吗"", ""大师面膜怎样用,在说一次"", ""有推荐的精华嘛?""]"
douyin-train-013672,douyin,train,13672,weixue0806,美容护肤,你的上下睫毛是种的还是自己的,0,该用户可能是在询问主播的睫毛是否为嫁接或自然生长，以此评估相关美妆产品的效果真实性或考虑自身是否尝试类似美容项目。,19526,"[""除了眼睛之外其它都不像真的[捂脸]"", ""雪,水光霜呢"", ""那个胶原蛋白浇灌面膜的几号链接"", ""祛斑用几号"", ""涂了防晒以后必须卸妆吗?""]"
douyin-train-013673,douyin,train,13673,weixue0806,美容护肤,"雪儿,11号唇蜜,你有推荐过别的品牌吗",1,该用户想询问主播之前是否推荐过其他品牌的11号唇蜜替代产品。,19529,"[""祛斑用几号"", ""涂了防晒以后必须卸妆吗?"", ""你的上下睫毛是种的还是自己的"", ""推荐一下防晒霜"", ""第一次刷到你.我想要你两半的面膜""]"
douyin-train-013682,douyin,train,13682,weixue0806,美容护肤,借水光气垫遮瑕怎么样啊[比心],1,该用户是在询问“水光气垫遮瑕”产品的使用效果和性能，表现出对该产品的具体购买兴趣和进一步了解的需求。,19543,"[""假白吗?"", ""先防晒再隔离"", ""24号加加"", ""咋长这么好看[爱心][爱心][爱心]"", ""没有这样的""]"
douyin-train-013748,douyin,train,13748,weixue0806,美容护肤,这个防晒真的好用,1,该用户是在认可并推荐这款防晒产品，暗示其使用效果令人满意。,19638,"[""刚拍的还有嘛"", ""是乳状的还是有流动性的?"", ""干皮可以用吗"", ""要卸吗"", ""有祛斑的嘛""]"
douyin-train-013779,douyin,train,13779,weixue0806,美容护肤,有什么香味[比心][比心][比心][比心],0,该用户想询问产品是否有特定香型或香味推荐，并表现出对香味的浓厚兴趣和好感。,19686,"[""孕妇可以用吗"", ""防晒第几步用"", ""水感防晒霜"", ""防晒霜美修查不到成份"", ""屏障受损用什么""]"
douyin-train-013828,douyin,train,13828,weixue0806,美容护肤,涂防晒还要涂隔离么,1,该用户想询问防晒和隔离产品的使用步骤是否需要叠加，可能对化妆流程存在困惑或希望简化护肤步骤。,19755,"[""防晒前用啥"", ""睡前要不要用卸妆油卸"", ""有没有气垫"", ""主播今天穿搭好好看"", ""推荐一款干皮用的面霜""]"
douyin-train-013831,douyin,train,13831,weixue0806,美容护肤,洗面奶就能卸掉吗,1,该用户想表达的含义是：询问这款产品是否只需用洗面奶就能彻底清洁干净。,19760,"[""涂防晒还要涂隔离么"", ""没有了"", ""需要卸妆吗"", ""哪个产品能救我的法令纹"", ""防晒怎么用啊""]"
douyin-train-013867,douyin,train,13867,weixue0806,美容护肤,"雪姐,请问一下,有身体乳吗?",1,该用户是在询问主播是否售卖身体乳产品，表现出对这类商品的潜在购买兴趣。,19816,"[""油霜已下单"", ""涂防晒要先涂隔离吗"", ""那个眼油怎么样"", ""我夏天是连水乳都没办法留3分钟"", ""象YY""]"
douyin-train-013889,douyin,train,13889,weixue0806,美容护肤,护肤品,1,该用户可能是在询问直播间是否有推荐或介绍的护肤品，或是想了解当前讨论的防晒产品是否属于护肤品类别。,19843,"[""需不需要卸妆"", ""脸上有纹,纹露露用什么油?"", ""脸干痒用什么"", ""上海物价真的高吗"", ""有提亮效果嘛""]"
douyin-train-013948,douyin,train,13948,weixue0806,美容护肤,隔离隔离隔离隔离隔离,1,该用户可能是在急切询问或强调某款隔离产品的使用效果或是否需要搭配其他产品。,19928,"[""胶原蛋白面膜还有吗"", ""有酒精"", ""之前推过的一款防晒呢"", ""拍了,拍了"", ""今天有水光面膜吗""]"
douyin-train-014024,douyin,train,14024,weixue0806,美容护肤,口红用哪个,1,该用户想询问主播推荐适合自己使用的口红色号或款式。,20052,"[""拍啦,我发现上瘾,买雪儿推荐的"", ""美白身体乳"", ""混油皮面霜"", ""有没有去颈纹的?"", ""双眼皮在韩国哪个机构割的""]"
douyin-train-014052,douyin,train,14052,weixue0806,美容护肤,"姐,面膜",1,该用户可能是想询问主播关于面膜的具体信息或推荐适合的产品。,20091,"[""孕妇能用么?"", ""水光面霜"", ""哎呦美颜真好啊"", ""有眼膜推荐吗"", ""怎么用拍完啦""]"
douyin-train-014098,douyin,train,14098,weixue0806,美容护肤,我想看看你的衣服,1,该用户对主播的服装款式产生了兴趣，希望主播展示或详细介绍所穿的衣服。,20147,"[""雪姐好美"", ""美白虽然他"", ""买了口红"", ""可以讲一下护肤流程吗"", ""四季精油和小金砖怎么选?""]"
douyin-train-014130,douyin,train,14130,weixue0806,美容护肤,美瞳呢,1,该用户是在询问直播间是否有售卖美瞳产品。,20191,"[""已拍好几单"", ""这个口红有吗?"", ""美白祛斑面膜"", ""夏天涂油霜可以吗?"", ""什么眉笔""]"
douyin-train-014133,douyin,train,14133,weixue0806,美容护肤,2号是一支一支的吗,1,该用户是在询问商品编号2的产品是否为独立包装的单支装形式。,20194,"[""夏天涂油霜可以吗?"", ""什么眉笔"", ""美瞳呢"", ""刚刚口红"", ""姐祛痘膏""]"
douyin-train-014237,douyin,train,14237,weixue0806,美容护肤,介绍下油,1,该用户想询问主播详细介绍某款护肤油产品的功效或使用方法。,20334,"[""有定妆粉饼嘛"", ""12号讲讲"", ""姐,干皮还屏障受损用什么洗面奶啊"", ""雪,能不能介绍下回头霜水光气垫?"", ""4号洁面好用吗?""]"
douyin-train-014264,douyin,train,14264,weixue0806,美容护肤,10号的作用讲一讲,1,该用户想表达的含义是：请详细介绍10号产品的功效和适用情况。,20374,"[""美白提亮"", ""睫毛膏用的哪种?"", ""泪沟用什么"", ""美白面膜敷完洗掉吗"", ""刷到胶原灌肤199真的假的?""]"
douyin-train-014677,douyin,train,14677,weixue0806,美容护肤,香水哪款好用?,1,该用户想询问直播间推荐的香水款式，表达了对某款或某类香水的潜在购买兴趣。,20930,"[""敷完像你这么水灵吗"", ""推荐一下水"", ""有黑头怎么处理雪雪[流泪][流泪][流泪][流泪][比心][比心][比心][比心][比心][比心][比心][比心][比心]"", ""没有斑用嘛"", ""这个可以每天用吗?""]"
douyin-train-014698,douyin,train,14698,weixue0806,美容护肤,眼底有细纹买哪个眼油,1,该用户想表达的含义是：咨询针对改善眼部细纹问题的眼油产品推荐。  （结合前文弹幕可见，直播间讨论集中在护肤问题，尤其是眼部护理相关，如黑眼圈、眼袋等，用户提问符合当前语境，且明确指向具体需求——寻求产品解决方案。）,20961,"[""怎么用那个精华"", ""吃辣椒有什么好处吗?"", ""1号和5号有什么区别吗?"", ""有黑头怎么处理雪雪[流泪][流泪][流泪][比心][比心][比心][流泪]"", ""20岁能用吗""]"
douyin-train-014701,douyin,train,14701,weixue0806,美容护肤,你在吃啥,0,该用户可能是对主播正在展示或提到的食品类产品产生好奇，想确认是否在介绍可购买的零食或饮品。,20964,"[""有黑头怎么处理雪雪[流泪][流泪][流泪][比心][比心][比心][流泪]"", ""20岁能用吗"", ""眼底有细纹买哪个眼油"", ""睡衣上架"", ""极光油跟次抛精华可以一起用吗""]"
douyin-train-014742,douyin,train,14742,weixue0806,美容护肤,粉底有吗,1,该用户是在询问直播间是否有粉底产品上架或推荐。,21022,"[""精华是面膜前打底吗"", ""美女,是189五片么?"", ""沐浴露选哪个味道"", ""面膜下单了怎么用"", ""哪一款""]"
douyin-train-014796,douyin,train,14796,weixue0806,美容护肤,有黑头怎么处理雪雪[流泪][流泪][流泪][流泪][比心][比心][流泪][流泪][比心][比心],0,该用户急切想了解解决黑头问题的产品推荐，并通过频繁使用表情符号强调自己的困扰和期待主播回应。,21103,"[""卸妆膏好用吗"", ""这个貔貅看起来是不是比上次那个大啊?这个比例夏天配衣服好像更合适呢.[比心][比心]"", ""眼油有现货吗?"", ""面膜用后要洗脸吗"", ""拍了洗面奶,怎么还要实名认证""]"
douyin-train-014819,douyin,train,14819,weixue0806,美容护肤,胶元蛋白面膜有没,1,该用户是在询问直播间是否有胶原蛋白面膜产品，并可能隐含对购买或了解该产品的兴趣。,21133,"[""有黑头怎么处理雪雪[流泪][流泪][流泪][比心][比心][比心]"", ""熊猫除皱有用吗"", ""眼底纹怎么处理"", ""紧致皮肤淡细纹有吗"", ""说下眼油""]"
douyin-train-014909,douyin,train,14909,weixue0806,美容护肤,淡斑淡斑淡斑淡斑淡斑淡斑的,1,该用户可能是急切想了解或购买直播间推荐的淡斑产品，通过重复关键词强调自己的需求和兴趣。,21259,"[""嘴唇?用的啥?"", ""唇彩讲一下吧!"", ""眼周细纹打什么呀雪"", ""没事黄种人"", ""又漂亮了""]"
douyin-train-014954,douyin,train,14954,weixue0806,美容护肤,雪眼周细纹打什么呀,1,该用户想询问针对眼下细纹问题应该使用什么护肤品或美容方法。,21321,"[""专心卖货姐姐"", ""还是很白[捂脸]"", ""我就是黄"", ""没啥区别"", ""感觉最近脸变了,变漂亮了""]"
douyin-train-014974,douyin,train,14974,weixue0806,美容护肤,有针对颈纹的的吗,1,该用户是在询问直播间是否有针对颈部皱纹问题的产品。,21354,"[""怎么美白宝宝"", ""毛孔粗大怎么办[捂脸]"", ""有个德国的玻尿酸能拿到货吗"", ""身上这个衬衣有链接吗"", ""想要拍油霜""]"
douyin-train-015100,douyin,train,15100,weixue0806,美容护肤,可以加一单油吗,1,该用户想表达的含义是：询问主播能否在已下单的基础上再追加购买一份精华油产品。,21533,"[""讲下6号"", ""睡衣什么样的"", ""吊坠配粉色蛮搭的"", ""睡衣喜欢"", ""可啦啦什么颜色""]"
douyin-train-015246,douyin,train,15246,weixue0806,美容护肤,颈纹颈纹颈纹颈纹颈纹颈纹怎么弄呢,0,该用户想表达的含义是：咨询如何改善颈部皱纹问题。,21759,"[""身上的是家居服吗,哪里买的[比心]"", ""想要杨紫与你推荐的那个便宜眼膜"", ""睫毛是天生的还是睫毛膏"", ""项链搭今天的衣服很好看"", ""雪雪每天怎么护肤""]"
douyin-train-015247,douyin,train,15247,weixue0806,美容护肤,说去黑头可以吗[捂脸],0,该用户是在询问直播推荐的产品是否具有去黑头功效，同时用表情符号表达了对这一问题的半调侃或不好意思的态度。,21761,"[""睫毛是天生的还是睫毛膏"", ""项链搭今天的衣服很好看"", ""雪雪每天怎么护肤"", ""颈纹颈纹颈纹颈纹颈纹颈纹怎么弄呢"", ""看这么久直播了,从来没有和我互动过,真的惨死了""]"
douyin-train-015289,douyin,train,15289,weixue0806,美容护肤,可以开个医美专场吗?,1,该用户希望主播能专门安排一场关于医美产品的直播专场。,21823,"[""雪你咋喜欢舔嘴存啊"", ""有修复精华吗"", ""跟着雪姐买的就没踩过雷服了"", ""想看看雪的男朋友是长啥样子"", ""长眼纹了怎么办?""]"
douyin-train-015565,douyin,train,15565,weixue0806,美容护肤,你涂的口红,1,该用户可能是对主播使用的口红品牌或色号感兴趣，想询问产品信息以便购买。,22227,"[""be下单了怎么用"", ""补水特别好的面膜是那个?"", ""院线那款涂抹面膜有吗?"", ""9号好用不"", ""有收缩毛孔的吗""]"
douyin-train-015645,douyin,train,15645,weixue0806,美容护肤,"油用完,还要用水吗",1,该用户是在询问使用完护肤油后的下一步护肤步骤是否需要用水清洁或补水。,22335,"[""有没有祛痘印的"", ""介绍一下3号链接的防晒呗"", ""用完油呢,接着干啥[捂脸]"", ""刘亦菲"", ""好美呀""]"
douyin-train-015651,douyin,train,15651,weixue0806,美容护肤,内服有什么推荐,1,该用户想询问直播间是否有适合口服的保健品或美容产品推荐。,22342,"[""她很真实[比心]我喜欢的"", ""油怎么用?"", ""学姐"", ""1号和10号什么区别"", ""有货拍10""]"
douyin-train-015937,douyin,train,15937,weixue0806,美容护肤,18号18号18号18号,1,该用户可能在催促主播尽快介绍或上架18号链接的商品。,22767,"[""除皱可以打吗"", ""毛孔粗大做什么姐姐[流泪][流泪][流泪]"", ""瘢痕增生需要打针去除还是等恢复啊[比心][比心][比心][比心]"", ""分享眼影呗分享眼影呗分享眼影呗"", ""女人真的要一直有爱美之心,我妈都快七十了还在医美""]"
douyin-train-015983,douyin,train,15983,weixue0806,美容护肤,回头霜买哪个牌子,1,该用户想询问直播间推荐的抗衰老面霜品牌。,22838,"[""在敷仿生面膜"", ""凹陷只能打打波波吗"", ""黄金微针可以做嘛"", ""光子嫩肤光子嫩肤"", ""推荐下粉底""]"
douyin-train-016029,douyin,train,16029,weixue0806,美容护肤,推荐下颌缘项目,1,该用户可能是在询问或建议主播详细介绍关于改善下颌轮廓的医美项目或相关产品。,22900,"[""我做完光子嫩肤后敷面膜皮肤还是很干"", ""怎么可以变白啊"", ""有道理"", ""说一下眼油说一下眼油说一下眼油说一下眼油说一下眼油说一下眼油说一下眼油说一下眼油说一下眼油说一下眼油"", ""超声炮呢?""]"
douyin-train-016142,douyin,train,16142,weixue0806,美容护肤,怎么祛斑宝子,0,该用户想询问直播间是否有推荐的祛斑产品或美容项目。,23065,"[""姐姐洗面奶干皮可以用"", ""眼霜有么"", ""几号面膜可以缩毛孔"", ""用什么面膜"", ""光子嫩肤说说吧""]"
douyin-train-016224,douyin,train,16224,weixue0806,美容护肤,毛孔做什么项目?,0,该用户想询问针对毛孔问题的美容项目推荐或解决方案。,23186,"[""有修复面霜吗"", ""胶原蛋白涂抹的那款面膜有吗"", ""素颜霜素颜霜素颜霜素颜霜素颜霜素颜霜素颜霜素颜霜素颜霜素颜霜素颜霜素颜霜素颜霜素颜霜素颜霜素颜霜素颜"", ""怎么祛斑,好焦虑啊"", ""睡衣好漂亮""]"
douyin-train-016234,douyin,train,16234,weixue0806,美容护肤,黄金微针呢能做吗?,0,该用户是在询问直播间是否提供黄金微针美容项目的服务或相关产品信息。,23202,"[""是为了祛痘印"", ""减肥的吗"", ""大干皮怎么办"", ""就喜欢韦雪这性格"", ""用的什么粉底""]"
douyin-train-016245,douyin,train,16245,weixue0806,美容护肤,不然我也不打,0,该用户想表达的含义是：如果不是对产品感兴趣，我也不会主动提问或参与互动。,23217,"[""雪雪光子嫩肤建议打吗"", ""嘴唇打不是只能用玻尿酸吗"", ""有没有搓泥宝"", ""有眼袋怎么办?"", ""做了鼻子,感觉黑头不好去,怎么办""]"
douyin-train-016246,douyin,train,16246,weixue0806,美容护肤,姐姐发际线好好看,0,该用户是在夸赞主播的发际线造型美观，可能隐含对相关护发产品或美容项目的兴趣。,23219,"[""有没有搓泥宝"", ""有眼袋怎么办?"", ""做了鼻子,感觉黑头不好去,怎么办"", ""不然我也不打"", ""那个贴了能变薄的面膜还有嘛""]"
douyin-train-016260,douyin,train,16260,weixue0806,美容护肤,打胶原蛋白好吗,0,该用户想表达的含义是：询问注射胶原蛋白的美容效果和安全性是否值得尝试。,23243,"[""身上衣服有吗?"", ""德国的玻尿酸有吗"", ""雪雪光子嫩肤建议打吗雪雪光子嫩肤建议打吗雪雪光子嫩肤建议打吗雪雪光子嫩肤建议打吗雪雪光子嫩肤建议打吗"", ""肉毒可以打吗?"", ""光子呢光子呢光子呢光子呢""]"
douyin-train-016266,douyin,train,16266,weixue0806,美容护肤,光子可以打吗?,0,该用户是在询问直播中推荐的产品是否适合进行光子嫩肤治疗。,23254,"[""刚说建议两样是什么"", ""衬衫哪里买的"", ""姐妹涂的什么口红?"", ""为什么不推荐了"", ""美瞳美瞳美瞳""]"
douyin-train-016286,douyin,train,16286,weixue0806,美容护肤,刚才嘴上涂的是什么,0,该用户想询问主播刚才使用的口红色号或唇部产品，表现出对这款彩妆的购买兴趣。,23285,"[""雪啊,快告诉我三明治敷法,我想淡斑[比心][比心][比心][比心][比心][比心][比心][比心][比心][比心][比心][比心][爱心][爱心][爱心][爱心][爱心][爱心][爱心][爱心]"", ""10号油什么时候有货[比心][比心][比心]"", ""想买面膜"", ""姐姐,26岁可以敷你的这个面膜吗??"", ""眼纹眼纹眼纹""]"
douyin-train-016343,douyin,train,16343,weixue0806,美容护肤,轮廓固定能做吗,0,该用户想询问主播是否提供或推荐关于面部轮廓固定的医美项目或相关产品。,23370,"[""我买了你的油霜和颈霜还有那个21粒精华简直太好用了我真的从来就没有用过这么好用的护肤品[爱心][爱心]"", ""怎么白啊"", ""超声刀比泡好是吗?"", ""姐!!!!粉底液推推[流泪][流泪][流泪][流泪][流泪][流泪][流泪][流泪][流泪][流泪][流泪][流泪][流泪][流泪]"", ""气垫气垫气垫气垫气垫气垫气垫气垫气垫气垫气垫气垫气垫气垫气垫气垫气垫气垫气垫""]"
douyin-train-016361,douyin,train,16361,weixue0806,美容护肤,皮肤松弛,0,该用户可能是在询问如何改善皮肤松弛的问题。,23398,"[""怎么祛斑,怎么祛斑"", ""打什么"", ""姐姐,热玛吉可以打吗"", ""多大开始"", ""眼尾纹多怎么办[流泪]""]"
douyin-train-016444,douyin,train,16444,weixue0806,美容护肤,鼻子旁边法令纹,0,该用户可能在询问如何改善或消除法令纹相关的皮肤问题。,23518,"[""最讨厌法令纹"", ""做哪项可以让皮肤透亮啊?做哪项可以让皮肤透亮啊?做哪项可以让皮肤透亮啊?"", ""太阳穴凹陷怎么办"", ""有祛斑的吗有祛斑的吗有祛斑的吗有祛斑的吗?有祛斑的吗有祛斑的吗?主播可以回复一下吗"", ""身体素颜霜推荐一下""]"
douyin-train-016531,douyin,train,16531,weixue0806,美容护肤,讲讲防晒,1,该用户想表达的含义是：希望主播详细介绍防晒产品的功效或使用方法。,23635,"[""怎么解决毛孔外露的问题"", ""油有吗"", ""脸颊毛孔粗大可以怎样"", ""毛孔粗大的"", ""韩国根本没人用""]"
douyin-train-016546,douyin,train,16546,weixue0806,美容护肤,"我用了挺好的,一次就能看到效果",0,该用户想表达的含义是：自己对产品效果感到满意并认可其见效快的特点。,23656,"[""你平常怎么用啊"", ""还这么认真活着"", ""一周敷多少片"", ""可以整点衣服卖吗?"", ""打胶原蛋白哪个牌子的哦哦""]"
douyin-train-016650,douyin,train,16650,weixue0806,美容护肤,有没有胶原蛋白灌注面膜,1,该用户是在询问直播间是否有售卖或推荐具有胶原蛋白填充功效的面膜产品。,23788,"[""脸上肉多怎么办"", ""能讲解一下23号吗"", ""能讲讲油嘛"", ""需不需要天天敷面膜"", ""加点货""]"
douyin-train-016692,douyin,train,16692,weixue0806,美容护肤,他怎么是预售的呀?,0,该用户对商品需要预售感到意外和不满，希望尽快购买到现货。,23850,"[""20岁能用吗,能收缩毛孔吗"", ""激素脸能用吗?"", ""油皮可以吗"", ""胶原蛋白面膜多久用一次"", ""2号链接上了吗""]"
douyin-train-016851,douyin,train,16851,weixue0806,美容护肤,睡衣睡衣睡衣睡衣睡衣睡衣睡衣睡衣睡衣,1,该用户想表达的含义是：强烈要求主播推荐或介绍身上穿的睡衣款式并分享购买链接。,24079,"[""有感觉你今天变好看了"", ""好美吖"", ""小红书上都是这个貔貅[比心]雪,动一动,看看貔貅眼睛一睁一闭呗"", ""有没有好用的淡斑产品呀"", ""调的参数呗""]"
douyin-train-016861,douyin,train,16861,weixue0806,美容护肤,油孕妇能用吗?,1,该用户是在询问直播中推荐的护肤油产品是否适合孕妇使用，以判断自己是否可以购买。,24093,"[""越来越美了"", ""睡衣有吗?"", ""还是那么好看"", ""小气泡洗面奶洗的太干净了,发现不能每天洗"", ""刚来,2号面膜说下吧""]"
douyin-train-016887,douyin,train,16887,weixue0806,美容护肤,祛痘祛痘印,0,该用户可能在询问直播间是否有针对痘痘和痘印问题的护肤产品推荐或解决方案。,24126,"[""姐姐怎么保持皮肤这么好的啊"", ""有泪沟怎么办有泪沟怎么办"", ""口红有推荐吗"", ""吊坠好看"", ""怎么美白""]"
douyin-train-016912,douyin,train,16912,weixue0806,美容护肤,你也回答我的,0,该用户可能在催促主播回应自己之前提出的问题或请求，表达未被关注的焦急情绪。,24155,"[""有没有粉底"", ""雪姐,你戴的吊坠是多少克的呀,我好喜欢呢,可以推荐一下吗"", ""我要那个灌注胶原蛋白的面膜,在哪个链接?"", ""激光反黑怎么办呢…"", ""6和10可以一起用吗?""]"
douyin-train-017012,douyin,train,17012,weixue0806,美容护肤,do脸怎么选,0,该用户想咨询如何选择适合自己的医美整形项目或微调方案。,24293,"[""雪儿,你有头脑"", ""要油霜"", ""越看越好看"", ""打耳骨钉疼不疼"", ""大师小红书上和你说的反的[捂脸][捂脸][捂脸][捂脸][捂脸][捂脸][捂脸][捂脸][捂脸][捂脸]""]"
douyin-train-017063,douyin,train,17063,weixue0806,美容护肤,耳骨钉疼不疼姐姐,0,该用户想询问主播佩戴耳骨钉的疼痛感受，可能是出于对饰品舒适度的考量或自身有打耳洞的意向。,24367,"[""我想学驭夫之术[捂脸]"", ""面膜只是辅助材料"", ""5号连接面膜敷多久"", ""防晒霜前你用的什么"", ""怎么才能由内到外的白?""]"
douyin-train-017108,douyin,train,17108,weixue0806,美容护肤,灌注胶原蛋白的面膜在哪个链接,1,该用户想表达的含义是：询问含有胶原蛋白成分的面膜产品购买链接在哪里。,24429,"[""粉底液[比心][比心]推荐"", ""有没有素颜霜[看]"", ""油推荐哪个"", ""混干皮易长粉刺闭口用什么水乳"", ""姐姐,总是遇到绿茶怎么办啊,好烦""]"
douyin-train-017150,douyin,train,17150,weixue0806,美容护肤,说说光子撒,0,该用户可能在询问主播关于“光子嫩肤”产品或美容项目的相关信息。,24498,"[""祛斑美白精华是哪款"", ""脂肪粒怎么搞掉[捂脸][捂脸]"", ""对你今天比较美!!!!"", ""大干皮用啥面膜"", ""短剧啥时候拍啊短剧啥时候拍啊""]"
douyin-train-017290,douyin,train,17290,weixue0806,美容护肤,美瞳是哪款,1,该用户是在询问主播当前展示或提到的美瞳产品具体型号或款式信息，表现出明确的购买意向和产品细节关注。,24699,"[""姐姐反反复复长痘痘怎么办呀![比心][比心][比心][比心][比心][比心][比心][比心][比心][比心][比心][比心][比心][比心][比心][比心][比心][比心][比心][比心][比心][比心][比心]"", ""你用的那个油好用吗"", ""19用你的面膜可以吗19用你的面膜可以吗19用你的面膜可以吗19用你的面膜可以吗[比心][比心][比心]"", ""淡斑推荐有吗"", ""看下你的Kitty水杯""]"
douyin-train-017340,douyin,train,17340,weixue0806,美容护肤,已拍189,0,该用户想表达的含义是：我已经下单购买了189号商品。,24772,"[""免费试用"", ""我想你孩子开心"", ""韩束祛斑吗"", ""用了林清轩的油还是干起皮?"", ""多少?""]"
douyin-train-017433,douyin,train,17433,weixue0806,美容护肤,大师面膜和美白都买了,0,该用户想表达的含义是：我已经下单购买了主播推荐的大师系列面膜和美白产品。,24892,"[""哪一款洗面奶好?[捂脸]"", ""没了???"", ""可以试用吗"", ""精华呢"", ""讲一下唇釉""]"
douyin-train-017637,douyin,train,17637,weixue0806,美容护肤,怎么搭配用?,0,该用户想询问当前推荐的产品是否可以与其他产品（如“大师面膜”）配合使用以达到更好的效果。,25189,"[""2和5哪个好[比心][比心][比心][比心][比心][比心][比心][比心][比心][比心][比心][比心][比心][比心][比心]"", ""为什么拍下来只显示5片"", ""正在用你卖给我的面膜"", ""可以和大师面膜混合用吗"", ""喝的啥[看]""]"
douyin-train-017774,douyin,train,17774,weixue0806,美容护肤,还有什么心愿,0,该用户想询问直播间是否还有其他值得推荐或购买的产品。,25379,"[""怎么去黑头"", ""姐姐打美白针吗,你好白"", ""次抛怎么用我的姐"", ""气垫有没有"", ""美白和大师怎么搭配用""]"
douyin-train-017775,douyin,train,17775,weixue0806,美容护肤,真好看,1,该用户可能是在称赞主播展示的商品外观吸引人，暗示对产品有购买兴趣。,25381,"[""次抛怎么用我的姐"", ""气垫有没有"", ""美白和大师怎么搭配用"", ""还有什么心愿"", ""1和5的区别""]"
douyin-train-017811,douyin,train,17811,weixue0806,美容护肤,"粉底液,粉底液,粉底液,粉底液,粉底液,粉底液",1,该用户想表达的含义是：强烈要求主播详细介绍或上架粉底液产品。  （结合前文弹幕多为询问产品使用、推荐或求购特定商品，可推断用户通过重复关键词“粉底液”表达急切需求，可能是直播间未提及该品或希望主播优先讲解。）,25437,"[""发量真让人羡慕[捂脸]"", ""你的客服在哪"", ""涂完精华再敷面膜吗"", ""第一款面膜用的挺好的"", ""亲爱的眼睛怎么保持清澈干净呢?""]"
douyin-train-017814,douyin,train,17814,weixue0806,美容护肤,讲一下怎么用?,1,该用户想表达的含义是：希望主播详细介绍产品的使用方法或操作步骤。,25440,"[""第一款面膜用的挺好的"", ""亲爱的眼睛怎么保持清澈干净呢?"", ""粉底液,粉底液,粉底液,粉底液,粉底液,粉底液"", ""送的白月光是精华还是面膜精华呀"", ""头发养护的""]"
douyin-train-017816,douyin,train,17816,weixue0806,美容护肤,2和5啥区别,1,该用户是在询问直播中提到的两款产品（可能是编号为2和5的商品）之间的具体差异或功能区别。,25443,"[""送的白月光是精华还是面膜精华呀"", ""头发养护的"", ""讲一下怎么用?"", ""美白和大师都买了,怎么用"", ""请教一下眼袋怎么弄""]"
douyin-train-017848,douyin,train,17848,weixue0806,美容护肤,一号跟二号哪个好用,1,该用户是在询问两款产品的实际使用效果对比，希望主播能给出具体的使用体验或功效差异建议。,25485,"[""11号,油腻不?"", ""讲讲大师"", ""21号可以讲一下吗"", ""抗皱面膜哪个最好"", ""6号是什么新品""]"
douyin-train-017880,douyin,train,17880,weixue0806,美容护肤,颈纹霜推荐,1,该用户想表达的含义是：希望主播能推荐一款针对颈部皱纹的护肤产品。,25529,"[""我刚刚买了大师"", ""眼油可以讲讲吗"", ""洗面奶几个"", ""院线水准面膜是哪款?[爱心][爱心][爱心][爱心][比心][比心][比心][比心][比心][比心]"", ""衣服衣服衣服衣服衣服衣服衣服衣服衣服""]"
douyin-train-017993,douyin,train,17993,weixue0806,美容护肤,"189显示只有5片,189到手是31片还是5片",1,该用户对商品的实际到手数量存在困惑，希望确认189元的价格究竟是购买5片还是31片（6盒）面膜。,25681,"[""皮肤毛孔粗大,用哪一款,韦姐姐[比心]"", ""2号说一下"", ""把手机砸了"", ""泛红有什么产品吗"", ""眼部精华""]"
douyin-train-018001,douyin,train,18001,weixue0806,美容护肤,之前水光面膜不上了吗,1,该用户是在询问直播间是否还会继续售卖之前推荐过的水光面膜产品。,25696,"[""姐姐好温柔"", ""她想你陪"", ""我女儿说丁玲桄榔就静音[捂脸]"", ""拍了15,试试,好再来[比心]"", ""你打过美白针吗有什么副作用""]"
douyin-train-018037,douyin,train,18037,weixue0806,美容护肤,下睫毛什么睫毛膏[比心][比心][比心][比心][比心][比心],1,该用户想表达的含义是：询问主播推荐适合刷下睫毛的睫毛膏产品，并附上多个爱心表情表示对主播的喜爱或对产品的兴趣。,25748,"[""美白精华"", ""十号的油还有吗?"", ""什么睫毛膏呀"", ""哪个面膜最厉害"", ""微扎管用吗""]"
douyin-train-018040,douyin,train,18040,weixue0806,美容护肤,"姐姐可以安慰一下我吗?分手了好难过,他冷暴力,死渣男[流泪][流泪]",0,该用户并非表达购买意向，而是在情感脆弱时寻求主播的情感共鸣和安慰。,25752,"[""微扎管用吗"", ""下睫毛什么睫毛膏[比心][比心][比心][比心][比心][比心]"", ""胶原面膜还有吗"", ""面膜敷好还要不要护肤"", ""用什么刷的""]"
douyin-train-018050,douyin,train,18050,weixue0806,美容护肤,"晒斑怎么挽救,能不能看一下我这条信息",0,该用户想询问主播如何改善晒斑问题，并希望得到针对性的解答和关注。,25772,"[""啥睫毛膏"", ""油霜油霜油霜油霜油霜油霜油霜油霜"", ""用的哪款睫毛膏"", ""眼下有皱纹吗姐"", ""水光和美白都买了,交叉用吗????""]"
douyin-train-018098,douyin,train,18098,weixue0806,美容护肤,胶原蛋白面膜有没有,1,该用户是在询问直播间是否有售卖能补充胶原蛋白的面膜产品。,25842,"[""怎么洗干净"", ""闭口怎么办"", ""补充胶原蛋白的面膜勒"", ""有斑怎么弄"", ""长斑用什么?""]"
douyin-train-018135,douyin,train,18135,weixue0806,美容护肤,姐姐睡衣,1,该用户可能是想询问主播身上穿的睡衣款式或购买链接。,25903,"[""是不是比大师抖音旗舰店便宜呀"", ""一号链接收到多少片"", ""鼻子黑头多"", ""关键怎么清洁"", ""你是深覆合吗""]"
douyin-train-018150,douyin,train,18150,weixue0806,美容护肤,纹眉推荐不纹眉推荐不纹眉推荐不纹眉推荐不纹眉推荐不纹眉推荐不纹眉推荐不纹眉推荐不,0,该用户可能是在急切询问或强调是否有纹眉项目的推荐，表现出对纹眉服务的强烈兴趣或犹豫不决的纠结心态。,25930,"[""11号,油腻不?11号,油腻不?11号,油腻不?11号,油腻不?11号,油腻不?11号,油腻不?11"", ""但是我不化妆,每天晚上都用洗面奶,还长闭口怎么办"", ""我皮肤黄黑皮"", ""你长的好像孟子义啊"", ""干脸颊毛孔大,有点泛红""]"
douyin-train-018167,douyin,train,18167,weixue0806,美容护肤,6号讲一下,1,该用户希望主播详细介绍6号产品的相关信息。,25960,"[""胶原关注面膜来一波"", ""我在你直播间买了这款洗面奶"", ""我用过了"", ""已到货"", ""二号链接有多少东西""]"
douyin-train-018204,douyin,train,18204,weixue0806,美容护肤,睫毛是重的还是贴的?,0,该用户可能是在询问主播的睫毛是嫁接的还是贴的假睫毛，想了解具体的美妆技巧或产品效果。,26004,"[""你在喝什么"", ""前几天买了已到货,用了试用装确实好用"", ""初中生能用吗"", ""5号敷完用洗嘛"", ""你喝的什么""]"
douyin-train-018214,douyin,train,18214,weixue0806,美容护肤,眼珠子链接,1,该用户是在询问直播中提到的美瞳或隐形眼镜产品的购买链接。,26022,"[""好厉害呀[赞]"", ""毛孔粗大用什么可以改善"", ""哪款油"", ""5号用完洗嘛"", ""哪个油?""]"
douyin-train-018215,douyin,train,18215,weixue0806,美容护肤,新款油啥时候上,1,该用户是在询问主播关于新推出的护肤油产品的具体上市时间，表现出明确的购买意向和期待。,26023,"[""毛孔粗大用什么可以改善"", ""哪款油"", ""5号用完洗嘛"", ""哪个油?"", ""眼珠子链接""]"
douyin-train-018293,douyin,train,18293,weixue0806,美容护肤,白色衬衫还有没有了,1,该用户想询问白色衬衫的库存情况，表达了对该商品的购买意向。,26143,"[""眼膜讲一下"", ""身体乳有什么功效"", ""2号面膜多少片?"", ""有没有水乳套盒"", ""新品有吗?""]"
douyin-train-018294,douyin,train,18294,weixue0806,美容护肤,睡衣推荐,1,该用户想表达的含义是：希望主播推荐适合的睡衣款式或品牌。,26144,"[""身体乳有什么功效"", ""2号面膜多少片?"", ""有没有水乳套盒"", ""新品有吗?"", ""白色衬衫还有没有了""]"
douyin-train-018318,douyin,train,18318,weixue0806,美容护肤,贴睫毛了吗,0,该用户可能在询问主播是否使用了假睫毛，并对其效果或品牌感兴趣。,26175,"[""九号直接买吗"", ""睡的有点晚啊"", ""用油养肤,用什么油"", ""有没有改善红血丝的"", ""水光霜有吧""]"
douyin-train-018424,douyin,train,18424,weixue0806,美容护肤,精华早晚都能用么,1,该用户想询问这款精华产品是否适合在早上和晚上两个时间段使用。,26320,"[""喜欢这个小姐姐[比心][比心][比心]"", ""胶原蛋白灌注面膜几号"", ""有其他主播都在卖白瓷娃娃韦雪帮我们看看那个产品可不可用吧你上了来你这买"", ""小黄车的精华油,不是直接间的油吗?"", ""塑颜面霜有吗""]"
douyin-train-018425,douyin,train,18425,weixue0806,美容护肤,喜欢你的睡衣有链接吗,1,该用户对主播展示的睡衣感兴趣，想询问购买渠道以便下单。,26321,"[""胶原蛋白灌注面膜几号"", ""有其他主播都在卖白瓷娃娃韦雪帮我们看看那个产品可不可用吧你上了来你这买"", ""小黄车的精华油,不是直接间的油吗?"", ""塑颜面霜有吗"", ""精华早晚都能用么""]"
douyin-train-018435,douyin,train,18435,weixue0806,美容护肤,怎么辩防晒好用?,1,该用户想询问如何辨别防晒产品是否好用，可能是在对比不同防晒产品时希望获得选购建议。,26335,"[""防晒在哪"", ""白色衬衫身体乳还有货吗姐姐"", ""身体乳什么功效"", ""想买2号讲讲吧"", ""我也想要祛斑的""]"
douyin-train-018477,douyin,train,18477,weixue0806,美容护肤,防晒是哪个,1,该用户是在询问直播间正在介绍的防晒产品的具体名称或款式。,26404,"[""小号哪个是你"", ""洗面奶哪个好用?"", ""毛孔粗大,黑头多用什么药"", ""小号是哪个"", ""小号是那个""]"
douyin-train-018505,douyin,train,18505,weixue0806,美容护肤,口红有吗?,1,该用户是在询问直播间是否有口红产品可供购买或介绍。,26446,"[""美瞳有么"", ""妆前甘油几号链接啊"", ""洗面奶能用多久"", ""你皮肤为啥那么好"", ""美瞳是哪个[比心][比心][比心][比心]""]"
douyin-train-018593,douyin,train,18593,weixue0806,美容护肤,姐姐不理我还是买了眼油唉我有点太爱了,0,该用户想表达的含义是：尽管主播没有回应自己，但还是因为对产品的喜爱而购买了眼油。,26582,"[""衣服什么牌子的?"", ""防晒霜涂了是透明的还是会变白?"", ""胶原蛋白面膜胶原蛋白面膜"", ""背景音乐音乐"", ""洗面奶孕妇孕妇孕妇可以用吗""]"
douyin-train-018594,douyin,train,18594,weixue0806,美容护肤,油霜怎么用[看],1,该用户可能是在询问油霜的使用方法，同时表现出对产品的兴趣和进一步了解的意愿。,26583,"[""防晒霜涂了是透明的还是会变白?"", ""胶原蛋白面膜胶原蛋白面膜"", ""背景音乐音乐"", ""洗面奶孕妇孕妇孕妇可以用吗"", ""姐姐不理我还是买了眼油唉我有点太爱了""]"
douyin-train-018620,douyin,train,18620,weixue0806,美容护肤,贴的睫毛还是种的,0,该用户是在询问主播展示的睫毛是通过粘贴假睫毛还是嫁接技术实现的，表现出对美容细节的关注和潜在的购买意向。,26622,"[""2号面膜几片"", ""素颜滴素颜滴还会有吗"", ""我刚刚买了"", ""干敏肌推荐那款面膜"", ""油霜我也买了怎么用""]"
douyin-train-018634,douyin,train,18634,weixue0806,美容护肤,"泪沟比较深,用什么",1,该用户想询问针对泪沟问题的产品推荐，表达了对改善这一肌肤问题的潜在购买兴趣。,26646,"[""香水留香多久?"", ""美女姐姐用的什么粉底"", ""唇釉外边现在好多盗版"", ""想要个乳液"", ""超级喜欢你对人""]"
douyin-train-018929,douyin,train,18929,weixue0806,美容护肤,眼油适合多少岁用,1,该用户想询问眼油产品的适用年龄范围，以判断自己是否适合使用。,27066,"[""没有面膜了吗"", ""有眼下纹怎么办"", ""一生可做热玛吉次数是有限的"", ""祛斑有推荐的吗祛斑有推荐的吗祛斑有推荐的吗祛斑有推荐的吗"", ""吃的是什么呀""]"
douyin-train-018941,douyin,train,18941,weixue0806,美容护肤,和八号有什么区别,1,该用户想询问当前产品与直播间提到的8号产品在功能或效果上的具体差异。,27088,"[""这个和8号的有什么区别"", ""你吃的是什么"", ""为啥吃辣椒"", ""多大年龄做眼部热玛吉?"", ""嘴唇上的小毛毛怎么去掉[捂脸]""]"
douyin-train-018979,douyin,train,18979,weixue0806,美容护肤,"雪姐,有没有美容仪器推荐",1,"该用户希望通过主播推荐适合自己需求的美容仪器产品。  （解析：结合前文弹幕多为护肤美妆产品咨询的语境，用户使用""推荐""一词表明其主动寻求购买建议，且""美容仪器""属于功能性产品的明确指向，透露出潜在购买意向而非单纯闲聊。）",27138,"[""你今天不做清明吗[笑哭]"", ""你吃的辣椒"", ""彩椒上链接[鼓掌][鼓掌][鼓掌]"", ""油霜有?"", ""茶香少女""]"
douyin-train-018982,douyin,train,18982,weixue0806,美容护肤,掉头发用什么,1,该用户可能是在询问针对脱发问题的产品推荐或解决方案。,27145,"[""油霜,油买了亲"", ""看你吃彩椒买了好几箱"", ""姐姐你的衣服在哪儿买的"", ""美妞,去痘印的"", ""你在吃什么?""]"
douyin-train-019013,douyin,train,19013,weixue0806,美容护肤,彩椒抗氧化是么,0,该用户是在询问彩椒是否具有抗氧化的功效，可能对产品的健康功效感兴趣并考虑购买。,27186,"[""介绍霜"", ""一直推的那个面膜"", ""白月光怎么用"", ""睫毛是怎麽弄的"", ""脸上斑""]"
douyin-train-019052,douyin,train,19052,weixue0806,美容护肤,干敏皮面霜用那个,1,该用户想询问适合干性敏感肌肤使用的面霜产品推荐。,27248,"[""祛斑有招吗"", ""水光霜什么时候有"", ""你真讨厌"", ""黑眼圈讲讲"", ""素颜霜有吗""]"
douyin-train-019071,douyin,train,19071,weixue0806,美容护肤,哪家Y美靠谱雪,0,该用户是在询问哪家医美机构做雪肤项目比较可靠。,27270,"[""上面膜吧"", ""介绍下面膜"", ""有防晒嘛"", ""一号有用吗"", ""第一次来,姐姐可以看看面膜吗""]"
douyin-train-019114,douyin,train,19114,weixue0806,美容护肤,头发什么颜色呀,0,该用户可能是在询问主播或产品展示中模特的发色细节，暗示对染发产品或发型相关商品的潜在兴趣。,27335,"[""水光面膜没有了吗"", ""面膜效果都不错,用完了至少20盒"", ""修复面膜有吗"", ""防晒前推荐用啥"", ""面模没有了吗""]"
douyin-train-019122,douyin,train,19122,weixue0806,美容护肤,有眼部细纹是买那个眼油吗?,1,该用户是在询问针对眼部细纹问题是否应该购买直播间推荐的某款眼部护理油产品。,27347,"[""雪姐胶原蛋白面膜用完要洗脸吗"", ""雪姐你长斑吗"", ""有斑的话用那个"", ""想全身白"", ""美白产品有效果吗?""]"
douyin-train-019138,douyin,train,19138,weixue0806,美容护肤,几号亲,0,该用户可能是想询问主播提到的某个产品（如项链、面膜等）的具体型号或款式编号。,27373,"[""祛斑精华有推荐?"", ""好多人要面霜"", ""睫毛怎么保养的"", ""我吃过冲动消费的亏,用不完,还会过期"", ""啊啊啊能告诉我项链是哪家的吗""]"
douyin-train-019204,douyin,train,19204,weixue0806,美容护肤,面霜面霜面霜面霜面霜面霜面霜,1,该用户可能是急切询问或强调对“面霜”产品的兴趣或需求，希望主播重点介绍或上架该商品。,27470,"[""要防晒霜[比心][比心]"", ""耳环是哪家的?"", ""韩束给你打了多少钱?"", ""那些东西有用几个医生早就回家种地了"", ""有保湿成分吗""]"
douyin-train-019271,douyin,train,19271,weixue0806,美容护肤,"油痘肌,水乳有推荐吗",1,该用户想表达的含义是：作为油痘肌肤质，希望主播能推荐适合的水乳产品。,27564,"[""晒斑能去吗"", ""这个和6号有什么区别吗?"", ""我敷脖子可以吗"", ""做过祛斑的也可以用么"", ""买了,期待[爱心]""]"
douyin-train-019282,douyin,train,19282,weixue0806,美容护肤,胶原蛋白面膜是哪种?,1,该用户想询问当前直播中提到的胶原蛋白面膜具体是哪一款产品。,27579,"[""美白面膜后需要洗脸吗"", ""新疆可以包邮吗"", ""痘肌能用吗?"", ""拍了,化妆卡粉起皮敷了有用吗"", ""姐姐,困不困""]"
douyin-train-019329,douyin,train,19329,weixue0806,美容护肤,明天发温州后天能到吗,0,该用户是在询问商品（可能是面膜或其他护肤品）的发货时效，关心若明天从温州发货，后天是否能收到货。,27653,"[""贴面膜后要洗脸吗???贴面膜后要洗脸吗???贴面膜后要洗脸吗???"", ""姐姐推荐一个面膜"", ""停用会不会斑更严重"", ""什么口红可以推荐一下吗"", ""买了,怎么用姐""]"
douyin-train-019353,douyin,train,19353,weixue0806,美容护肤,油用了闷痘痘怎么回事儿?,0,该用户可能是担心护肤品中的油性成分会导致皮肤闷痘，想咨询产品的适用性或寻求解决方案。,27687,"[""身体美白怎么弄"", ""贴面膜后要洗脸吗???"", ""这个跟大师面膜有什么区别"", ""油霜油霜油霜油霜油霜油霜油霜油霜油霜油霜油霜"", ""你的嘴会哭吗[捂脸]?""]"
douyin-train-019429,douyin,train,19429,weixue0806,美容护肤,你是卖彩椒吗?天天吃,0,该用户可能在询问主播是否售卖彩椒，并暗示自己经常食用这类产品，有潜在的购买需求。,27793,"[""怎么瘦的?"", ""我试着走你走过的路,我发现我放弃了[捂脸]"", ""推荐防晒"", ""不能紧致吗?"", ""这么用呀""]"
douyin-train-019434,douyin,train,19434,weixue0806,美容护肤,微笑唇都哭不了[捂脸],0,该用户是在调侃主播的“微笑唇”妆容效果过于持久，连假装哭泣时都无法改变唇形，以此表达对产品效果的惊叹或幽默吐槽。,27802,"[""雪啊你真是我的神[比心]"", ""推荐干皮用的水乳推荐干皮用的水乳"", ""好潇洒"", ""哈哈哈哈哈很对"", ""吃彩椒有什么用""]"
douyin-train-019474,douyin,train,19474,weixue0806,美容护肤,我超喜欢helloKitty,0,该用户想表达的含义是：对helloKitty相关产品有强烈兴趣并希望了解购买信息。  （结合前文有人询问helloKitty衣服同款的语境，该弹幕属于对IP联名商品的主动兴趣表达，潜在动机可能是寻求商品链接或款式推荐。）,27860,"[""我的也是显示5片"", ""面霜买什么?"", ""你吃的那能买吗[捂脸][爱心]"", ""自己买了"", ""那怎么搞""]"
douyin-train-019500,douyin,train,19500,weixue0806,美容护肤,面霜和经霜推荐下,1,该用户想表达的含义是：希望主播推荐适合自己肤质的面霜和眼霜产品。,27898,"[""怎么是5片"", ""爱张闭口粉刺和痘痘用啥呀"", ""姐,四号咋样"", ""雪姐救救我脸上暗黄要怎么改善"", ""我也是咋回事""]"
douyin-train-019510,douyin,train,19510,weixue0806,美容护肤,这岁数这状态绝了,0,该用户是在惊叹主播展示的产品效果或状态非常出色，隐含对产品的认可和潜在购买兴趣。,27914,"[""沐浴露推荐味道"", ""孕妇能用吗孕妇能用吗孕妇能用吗孕妇能用吗"", ""精华液一起用吗"", ""我拍了,订单显示5片"", ""已经买了咋办""]"
douyin-train-019515,douyin,train,19515,weixue0806,美容护肤,油哺乳期可以用吗,1,该用户是在询问这款精华油产品是否适合哺乳期的妈妈使用。,27921,"[""油敷面膜讲一下[比心][比心]"", ""和其它面膜交替用可以吗"", ""哪个美白效果最好啊"", ""补水面膜哪款雪拍了我要睡觉了[看][看][看]"", ""粉底有没有推荐的??""]"
douyin-train-019644,douyin,train,19644,weixue0806,美容护肤,姐姐干皮妆前乳,1,该用户可能在询问主播推荐适合干性皮肤使用的妆前乳产品。,28100,"[""确认下下我拍的对不对"", ""没看到院线脱皮的那款面膜[捂脸]"", ""怎么去斑"", ""请问你的唇釉什么颜色"", ""哪个祛斑""]"
douyin-train-019668,douyin,train,19668,weixue0806,美容护肤,眼睫毛可以推荐一下吗姐姐[比心][比心][比心][比心][比心][比心][比心][比心],1,该用户想表达的含义是：希望主播推荐一款适合自己使用的睫毛产品。,28131,"[""这个美白面膜和油怎么用啊"", ""小气泡洗面奶"", ""沐浴露推荐什么味道"", ""14号是几盒"", ""极光四季精华面霜还有吗?""]"
douyin-train-019699,douyin,train,19699,weixue0806,美容护肤,发晒防晒,0,该用户想表达的含义是：催促主播尽快上架或介绍防晒产品。,28179,"[""我在等"", ""这个美白面膜和油怎么一起用啊"", ""沐浴露沐浴乳沐浴乳沐浴露沐浴乳沐浴露沐浴乳沐浴露沐浴乳沐浴露沐浴乳沐浴露沐浴乳"", ""是5片"", ""不出门在家需要防晒吗""]"
douyin-train-019791,douyin,train,19791,weixue0806,美容护肤,眼袋怎么办呀,0,该用户想询问直播间是否有针对改善眼袋问题的产品或解决方案。,28318,"[""kk勒"", ""2号链接可以讲一下吗?"", ""5号链接看看吧"", ""敷了完要洗吗"", ""怎么用啊啊啊啊啊啊啊啊""]"
douyin-train-019906,douyin,train,19906,weixue0806,美容护肤,精华怎么用啊.......????????,1,该用户可能是在询问某款精华产品的具体使用方法，表现出对产品的兴趣和潜在的购买意向。,28479,"[""有人用过吗?面膜效果好吗"", ""拍好了"", ""面膜收缩毛孔的有没有"", ""姐姐,法令纹用哪种啊"", ""皮肤干爱冒油""]"
douyin-train-019908,douyin,train,19908,weixue0806,美容护肤,补水面膜拍哪款,1,该用户想询问主播推荐哪一款补水面膜产品适合购买。,28483,"[""皮肤干爱冒油"", ""精华怎么用啊.......????????"", ""BE油还上不"", ""防晒上一下[比心][比心][比心][比心][比心]"", ""6号链接面膜是不是不用洗""]"
douyin-train-019916,douyin,train,19916,weixue0806,美容护肤,美白祛斑面膜怎么用,1,该用户想表达的含义是：询问美白祛斑面膜的使用方法，可能对产品功效感兴趣并考虑购买。,28497,"[""这个貔貅什么牌子的"", ""需要胶原灌注面膜"", ""在喝奶盖四季春吗[看][看][看][看][看]"", ""祛斑的有不"", ""油霜!!""]"
douyin-train-019924,douyin,train,19924,weixue0806,美容护肤,补水面膜补水面膜,1,该用户可能是急切询问或强调想要了解当前直播中介绍的补水面膜产品信息。,28508,"[""眼袋有啥绝招??????????"", ""讲一下三号链接呗"", ""脸太油了"", ""面霜面霜面霜"", ""1号怎么用啊""]"
douyin-train-019929,douyin,train,19929,weixue0806,美容护肤,求购胶原蛋白灌注面膜,1,该用户是在明确询问直播间是否有售卖胶原蛋白灌注面膜这款产品，并表现出强烈的购买意向。,28515,"[""@晓***不想就不接"", ""身体乳哪个香味好?"", ""班怎么去掉?"", ""隔几天用"", ""法令纹深""]"
douyin-train-019979,douyin,train,19979,weixue0806,美容护肤,皮肤亮度怎么提升,0,该用户想询问如何通过产品改善面部肌肤的光泽度。,28580,"[""貔貅什么牌子的宝贝"", ""讨厌你"", ""眼皮底下有粒粒用什么好?"", ""14号面膜可以讲讲吗"", ""大师怎么敷""]"
douyin-train-020167,douyin,train,20167,weixue0806,美容护肤,你口红几号链接,1,该用户想询问主播口红的购买链接编号以便下单。,28853,"[""耳环是什么牌子的"", ""身体内服喝啥啊?"", ""鱼尾纹用哪个"", ""姐姐,眼睛怎么保持清澈干净呢姐姐,眼睛怎么保持清澈干净呢"", ""有防晒介绍么""]"
douyin-train-020180,douyin,train,20180,weixue0806,美容护肤,9号链接,1,该用户想询问9号链接对应的具体产品信息或购买方式。,28870,"[""颈霜颈霜颈霜颈霜"", ""面膜能天天敷吗"", ""身体美白可以内服什么"", ""胶原蛋白喝完几支有效果"", ""内服的产品那个靠谱点""]"
douyin-train-020184,douyin,train,20184,weixue0806,美容护肤,"3号链接可以讲一下吗,第一次买",1,该用户对3号链接的产品产生了兴趣，希望主播详细介绍以便首次购买时做出决策。,28876,"[""一号有几张面膜"", ""面膜敷了,脸上痒痒的"", ""看看七号面霜"", ""水光肌面膜"", ""内服有推荐吗""]"
douyin-train-020189,douyin,train,20189,weixue0806,美容护肤,"今天晚上收到防晒,太好用了[赞]",0,该用户想表达的含义是：对刚收到的防晒产品使用效果非常满意并给予积极评价。,28882,"[""内服吃什么?"", ""身体美白,内服有推荐吗,姐姐"", ""防晒用了脸干[捂脸]"", ""油之前需要涂水吗"", ""美白面膜的流程""]"
douyin-train-020210,douyin,train,20210,weixue0806,美容护肤,皮肤黄适合用什么产品推荐一下呢,1,该用户想表达的含义是：希望主播能根据自己肤色偏黄的特点推荐合适的美白或提亮产品。,28909,"[""身体乳哪个好闻呀"", ""卸妆的产品有吗"", ""精华,面膜一起用??!?"", ""美白面膜孕妇可以使用吗?"", ""有祛斑的""]"
douyin-train-020216,douyin,train,20216,weixue0806,美容护肤,189包括几片面膜,1,该用户想询问面膜产品的具体规格和性价比，以评估是否值得购买。,28917,"[""有法令纹"", ""姐妹,我和婆婆吵架了,还住在一个屋檐下,如果是你,你会怎么做"", ""脸上不光滑,有颗粒怎么搞"", ""颈霜颈霜颈霜颈霜颈霜颈霜颈霜颈霜颈霜颈霜颈霜颈霜颈霜"", ""泪沟凹陷怎么办""]"
douyin-train-020371,douyin,train,20371,weixue0806,美容护肤,韦雪的商品橱窗店是你的吗?韦雪的商品橱窗店是你的吗?韦雪的商品橱窗店是你的吗?,0,该用户可能在确认主播与商品橱窗的归属关系，试图核实商品来源的真实性或主播的带货身份。,29131,"[""用完油还要用水乳吗"", ""你的项链好看"", ""敷完还用护肤吗"", ""16号可以说一下吗"", ""666666666666666等好久了""]"
douyin-train-020459,douyin,train,20459,weixue0806,美容护肤,功效眼膜有浮动吗?,1,该用户是在询问功效眼膜的价格是否有优惠或折扣。,29245,"[""ok,已拍"", ""已拍身体乳[比心]"", ""讲一下七号链接"", ""仿生皮面膜有什么嘛?"", ""一片就有效果么""]"
douyin-train-020515,douyin,train,20515,weixue0806,美容护肤,已拍送口红,0,该用户想表达的含义是：我已经下单购买了产品，请问是否会赠送口红作为赠品。,29327,"[""讲一下二号怎么用"", ""美白内服我推荐吗?"", ""摸得这个唇膏是几号???????"", ""18号链接说一下[捂脸]"", ""身体美白,内服有推荐吗,姐姐[比心]""]"
douyin-train-020549,douyin,train,20549,weixue0806,美容护肤,每天几点直播?,0,该用户想了解直播间的固定开播时间以便后续持续关注或参与购买。,29376,"[""美白的推荐下"", ""666666号讲下呗等好久了[爱心]"", ""拍了美白祛斑面膜和大师面膜,可以插着用吗?"", ""想防嗮"", ""用后要不要洗脸,可以直接睡觉吗""]"
douyin-train-020594,douyin,train,20594,weixue0806,美容护肤,面霜用多久有效果,1,该用户想了解这款面霜需要持续使用多长时间才能看到明显的护肤效果。,29448,"[""拍了拍了"", ""抗皱的呢"", ""胶原蛋白面膜是那个?"", ""姐瘦脸是光电好还是打针好"", ""我才来姐姐""]"
douyin-train-020616,douyin,train,20616,weixue0806,美容护肤,防晒讲下,1,该用户希望主播详细介绍当前推荐的防晒产品信息。,29481,"[""不磨皮皮肤怎么样[捂脸]"", ""晚上用还是白天用"", ""你太漂亮了"", ""眼睫毛是哪个"", ""大师面膜适合四十多岁用吗""]"
douyin-train-020625,douyin,train,20625,weixue0806,美容护肤,"姐姐,加班",0,该用户可能是想询问主播推荐适合加班族使用的护肤产品或解决方案。,29492,"[""祛痘产品有吗"", ""23号推荐一下"", ""脖子上带的什么"", ""护发产品有没有"", ""66666号""]"
douyin-train-020688,douyin,train,20688,weixue0806,美容护肤,无条件信任你,0,该用户想表达的含义是：我只信赖你推荐的产品并愿意直接购买。,29583,"[""睫毛膏是什么?"", ""你每天敷的不一样的面膜啊?"", ""卸妆说一下"", ""链接1孕妇可以吗"", ""快十二点了下播吧[看][看][看][看]""]"
douyin-train-020703,douyin,train,20703,weixue0806,美容护肤,我想要胶原蛋白面膜,1,该用户希望通过直播推荐或购买胶原蛋白面膜产品。,29607,"[""哪个全平台断货啊?"", ""黑眼圈[捂脸]"", ""唇周黑怎么办"", ""我的皮肤特干"", ""姐姐,卸妆膏讲一下可以吗""]"
douyin-train-020938,douyin,train,20938,weixue0806,美容护肤,姐怎么身体美白,0,该用户想询问主播推荐的身体美白产品或方法。,29925,"[""主播用什么唇膏呢"", ""孕妇可以用吧"", ""什么时候出效果?"", ""链接显示5片没关系吧?"", ""美白抗皱的?我20岁能用吗一号链接我拍了[捂脸]""]"
douyin-train-021006,douyin,train,21006,weixue0806,美容护肤,第一次来,0,该用户可能是刚进入直播间的新观众，想表达自己初次参与直播的陌生感或寻求互动引导。,30019,"[""你脖子带那个是什么,我要你那个"", ""6号讲讲吧[666][666][666][666][666][666]"", ""是不是还可以抗皱紧致"", ""美白的还有别的产品吗"", ""上一下2号链接222222222222222222222222222222222222222""]"
douyin-train-021043,douyin,train,21043,weixue0806,美容护肤,脸颊有粉刺痘痘用什么呢,1,该用户想表达的含义是：咨询适合粉刺痘痘肌使用的产品推荐。,30073,"[""胶原蛋白面膜胶原蛋白面膜胶原蛋白面膜胶原蛋白面膜胶原蛋白面膜"", ""八号链接多少钱"", ""6号讲讲吧[666][666][666][666]"", ""要防脱发的,要防脱发的,要防脱发的要防脱发的,要防脱发的,要防脱发的"", ""姐姐有没有好用的脱毛仪""]"
douyin-train-021044,douyin,train,21044,weixue0806,美容护肤,1号链接显示5片,0,该用户可能在确认或质疑商品详情页显示的面膜片数与实际描述是否一致。,30074,"[""八号链接多少钱"", ""6号讲讲吧[666][666][666][666]"", ""要防脱发的,要防脱发的,要防脱发的要防脱发的,要防脱发的,要防脱发的"", ""姐姐有没有好用的脱毛仪"", ""脸颊有粉刺痘痘用什么呢""]"
douyin-train-021089,douyin,train,21089,weixue0806,美容护肤,这都可以,0,该用户可能是在惊讶或调侃直播中展示的产品功能或效果超出了预期。,30134,"[""胶原蛋白面膜胶原蛋白面膜胶原蛋白面膜胶原蛋白面膜胶原蛋白面膜胶原蛋白面膜"", ""2号链接讲解一下"", ""为什么买的写的是5片面膜[捂脸][捂脸][捂脸][捂脸]"", ""想!!!"", ""胳膊胖""]"
douyin-train-021128,douyin,train,21128,weixue0806,美容护肤,没有啦,1,该用户想表达的含义是：商品已经售罄或无法购买。,30188,"[""新疆拍不了"", ""妈呀,终于抢到"", ""备孕可以用吗"", ""怎么不理人"", ""上限了呢""]"
douyin-train-021130,douyin,train,21130,weixue0806,美容护肤,"这么便宜,成本多低质量真的好?",0,该用户可能对产品的低价产生疑虑，怀疑价格低廉是否意味着质量不佳，但同时又对产品效果抱有期待，希望通过询问确认性价比是否合理。,30190,"[""备孕可以用吗"", ""怎么不理人"", ""上限了呢"", ""没有啦"", ""又没了""]"
douyin-train-021145,douyin,train,21145,weixue0806,美容护肤,你好多号播啊,0,该用户可能是在疑惑或调侃主播同时使用多个账号进行直播，觉得这种现象有些异常或有趣。,30211,"[""再来呗"", ""雪,你知道润美迪欧么?雪,你知道润美迪欧么?"", ""有去斑的吗"", ""上点吧"", ""明天晚上""]"
